ISO-10303-21;
HEADER;
/* Generated by software containing ST-Developer
 * from STEP Tools, Inc. (www.steptools.com) 
 */
/* OPTION: using custom schema-name function */

FILE_DESCRIPTION(
/* description */ (''),
/* implementation_level */ '2;1');

FILE_NAME(
/* name */ '\X2\9540819C673A\X0\20260721-1931',
/* time_stamp */ '2026-07-21T19:31:37+08:00',
/* author */ (''),
/* organization */ (''),
/* preprocessor_version */ 'ST-DEVELOPER v16.5',
/* originating_system */ 'Rhino 7.13',
/* authorisation */ '');

FILE_SCHEMA (('CONFIG_CONTROL_DESIGN'));
ENDSEC;

DATA;
#10=GEOMETRIC_CURVE_SET('curve_set_0',(#328));
#11=GEOMETRICALLY_BOUNDED_WIREFRAME_SHAPE_REPRESENTATION(
'wireframe_rep_0',(#10,#8506),#7927);
#12=SHAPE_REPRESENTATION_RELATIONSHIP('','',#541,#7928);
#13=SHAPE_REPRESENTATION_RELATIONSHIP('','',#22,#7928);
#14=SHAPE_REPRESENTATION_RELATIONSHIP('','',#7928,#11);
#15=SHAPE_REPRESENTATION_RELATIONSHIP('','',#7928,#540);
#16=B_SPLINE_SURFACE_WITH_KNOTS('',1,1,((#13281,#13282),(#13283,#13284)),
 .UNSPECIFIED.,.F.,.F.,.F.,(2,2),(2,2),(-1.457203311799,14.8292364297865),
(-4.12,44.12),.UNSPECIFIED.);
#17=SHELL_BASED_SURFACE_MODEL('\X2\5B9E4F53\X0\1',(#23));
#18=SHELL_BASED_SURFACE_MODEL('\X2\5B9E4F53\X0\2',(#24));
#19=SHELL_BASED_SURFACE_MODEL('\X2\5B9E4F53\X0\3',(#25));
#20=SHELL_BASED_SURFACE_MODEL('\X2\5B9E4F53\X0\4',(#26));
#21=SHELL_BASED_SURFACE_MODEL('\X2\5B9E4F53\X0\5',(#27));
#22=MANIFOLD_SURFACE_SHAPE_REPRESENTATION('shell_rep_0',(#17,#18,#19,#20,
#21,#7929),#7927);
#23=OPEN_SHELL('',(#1114,#1115));
#24=OPEN_SHELL('',(#1116,#1117,#1118,#1119,#1120,#1121,#1122,#1123,#1124,
#1125,#1126,#1127,#1128,#1129,#1130,#1131,#1132,#1133));
#25=OPEN_SHELL('',(#1134,#1135,#1136,#1137,#1138,#1139,#1140,#1141,#1142,
#1143,#1144,#1145,#1146,#1147,#1148,#1149,#1150,#1151,#1152,#1153,#1154,
#1155,#1156,#1157,#1158,#1159,#1160,#1161,#1162,#1163,#1164,#1165,#1166,
#1167));
#26=OPEN_SHELL('',(#1168,#1169,#1170));
#27=OPEN_SHELL('',(#1171,#1172,#1173,#1174,#1175,#1176,#1177,#1178,#1179,
#1180,#1181,#1182,#1183,#1184,#1185));
#28=FACE_BOUND('',#2103,.T.);
#29=FACE_BOUND('',#2105,.T.);
#30=FACE_BOUND('',#2145,.T.);
#31=FACE_BOUND('',#2147,.T.);
#32=(
BOUNDED_CURVE()
B_SPLINE_CURVE(2,(#10261,#10262,#10263,#10264,#10265),.UNSPECIFIED.,.F.,
 .F.)
B_SPLINE_CURVE_WITH_KNOTS((3,2,3),(-35637.8201937234,-33108.14694502,-30578.4736963166),
 .UNSPECIFIED.)
CURVE()
GEOMETRIC_REPRESENTATION_ITEM()
RATIONAL_B_SPLINE_CURVE((1.,0.707106778512605,1.,0.707106778512605,1.))
REPRESENTATION_ITEM('')
);
#33=(
BOUNDED_CURVE()
B_SPLINE_CURVE(2,(#10266,#10267,#10268,#10269,#10270),.UNSPECIFIED.,.F.,
 .F.)
B_SPLINE_CURVE_WITH_KNOTS((3,2,3),(-35637.8201937234,-33108.14694502,-30578.4736963166),
 .UNSPECIFIED.)
CURVE()
GEOMETRIC_REPRESENTATION_ITEM()
RATIONAL_B_SPLINE_CURVE((1.,0.707106778512605,1.,0.707106778512605,1.))
REPRESENTATION_ITEM('')
);
#34=(
BOUNDED_CURVE()
B_SPLINE_CURVE(2,(#10555,#10556,#10557,#10558,#10559),.UNSPECIFIED.,.F.,
 .F.)
B_SPLINE_CURVE_WITH_KNOTS((3,2,3),(0.,0.5,1.),.UNSPECIFIED.)
CURVE()
GEOMETRIC_REPRESENTATION_ITEM()
RATIONAL_B_SPLINE_CURVE((1.,0.9238795325112,1.,0.9238795325112,1.))
REPRESENTATION_ITEM('')
);
#35=(
BOUNDED_CURVE()
B_SPLINE_CURVE(2,(#10560,#10561,#10562,#10563,#10564),.UNSPECIFIED.,.F.,
 .F.)
B_SPLINE_CURVE_WITH_KNOTS((3,2,3),(-1.,-0.5,0.),.UNSPECIFIED.)
CURVE()
GEOMETRIC_REPRESENTATION_ITEM()
RATIONAL_B_SPLINE_CURVE((1.,0.9238795325112,1.,0.9238795325112,1.))
REPRESENTATION_ITEM('')
);
#36=(
BOUNDED_CURVE()
B_SPLINE_CURVE(2,(#10565,#10566,#10567,#10568,#10569),.UNSPECIFIED.,.F.,
 .F.)
B_SPLINE_CURVE_WITH_KNOTS((3,2,3),(0.,0.5,1.),.UNSPECIFIED.)
CURVE()
GEOMETRIC_REPRESENTATION_ITEM()
RATIONAL_B_SPLINE_CURVE((1.,0.923879532509829,1.,0.923879532509829,1.))
REPRESENTATION_ITEM('')
);
#37=(
BOUNDED_CURVE()
B_SPLINE_CURVE(2,(#10570,#10571,#10572,#10573,#10574),.UNSPECIFIED.,.F.,
 .F.)
B_SPLINE_CURVE_WITH_KNOTS((3,2,3),(-1.,-0.5,0.),.UNSPECIFIED.)
CURVE()
GEOMETRIC_REPRESENTATION_ITEM()
RATIONAL_B_SPLINE_CURVE((1.,0.923879532509829,1.,0.923879532509829,1.))
REPRESENTATION_ITEM('')
);
#38=(
BOUNDED_CURVE()
B_SPLINE_CURVE(2,(#10575,#10576,#10577,#10578,#10579),.UNSPECIFIED.,.F.,
 .F.)
B_SPLINE_CURVE_WITH_KNOTS((3,2,3),(0.,0.5,1.),.UNSPECIFIED.)
CURVE()
GEOMETRIC_REPRESENTATION_ITEM()
RATIONAL_B_SPLINE_CURVE((1.,0.9238795325122,1.,0.9238795325122,1.))
REPRESENTATION_ITEM('')
);
#39=(
BOUNDED_CURVE()
B_SPLINE_CURVE(2,(#10580,#10581,#10582,#10583,#10584),.UNSPECIFIED.,.F.,
 .F.)
B_SPLINE_CURVE_WITH_KNOTS((3,2,3),(-1.,-0.5,0.),.UNSPECIFIED.)
CURVE()
GEOMETRIC_REPRESENTATION_ITEM()
RATIONAL_B_SPLINE_CURVE((1.,0.9238795325122,1.,0.9238795325122,1.))
REPRESENTATION_ITEM('')
);
#40=(
BOUNDED_CURVE()
B_SPLINE_CURVE(2,(#10585,#10586,#10587,#10588,#10589),.UNSPECIFIED.,.F.,
 .F.)
B_SPLINE_CURVE_WITH_KNOTS((3,2,3),(0.,0.5,1.),.UNSPECIFIED.)
CURVE()
GEOMETRIC_REPRESENTATION_ITEM()
RATIONAL_B_SPLINE_CURVE((1.,0.923879532510775,1.,0.923879532510775,1.))
REPRESENTATION_ITEM('')
);
#41=(
BOUNDED_CURVE()
B_SPLINE_CURVE(2,(#10590,#10591,#10592,#10593,#10594),.UNSPECIFIED.,.F.,
 .F.)
B_SPLINE_CURVE_WITH_KNOTS((3,2,3),(-1.,-0.5,0.),.UNSPECIFIED.)
CURVE()
GEOMETRIC_REPRESENTATION_ITEM()
RATIONAL_B_SPLINE_CURVE((1.,0.923879532510775,1.,0.923879532510775,1.))
REPRESENTATION_ITEM('')
);
#42=(
BOUNDED_CURVE()
B_SPLINE_CURVE(2,(#10595,#10596,#10597,#10598,#10599),.UNSPECIFIED.,.F.,
 .F.)
B_SPLINE_CURVE_WITH_KNOTS((3,2,3),(0.,0.5,1.),.UNSPECIFIED.)
CURVE()
GEOMETRIC_REPRESENTATION_ITEM()
RATIONAL_B_SPLINE_CURVE((1.,0.923879532512162,1.,0.923879532512162,1.))
REPRESENTATION_ITEM('')
);
#43=(
BOUNDED_CURVE()
B_SPLINE_CURVE(2,(#10600,#10601,#10602,#10603,#10604),.UNSPECIFIED.,.F.,
 .F.)
B_SPLINE_CURVE_WITH_KNOTS((3,2,3),(-1.,-0.5,0.),.UNSPECIFIED.)
CURVE()
GEOMETRIC_REPRESENTATION_ITEM()
RATIONAL_B_SPLINE_CURVE((1.,0.923879532512162,1.,0.923879532512162,1.))
REPRESENTATION_ITEM('')
);
#44=(
BOUNDED_CURVE()
B_SPLINE_CURVE(2,(#10605,#10606,#10607,#10608,#10609),.UNSPECIFIED.,.F.,
 .F.)
B_SPLINE_CURVE_WITH_KNOTS((3,2,3),(0.,0.5,1.),.UNSPECIFIED.)
CURVE()
GEOMETRIC_REPRESENTATION_ITEM()
RATIONAL_B_SPLINE_CURVE((1.,0.923879532511069,1.,0.923879532511069,1.))
REPRESENTATION_ITEM('')
);
#45=(
BOUNDED_CURVE()
B_SPLINE_CURVE(2,(#10610,#10611,#10612,#10613,#10614),.UNSPECIFIED.,.F.,
 .F.)
B_SPLINE_CURVE_WITH_KNOTS((3,2,3),(-1.,-0.5,0.),.UNSPECIFIED.)
CURVE()
GEOMETRIC_REPRESENTATION_ITEM()
RATIONAL_B_SPLINE_CURVE((1.,0.923879532511069,1.,0.923879532511069,1.))
REPRESENTATION_ITEM('')
);
#46=(
BOUNDED_CURVE()
B_SPLINE_CURVE(2,(#10615,#10616,#10617,#10618,#10619),.UNSPECIFIED.,.F.,
 .F.)
B_SPLINE_CURVE_WITH_KNOTS((3,2,3),(0.,0.5,1.),.UNSPECIFIED.)
CURVE()
GEOMETRIC_REPRESENTATION_ITEM()
RATIONAL_B_SPLINE_CURVE((1.,0.923879532511417,1.,0.923879532511417,1.))
REPRESENTATION_ITEM('')
);
#47=(
BOUNDED_CURVE()
B_SPLINE_CURVE(2,(#10620,#10621,#10622,#10623,#10624),.UNSPECIFIED.,.F.,
 .F.)
B_SPLINE_CURVE_WITH_KNOTS((3,2,3),(-1.,-0.5,0.),.UNSPECIFIED.)
CURVE()
GEOMETRIC_REPRESENTATION_ITEM()
RATIONAL_B_SPLINE_CURVE((1.,0.923879532511417,1.,0.923879532511417,1.))
REPRESENTATION_ITEM('')
);
#48=(
BOUNDED_CURVE()
B_SPLINE_CURVE(2,(#10625,#10626,#10627,#10628,#10629),.UNSPECIFIED.,.F.,
 .F.)
B_SPLINE_CURVE_WITH_KNOTS((3,2,3),(0.,0.5,1.),.UNSPECIFIED.)
CURVE()
GEOMETRIC_REPRESENTATION_ITEM()
RATIONAL_B_SPLINE_CURVE((1.,0.923879532511287,1.,0.923879532511287,1.))
REPRESENTATION_ITEM('')
);
#49=(
BOUNDED_CURVE()
B_SPLINE_CURVE(2,(#10630,#10631,#10632,#10633,#10634),.UNSPECIFIED.,.F.,
 .F.)
B_SPLINE_CURVE_WITH_KNOTS((3,2,3),(-1.,-0.5,0.),.UNSPECIFIED.)
CURVE()
GEOMETRIC_REPRESENTATION_ITEM()
RATIONAL_B_SPLINE_CURVE((1.,0.923879532511287,1.,0.923879532511287,1.))
REPRESENTATION_ITEM('')
);
#50=(
BOUNDED_CURVE()
B_SPLINE_CURVE(2,(#10635,#10636,#10637,#10638,#10639),.UNSPECIFIED.,.F.,
 .F.)
B_SPLINE_CURVE_WITH_KNOTS((3,2,3),(0.,0.5,1.),.UNSPECIFIED.)
CURVE()
GEOMETRIC_REPRESENTATION_ITEM()
RATIONAL_B_SPLINE_CURVE((1.,0.923879532511591,1.,0.923879532511591,1.))
REPRESENTATION_ITEM('')
);
#51=(
BOUNDED_CURVE()
B_SPLINE_CURVE(2,(#10640,#10641,#10642,#10643,#10644),.UNSPECIFIED.,.F.,
 .F.)
B_SPLINE_CURVE_WITH_KNOTS((3,2,3),(-1.,-0.5,0.),.UNSPECIFIED.)
CURVE()
GEOMETRIC_REPRESENTATION_ITEM()
RATIONAL_B_SPLINE_CURVE((1.,0.923879532511591,1.,0.923879532511591,1.))
REPRESENTATION_ITEM('')
);
#52=(
BOUNDED_CURVE()
B_SPLINE_CURVE(2,(#10645,#10646,#10647,#10648,#10649),.UNSPECIFIED.,.F.,
 .F.)
B_SPLINE_CURVE_WITH_KNOTS((3,2,3),(0.,0.5,1.),.UNSPECIFIED.)
CURVE()
GEOMETRIC_REPRESENTATION_ITEM()
RATIONAL_B_SPLINE_CURVE((1.,0.923879532510808,1.,0.923879532510808,1.))
REPRESENTATION_ITEM('')
);
#53=(
BOUNDED_CURVE()
B_SPLINE_CURVE(2,(#10650,#10651,#10652,#10653,#10654),.UNSPECIFIED.,.F.,
 .F.)
B_SPLINE_CURVE_WITH_KNOTS((3,2,3),(-1.,-0.5,0.),.UNSPECIFIED.)
CURVE()
GEOMETRIC_REPRESENTATION_ITEM()
RATIONAL_B_SPLINE_CURVE((1.,0.923879532510808,1.,0.923879532510808,1.))
REPRESENTATION_ITEM('')
);
#54=(
BOUNDED_CURVE()
B_SPLINE_CURVE(2,(#10655,#10656,#10657,#10658,#10659),.UNSPECIFIED.,.F.,
 .F.)
B_SPLINE_CURVE_WITH_KNOTS((3,2,3),(0.,0.5,1.),.UNSPECIFIED.)
CURVE()
GEOMETRIC_REPRESENTATION_ITEM()
RATIONAL_B_SPLINE_CURVE((1.,0.923879532512897,1.,0.923879532512897,1.))
REPRESENTATION_ITEM('')
);
#55=(
BOUNDED_CURVE()
B_SPLINE_CURVE(2,(#10660,#10661,#10662,#10663,#10664),.UNSPECIFIED.,.F.,
 .F.)
B_SPLINE_CURVE_WITH_KNOTS((3,2,3),(-1.,-0.5,0.),.UNSPECIFIED.)
CURVE()
GEOMETRIC_REPRESENTATION_ITEM()
RATIONAL_B_SPLINE_CURVE((1.,0.923879532512897,1.,0.923879532512897,1.))
REPRESENTATION_ITEM('')
);
#56=(
BOUNDED_CURVE()
B_SPLINE_CURVE(2,(#10665,#10666,#10667,#10668,#10669),.UNSPECIFIED.,.F.,
 .F.)
B_SPLINE_CURVE_WITH_KNOTS((3,2,3),(0.,0.5,1.),.UNSPECIFIED.)
CURVE()
GEOMETRIC_REPRESENTATION_ITEM()
RATIONAL_B_SPLINE_CURVE((1.,0.923879532511417,1.,0.923879532511417,1.))
REPRESENTATION_ITEM('')
);
#57=(
BOUNDED_CURVE()
B_SPLINE_CURVE(2,(#10670,#10671,#10672,#10673,#10674),.UNSPECIFIED.,.F.,
 .F.)
B_SPLINE_CURVE_WITH_KNOTS((3,2,3),(-1.,-0.5,0.),.UNSPECIFIED.)
CURVE()
GEOMETRIC_REPRESENTATION_ITEM()
RATIONAL_B_SPLINE_CURVE((1.,0.923879532511417,1.,0.923879532511417,1.))
REPRESENTATION_ITEM('')
);
#58=(
BOUNDED_CURVE()
B_SPLINE_CURVE(2,(#10675,#10676,#10677,#10678,#10679),.UNSPECIFIED.,.F.,
 .F.)
B_SPLINE_CURVE_WITH_KNOTS((3,2,3),(0.,0.5,1.),.UNSPECIFIED.)
CURVE()
GEOMETRIC_REPRESENTATION_ITEM()
RATIONAL_B_SPLINE_CURVE((1.,0.923879532511635,1.,0.923879532511635,1.))
REPRESENTATION_ITEM('')
);
#59=(
BOUNDED_CURVE()
B_SPLINE_CURVE(2,(#10680,#10681,#10682,#10683,#10684),.UNSPECIFIED.,.F.,
 .F.)
B_SPLINE_CURVE_WITH_KNOTS((3,2,3),(-1.,-0.5,0.),.UNSPECIFIED.)
CURVE()
GEOMETRIC_REPRESENTATION_ITEM()
RATIONAL_B_SPLINE_CURVE((1.,0.923879532511635,1.,0.923879532511635,1.))
REPRESENTATION_ITEM('')
);
#60=(
BOUNDED_CURVE()
B_SPLINE_CURVE(2,(#10685,#10686,#10687,#10688,#10689),.UNSPECIFIED.,.F.,
 .F.)
B_SPLINE_CURVE_WITH_KNOTS((3,2,3),(0.,0.5,1.),.UNSPECIFIED.)
CURVE()
GEOMETRIC_REPRESENTATION_ITEM()
RATIONAL_B_SPLINE_CURVE((1.,0.923879532510678,1.,0.923879532510678,1.))
REPRESENTATION_ITEM('')
);
#61=(
BOUNDED_CURVE()
B_SPLINE_CURVE(2,(#10690,#10691,#10692,#10693,#10694),.UNSPECIFIED.,.F.,
 .F.)
B_SPLINE_CURVE_WITH_KNOTS((3,2,3),(-1.,-0.5,0.),.UNSPECIFIED.)
CURVE()
GEOMETRIC_REPRESENTATION_ITEM()
RATIONAL_B_SPLINE_CURVE((1.,0.923879532510678,1.,0.923879532510678,1.))
REPRESENTATION_ITEM('')
);
#62=(
BOUNDED_CURVE()
B_SPLINE_CURVE(2,(#10695,#10696,#10697,#10698,#10699),.UNSPECIFIED.,.F.,
 .F.)
B_SPLINE_CURVE_WITH_KNOTS((3,2,3),(0.,0.5,1.),.UNSPECIFIED.)
CURVE()
GEOMETRIC_REPRESENTATION_ITEM()
RATIONAL_B_SPLINE_CURVE((1.,0.923879532511809,1.,0.923879532511809,1.))
REPRESENTATION_ITEM('')
);
#63=(
BOUNDED_CURVE()
B_SPLINE_CURVE(2,(#10700,#10701,#10702,#10703,#10704),.UNSPECIFIED.,.F.,
 .F.)
B_SPLINE_CURVE_WITH_KNOTS((3,2,3),(-1.,-0.5,0.),.UNSPECIFIED.)
CURVE()
GEOMETRIC_REPRESENTATION_ITEM()
RATIONAL_B_SPLINE_CURVE((1.,0.923879532511809,1.,0.923879532511809,1.))
REPRESENTATION_ITEM('')
);
#64=(
BOUNDED_CURVE()
B_SPLINE_CURVE(2,(#10705,#10706,#10707,#10708,#10709),.UNSPECIFIED.,.F.,
 .F.)
B_SPLINE_CURVE_WITH_KNOTS((3,2,3),(0.,0.5,1.),.UNSPECIFIED.)
CURVE()
GEOMETRIC_REPRESENTATION_ITEM()
RATIONAL_B_SPLINE_CURVE((1.,0.923879532510373,1.,0.923879532510373,1.))
REPRESENTATION_ITEM('')
);
#65=(
BOUNDED_CURVE()
B_SPLINE_CURVE(2,(#10710,#10711,#10712,#10713,#10714),.UNSPECIFIED.,.F.,
 .F.)
B_SPLINE_CURVE_WITH_KNOTS((3,2,3),(-1.,-0.5,0.),.UNSPECIFIED.)
CURVE()
GEOMETRIC_REPRESENTATION_ITEM()
RATIONAL_B_SPLINE_CURVE((1.,0.923879532510373,1.,0.923879532510373,1.))
REPRESENTATION_ITEM('')
);
#66=(
BOUNDED_CURVE()
B_SPLINE_CURVE(1,(#10715,#10716),.UNSPECIFIED.,.F.,.F.)
B_SPLINE_CURVE_WITH_KNOTS((2,2),(0.,1.),.UNSPECIFIED.)
CURVE()
GEOMETRIC_REPRESENTATION_ITEM()
RATIONAL_B_SPLINE_CURVE((1.,1.))
REPRESENTATION_ITEM('')
);
#67=(
BOUNDED_CURVE()
B_SPLINE_CURVE(3,(#10717,#10718,#10719,#10720,#10721,#10722,#10723,#10724,
#10725,#10726,#10727,#10728,#10729,#10730,#10731,#10732,#10733,#10734,#10735,
#10736,#10737,#10738,#10739,#10740,#10741,#10742,#10743,#10744,#10745,#10746,
#10747),.UNSPECIFIED.,.F.,.F.)
B_SPLINE_CURVE_WITH_KNOTS((4,3,3,3,3,3,3,3,3,3,4),(-35637.8201937234,-35005.4018815476,
-34689.1927254596,-34372.9835693717,-33740.5652571958,-33108.14694502,-32475.7286328441,
-31843.3103206683,-31527.1011645804,-31210.8920084924,-30578.4736963166),
 .UNSPECIFIED.)
CURVE()
GEOMETRIC_REPRESENTATION_ITEM()
RATIONAL_B_SPLINE_CURVE((1.,0.951184463085433,0.91457281039951,0.890165041942227,
0.877961157713586,0.868808244542104,0.862706302427783,0.856604360313462,
0.853553389256302,0.853553389256302,0.853553389256302,0.865757273484944,
0.890165041942227,0.91457281039951,0.951184463085434,1.,0.951184463085434,
0.91457281039951,0.890165041942227,0.865757273484944,0.853553389256303,
0.853553389256302,0.853553389256302,0.856604360313463,0.862706302427783,
0.868808244542104,0.877961157713585,0.890165041942227,0.91457281039951,
0.951184463085434,1.))
REPRESENTATION_ITEM('')
);
#68=(
BOUNDED_CURVE()
B_SPLINE_CURVE(1,(#10748,#10749),.UNSPECIFIED.,.F.,.F.)
B_SPLINE_CURVE_WITH_KNOTS((2,2),(-1.,0.),.UNSPECIFIED.)
CURVE()
GEOMETRIC_REPRESENTATION_ITEM()
RATIONAL_B_SPLINE_CURVE((1.,1.))
REPRESENTATION_ITEM('')
);
#69=(
BOUNDED_CURVE()
B_SPLINE_CURVE(3,(#11082,#11083,#11084,#11085,#11086,#11087,#11088,#11089,
#11090,#11091,#11092,#11093,#11094,#11095,#11096),.UNSPECIFIED.,.F.,.F.)
B_SPLINE_CURVE_WITH_KNOTS((4,1,1,1,1,3,1,1,1,1,4),(-35637.8201937234,-35005.4018815476,
-34689.1927254596,-34372.9835693717,-33740.5652571958,-33108.14694502,-32475.7286328441,
-31843.3103206683,-31527.1011645804,-31210.8920084924,-30578.4736963166),
 .UNSPECIFIED.)
CURVE()
GEOMETRIC_REPRESENTATION_ITEM()
RATIONAL_B_SPLINE_CURVE((1.,0.951184463085433,0.896266984056548,0.859655331370623,
0.847451447141982,0.877961157713585,0.951184463085434,1.,0.951184463085434,
0.877961157713586,0.847451447141982,0.859655331370623,0.896266984056547,
0.951184463085434,1.))
REPRESENTATION_ITEM('')
);
#70=(
BOUNDED_CURVE()
B_SPLINE_CURVE(2,(#11111,#11112,#11113),.UNSPECIFIED.,.F.,.F.)
B_SPLINE_CURVE_WITH_KNOTS((3,3),(0.,19.1763743582027),.UNSPECIFIED.)
CURVE()
GEOMETRIC_REPRESENTATION_ITEM()
RATIONAL_B_SPLINE_CURVE((1.,0.926864414036854,1.))
REPRESENTATION_ITEM('')
);
#71=(
BOUNDED_CURVE()
B_SPLINE_CURVE(2,(#11116,#11117,#11118),.UNSPECIFIED.,.F.,.F.)
B_SPLINE_CURVE_WITH_KNOTS((3,3),(0.,19.1763743582027),.UNSPECIFIED.)
CURVE()
GEOMETRIC_REPRESENTATION_ITEM()
RATIONAL_B_SPLINE_CURVE((1.,0.926864414036855,1.))
REPRESENTATION_ITEM('')
);
#72=(
BOUNDED_CURVE()
B_SPLINE_CURVE(2,(#11127,#11128,#11129),.UNSPECIFIED.,.F.,.F.)
B_SPLINE_CURVE_WITH_KNOTS((3,3),(-11.659675268206,0.),.UNSPECIFIED.)
CURVE()
GEOMETRIC_REPRESENTATION_ITEM()
RATIONAL_B_SPLINE_CURVE((1.,0.928697024593943,1.))
REPRESENTATION_ITEM('')
);
#73=(
BOUNDED_CURVE()
B_SPLINE_CURVE(2,(#11130,#11131,#11132),.UNSPECIFIED.,.F.,.F.)
B_SPLINE_CURVE_WITH_KNOTS((3,3),(-11.659675268206,0.),.UNSPECIFIED.)
CURVE()
GEOMETRIC_REPRESENTATION_ITEM()
RATIONAL_B_SPLINE_CURVE((1.,0.928697024593943,1.))
REPRESENTATION_ITEM('')
);
#74=(
BOUNDED_CURVE()
B_SPLINE_CURVE(2,(#11153,#11154,#11155),.UNSPECIFIED.,.F.,.F.)
B_SPLINE_CURVE_WITH_KNOTS((3,3),(0.,19.1763743582027),.UNSPECIFIED.)
CURVE()
GEOMETRIC_REPRESENTATION_ITEM()
RATIONAL_B_SPLINE_CURVE((1.,0.926864414036858,1.))
REPRESENTATION_ITEM('')
);
#75=(
BOUNDED_CURVE()
B_SPLINE_CURVE(2,(#11158,#11159,#11160),.UNSPECIFIED.,.F.,.F.)
B_SPLINE_CURVE_WITH_KNOTS((3,3),(0.,19.1763743582027),.UNSPECIFIED.)
CURVE()
GEOMETRIC_REPRESENTATION_ITEM()
RATIONAL_B_SPLINE_CURVE((1.,0.926864414036858,1.))
REPRESENTATION_ITEM('')
);
#76=(
BOUNDED_CURVE()
B_SPLINE_CURVE(2,(#11169,#11170,#11171),.UNSPECIFIED.,.F.,.F.)
B_SPLINE_CURVE_WITH_KNOTS((3,3),(-11.659675268206,0.),.UNSPECIFIED.)
CURVE()
GEOMETRIC_REPRESENTATION_ITEM()
RATIONAL_B_SPLINE_CURVE((1.,0.928697024593948,1.))
REPRESENTATION_ITEM('')
);
#77=(
BOUNDED_CURVE()
B_SPLINE_CURVE(2,(#11172,#11173,#11174),.UNSPECIFIED.,.F.,.F.)
B_SPLINE_CURVE_WITH_KNOTS((3,3),(-11.659675268206,0.),.UNSPECIFIED.)
CURVE()
GEOMETRIC_REPRESENTATION_ITEM()
RATIONAL_B_SPLINE_CURVE((1.,0.928697024593948,1.))
REPRESENTATION_ITEM('')
);
#78=(
BOUNDED_CURVE()
B_SPLINE_CURVE(2,(#11195,#11196,#11197),.UNSPECIFIED.,.F.,.F.)
B_SPLINE_CURVE_WITH_KNOTS((3,3),(0.,19.1763743582027),.UNSPECIFIED.)
CURVE()
GEOMETRIC_REPRESENTATION_ITEM()
RATIONAL_B_SPLINE_CURVE((1.,0.926864414036856,1.))
REPRESENTATION_ITEM('')
);
#79=(
BOUNDED_CURVE()
B_SPLINE_CURVE(2,(#11200,#11201,#11202),.UNSPECIFIED.,.F.,.F.)
B_SPLINE_CURVE_WITH_KNOTS((3,3),(0.,19.1763743582027),.UNSPECIFIED.)
CURVE()
GEOMETRIC_REPRESENTATION_ITEM()
RATIONAL_B_SPLINE_CURVE((1.,0.926864414036856,1.))
REPRESENTATION_ITEM('')
);
#80=(
BOUNDED_CURVE()
B_SPLINE_CURVE(2,(#11211,#11212,#11213),.UNSPECIFIED.,.F.,.F.)
B_SPLINE_CURVE_WITH_KNOTS((3,3),(-11.659675268206,0.),.UNSPECIFIED.)
CURVE()
GEOMETRIC_REPRESENTATION_ITEM()
RATIONAL_B_SPLINE_CURVE((1.,0.928697024593943,1.))
REPRESENTATION_ITEM('')
);
#81=(
BOUNDED_CURVE()
B_SPLINE_CURVE(2,(#11214,#11215,#11216),.UNSPECIFIED.,.F.,.F.)
B_SPLINE_CURVE_WITH_KNOTS((3,3),(-11.659675268206,0.),.UNSPECIFIED.)
CURVE()
GEOMETRIC_REPRESENTATION_ITEM()
RATIONAL_B_SPLINE_CURVE((1.,0.928697024593943,1.))
REPRESENTATION_ITEM('')
);
#82=(
BOUNDED_CURVE()
B_SPLINE_CURVE(2,(#11237,#11238,#11239),.UNSPECIFIED.,.F.,.F.)
B_SPLINE_CURVE_WITH_KNOTS((3,3),(0.,19.1763743582027),.UNSPECIFIED.)
CURVE()
GEOMETRIC_REPRESENTATION_ITEM()
RATIONAL_B_SPLINE_CURVE((1.,0.926864414036854,1.))
REPRESENTATION_ITEM('')
);
#83=(
BOUNDED_CURVE()
B_SPLINE_CURVE(2,(#11242,#11243,#11244),.UNSPECIFIED.,.F.,.F.)
B_SPLINE_CURVE_WITH_KNOTS((3,3),(0.,19.1763743582027),.UNSPECIFIED.)
CURVE()
GEOMETRIC_REPRESENTATION_ITEM()
RATIONAL_B_SPLINE_CURVE((1.,0.926864414036854,1.))
REPRESENTATION_ITEM('')
);
#84=(
BOUNDED_CURVE()
B_SPLINE_CURVE(2,(#11253,#11254,#11255),.UNSPECIFIED.,.F.,.F.)
B_SPLINE_CURVE_WITH_KNOTS((3,3),(-11.659675268206,0.),.UNSPECIFIED.)
CURVE()
GEOMETRIC_REPRESENTATION_ITEM()
RATIONAL_B_SPLINE_CURVE((1.,0.928697024593943,1.))
REPRESENTATION_ITEM('')
);
#85=(
BOUNDED_CURVE()
B_SPLINE_CURVE(2,(#11256,#11257,#11258),.UNSPECIFIED.,.F.,.F.)
B_SPLINE_CURVE_WITH_KNOTS((3,3),(-11.659675268206,0.),.UNSPECIFIED.)
CURVE()
GEOMETRIC_REPRESENTATION_ITEM()
RATIONAL_B_SPLINE_CURVE((1.,0.928697024593943,1.))
REPRESENTATION_ITEM('')
);
#86=(
BOUNDED_CURVE()
B_SPLINE_CURVE(2,(#11287,#11288,#11289),.UNSPECIFIED.,.F.,.F.)
B_SPLINE_CURVE_WITH_KNOTS((3,3),(-11.659675268206,0.),.UNSPECIFIED.)
CURVE()
GEOMETRIC_REPRESENTATION_ITEM()
RATIONAL_B_SPLINE_CURVE((1.,0.928697024593944,1.))
REPRESENTATION_ITEM('')
);
#87=(
BOUNDED_CURVE()
B_SPLINE_CURVE(2,(#11290,#11291,#11292),.UNSPECIFIED.,.F.,.F.)
B_SPLINE_CURVE_WITH_KNOTS((3,3),(-11.659675268206,0.),.UNSPECIFIED.)
CURVE()
GEOMETRIC_REPRESENTATION_ITEM()
RATIONAL_B_SPLINE_CURVE((1.,0.928697024593944,1.))
REPRESENTATION_ITEM('')
);
#88=(
BOUNDED_CURVE()
B_SPLINE_CURVE(2,(#11301,#11302,#11303),.UNSPECIFIED.,.F.,.F.)
B_SPLINE_CURVE_WITH_KNOTS((3,3),(0.,19.1763743582027),.UNSPECIFIED.)
CURVE()
GEOMETRIC_REPRESENTATION_ITEM()
RATIONAL_B_SPLINE_CURVE((1.,0.926864414036856,1.))
REPRESENTATION_ITEM('')
);
#89=(
BOUNDED_CURVE()
B_SPLINE_CURVE(2,(#11304,#11305,#11306),.UNSPECIFIED.,.F.,.F.)
B_SPLINE_CURVE_WITH_KNOTS((3,3),(0.,19.1763743582027),.UNSPECIFIED.)
CURVE()
GEOMETRIC_REPRESENTATION_ITEM()
RATIONAL_B_SPLINE_CURVE((1.,0.926864414036855,1.))
REPRESENTATION_ITEM('')
);
#90=(
BOUNDED_CURVE()
B_SPLINE_CURVE(2,(#11321,#11322,#11323),.UNSPECIFIED.,.F.,.F.)
B_SPLINE_CURVE_WITH_KNOTS((3,3),(0.,19.1763743582027),.UNSPECIFIED.)
CURVE()
GEOMETRIC_REPRESENTATION_ITEM()
RATIONAL_B_SPLINE_CURVE((1.,0.926864414036855,1.))
REPRESENTATION_ITEM('')
);
#91=(
BOUNDED_CURVE()
B_SPLINE_CURVE(2,(#11326,#11327,#11328),.UNSPECIFIED.,.F.,.F.)
B_SPLINE_CURVE_WITH_KNOTS((3,3),(0.,19.1763743582027),.UNSPECIFIED.)
CURVE()
GEOMETRIC_REPRESENTATION_ITEM()
RATIONAL_B_SPLINE_CURVE((1.,0.926864414036855,1.))
REPRESENTATION_ITEM('')
);
#92=(
BOUNDED_CURVE()
B_SPLINE_CURVE(2,(#11337,#11338,#11339),.UNSPECIFIED.,.F.,.F.)
B_SPLINE_CURVE_WITH_KNOTS((3,3),(-11.659675268206,0.),.UNSPECIFIED.)
CURVE()
GEOMETRIC_REPRESENTATION_ITEM()
RATIONAL_B_SPLINE_CURVE((1.,0.928697024593945,1.))
REPRESENTATION_ITEM('')
);
#93=(
BOUNDED_CURVE()
B_SPLINE_CURVE(2,(#11340,#11341,#11342),.UNSPECIFIED.,.F.,.F.)
B_SPLINE_CURVE_WITH_KNOTS((3,3),(-11.659675268206,0.),.UNSPECIFIED.)
CURVE()
GEOMETRIC_REPRESENTATION_ITEM()
RATIONAL_B_SPLINE_CURVE((1.,0.928697024593945,1.))
REPRESENTATION_ITEM('')
);
#94=(
BOUNDED_CURVE()
B_SPLINE_CURVE(2,(#11365,#11366,#11367,#11368,#11369,#11370,#11371,#11372,
#11373),.UNSPECIFIED.,.F.,.F.)
B_SPLINE_CURVE_WITH_KNOTS((3,2,2,2,3),(0.,1.94689940006887,3.89379880013775,
5.84069820020662,7.78759760027549),.UNSPECIFIED.)
CURVE()
GEOMETRIC_REPRESENTATION_ITEM()
RATIONAL_B_SPLINE_CURVE((1.,0.716993547166445,1.,0.716993547166445,1.,0.716993547166445,
1.,0.716993547166445,1.))
REPRESENTATION_ITEM('')
);
#95=(
BOUNDED_CURVE()
B_SPLINE_CURVE(2,(#11374,#11375,#11376,#11377,#11378,#11379,#11380,#11381,
#11382),.UNSPECIFIED.,.F.,.F.)
B_SPLINE_CURVE_WITH_KNOTS((3,2,2,2,3),(0.,1.94689940006686,3.89379880013372,
5.84069820020058,7.78759760026744),.UNSPECIFIED.)
CURVE()
GEOMETRIC_REPRESENTATION_ITEM()
RATIONAL_B_SPLINE_CURVE((1.,0.716993547166455,1.,0.716993547166455,1.,0.716993547166455,
1.,0.716993547166455,1.))
REPRESENTATION_ITEM('')
);
#96=(
BOUNDED_CURVE()
B_SPLINE_CURVE(2,(#11405,#11406,#11407,#11408,#11409,#11410,#11411,#11412,
#11413),.UNSPECIFIED.,.F.,.F.)
B_SPLINE_CURVE_WITH_KNOTS((3,2,2,2,3),(0.,1.40475216017865,2.8095043203573,
4.21425648053596,5.61900864071461),.UNSPECIFIED.)
CURVE()
GEOMETRIC_REPRESENTATION_ITEM()
RATIONAL_B_SPLINE_CURVE((1.,0.84909303967538,1.,0.84909303967538,1.,0.84909303967538,
1.,0.84909303967538,1.))
REPRESENTATION_ITEM('')
);
#97=(
BOUNDED_CURVE()
B_SPLINE_CURVE(2,(#11414,#11415,#11416,#11417,#11418,#11419,#11420,#11421,
#11422),.UNSPECIFIED.,.F.,.F.)
B_SPLINE_CURVE_WITH_KNOTS((3,2,2,2,3),(0.,1.40475216017866,2.80950432035731,
4.21425648053597,5.61900864071463),.UNSPECIFIED.)
CURVE()
GEOMETRIC_REPRESENTATION_ITEM()
RATIONAL_B_SPLINE_CURVE((1.,0.84909303967538,1.,0.84909303967538,1.,0.84909303967538,
1.,0.84909303967538,1.))
REPRESENTATION_ITEM('')
);
#98=(
BOUNDED_CURVE()
B_SPLINE_CURVE(2,(#11431,#11432,#11433),.UNSPECIFIED.,.F.,.F.)
B_SPLINE_CURVE_WITH_KNOTS((3,3),(0.,1.86482300935408),.UNSPECIFIED.)
CURVE()
GEOMETRIC_REPRESENTATION_ITEM()
RATIONAL_B_SPLINE_CURVE((1.,0.739277316568655,1.))
REPRESENTATION_ITEM('')
);
#99=(
BOUNDED_CURVE()
B_SPLINE_CURVE(2,(#11434,#11435,#11436),.UNSPECIFIED.,.F.,.F.)
B_SPLINE_CURVE_WITH_KNOTS((3,3),(0.,1.86482300935406),.UNSPECIFIED.)
CURVE()
GEOMETRIC_REPRESENTATION_ITEM()
RATIONAL_B_SPLINE_CURVE((1.,0.739277316568651,1.))
REPRESENTATION_ITEM('')
);
#100=(
BOUNDED_CURVE()
B_SPLINE_CURVE(2,(#11445,#11446,#11447,#11448,#11449,#11450,#11451,#11452,
#11453),.UNSPECIFIED.,.F.,.F.)
B_SPLINE_CURVE_WITH_KNOTS((3,2,2,2,3),(0.,1.96192316013898,3.92384632027795,
5.88576948041693,7.8476926405559),.UNSPECIFIED.)
CURVE()
GEOMETRIC_REPRESENTATION_ITEM()
RATIONAL_B_SPLINE_CURVE((1.,0.712831805778379,1.,0.712831805778379,1.,0.712831805778379,
1.,0.712831805778379,1.))
REPRESENTATION_ITEM('')
);
#101=(
BOUNDED_CURVE()
B_SPLINE_CURVE(2,(#11456,#11457,#11458,#11459,#11460,#11461,#11462,#11463,
#11464),.UNSPECIFIED.,.F.,.F.)
B_SPLINE_CURVE_WITH_KNOTS((3,2,2,2,3),(0.,1.96192316014327,3.92384632028654,
5.88576948042982,7.84769264057309),.UNSPECIFIED.)
CURVE()
GEOMETRIC_REPRESENTATION_ITEM()
RATIONAL_B_SPLINE_CURVE((1.,0.712831805778366,1.,0.712831805778366,1.,0.712831805778366,
1.,0.712831805778366,1.))
REPRESENTATION_ITEM('')
);
#102=(
BOUNDED_CURVE()
B_SPLINE_CURVE(2,(#11485,#11486,#11487,#11488,#11489),.UNSPECIFIED.,.F.,
 .F.)
B_SPLINE_CURVE_WITH_KNOTS((3,2,3),(-8.96047674650755,-6.72035755988066,
-4.48023837325377),.UNSPECIFIED.)
CURVE()
GEOMETRIC_REPRESENTATION_ITEM()
RATIONAL_B_SPLINE_CURVE((1.,0.707106781186548,1.,0.707106781186548,1.))
REPRESENTATION_ITEM('')
);
#103=(
BOUNDED_CURVE()
B_SPLINE_CURVE(2,(#11490,#11491,#11492,#11493,#11494),.UNSPECIFIED.,.F.,
 .F.)
B_SPLINE_CURVE_WITH_KNOTS((3,2,3),(-8.96047674650755,-6.72035755988066,
-4.48023837325377),.UNSPECIFIED.)
CURVE()
GEOMETRIC_REPRESENTATION_ITEM()
RATIONAL_B_SPLINE_CURVE((1.,0.707106781186548,1.,0.707106781186548,1.))
REPRESENTATION_ITEM('')
);
#104=(
BOUNDED_CURVE()
B_SPLINE_CURVE(2,(#11497,#11498,#11499,#11500,#11501),.UNSPECIFIED.,.F.,
 .F.)
B_SPLINE_CURVE_WITH_KNOTS((3,2,3),(0.,4.9914344028551,9.98286880571021),
 .UNSPECIFIED.)
CURVE()
GEOMETRIC_REPRESENTATION_ITEM()
RATIONAL_B_SPLINE_CURVE((1.,0.707106781186548,1.,0.707106781186548,1.))
REPRESENTATION_ITEM('')
);
#105=(
BOUNDED_CURVE()
B_SPLINE_CURVE(2,(#11502,#11503,#11504,#11505,#11506),.UNSPECIFIED.,.F.,
 .F.)
B_SPLINE_CURVE_WITH_KNOTS((3,2,3),(0.,4.9914344028551,9.98286880571021),
 .UNSPECIFIED.)
CURVE()
GEOMETRIC_REPRESENTATION_ITEM()
RATIONAL_B_SPLINE_CURVE((1.,0.707106781186548,1.,0.707106781186548,1.))
REPRESENTATION_ITEM('')
);
#106=(
BOUNDED_CURVE()
B_SPLINE_CURVE(2,(#11511,#11512,#11513,#11514,#11515),.UNSPECIFIED.,.F.,
 .F.)
B_SPLINE_CURVE_WITH_KNOTS((3,2,3),(-4.48023837325377,-2.24011918662689,
0.),.UNSPECIFIED.)
CURVE()
GEOMETRIC_REPRESENTATION_ITEM()
RATIONAL_B_SPLINE_CURVE((1.,0.707106781186548,1.,0.707106781186548,1.))
REPRESENTATION_ITEM('')
);
#107=(
BOUNDED_CURVE()
B_SPLINE_CURVE(2,(#11516,#11517,#11518,#11519,#11520),.UNSPECIFIED.,.F.,
 .F.)
B_SPLINE_CURVE_WITH_KNOTS((3,2,3),(-4.48023837325377,-2.24011918662689,
0.),.UNSPECIFIED.)
CURVE()
GEOMETRIC_REPRESENTATION_ITEM()
RATIONAL_B_SPLINE_CURVE((1.,0.707106781186548,1.,0.707106781186548,1.))
REPRESENTATION_ITEM('')
);
#108=(
BOUNDED_CURVE()
B_SPLINE_CURVE(2,(#11523,#11524,#11525,#11526,#11527),.UNSPECIFIED.,.F.,
 .F.)
B_SPLINE_CURVE_WITH_KNOTS((3,2,3),(9.98286880571021,14.9743032085653,19.9657376114204),
 .UNSPECIFIED.)
CURVE()
GEOMETRIC_REPRESENTATION_ITEM()
RATIONAL_B_SPLINE_CURVE((1.,0.707106781186548,1.,0.707106781186548,1.))
REPRESENTATION_ITEM('')
);
#109=(
BOUNDED_CURVE()
B_SPLINE_CURVE(2,(#11528,#11529,#11530,#11531,#11532),.UNSPECIFIED.,.F.,
 .F.)
B_SPLINE_CURVE_WITH_KNOTS((3,2,3),(9.98286880571021,14.9743032085653,19.9657376114204),
 .UNSPECIFIED.)
CURVE()
GEOMETRIC_REPRESENTATION_ITEM()
RATIONAL_B_SPLINE_CURVE((1.,0.707106781186548,1.,0.707106781186548,1.))
REPRESENTATION_ITEM('')
);
#110=(
BOUNDED_CURVE()
B_SPLINE_CURVE(2,(#11541,#11542,#11543,#11544,#11545),.UNSPECIFIED.,.F.,
 .F.)
B_SPLINE_CURVE_WITH_KNOTS((3,2,3),(0.,1.98244313918558,3.96488627837117),
 .UNSPECIFIED.)
CURVE()
GEOMETRIC_REPRESENTATION_ITEM()
RATIONAL_B_SPLINE_CURVE((1.,0.707106781186548,1.,0.707106781186548,1.))
REPRESENTATION_ITEM('')
);
#111=(
BOUNDED_CURVE()
B_SPLINE_CURVE(2,(#11546,#11547,#11548,#11549,#11550),.UNSPECIFIED.,.F.,
 .F.)
B_SPLINE_CURVE_WITH_KNOTS((3,2,3),(0.,1.98244313918558,3.96488627837117),
 .UNSPECIFIED.)
CURVE()
GEOMETRIC_REPRESENTATION_ITEM()
RATIONAL_B_SPLINE_CURVE((1.,0.707106781186548,1.,0.707106781186548,1.))
REPRESENTATION_ITEM('')
);
#112=(
BOUNDED_CURVE()
B_SPLINE_CURVE(2,(#11555,#11556,#11557,#11558,#11559),.UNSPECIFIED.,.F.,
 .F.)
B_SPLINE_CURVE_WITH_KNOTS((3,2,3),(3.96488627837117,5.94732941755675,7.92977255674234),
 .UNSPECIFIED.)
CURVE()
GEOMETRIC_REPRESENTATION_ITEM()
RATIONAL_B_SPLINE_CURVE((1.,0.707106781186548,1.,0.707106781186548,1.))
REPRESENTATION_ITEM('')
);
#113=(
BOUNDED_CURVE()
B_SPLINE_CURVE(2,(#11560,#11561,#11562,#11563,#11564),.UNSPECIFIED.,.F.,
 .F.)
B_SPLINE_CURVE_WITH_KNOTS((3,2,3),(3.96488627837117,5.94732941755675,7.92977255674234),
 .UNSPECIFIED.)
CURVE()
GEOMETRIC_REPRESENTATION_ITEM()
RATIONAL_B_SPLINE_CURVE((1.,0.707106781186548,1.,0.707106781186548,1.))
REPRESENTATION_ITEM('')
);
#114=(
BOUNDED_CURVE()
B_SPLINE_CURVE(2,(#11573,#11574,#11575,#11576,#11577,#11578,#11579,#11580,
#11581),.UNSPECIFIED.,.F.,.F.)
B_SPLINE_CURVE_WITH_KNOTS((3,2,2,2,3),(0.,1.87334609857709,3.74669219715417,
5.62003829573126,7.49338439430834),.UNSPECIFIED.)
CURVE()
GEOMETRIC_REPRESENTATION_ITEM()
RATIONAL_B_SPLINE_CURVE((1.,0.709859902459542,1.,0.709859902459542,1.,0.709859902459542,
1.,0.709859902459542,1.))
REPRESENTATION_ITEM('')
);
#115=(
BOUNDED_CURVE()
B_SPLINE_CURVE(2,(#11584,#11585,#11586,#11587,#11588,#11589,#11590,#11591,
#11592),.UNSPECIFIED.,.F.,.F.)
B_SPLINE_CURVE_WITH_KNOTS((3,2,2,2,3),(0.,1.87334609857111,3.74669219714222,
5.62003829571333,7.49338439428444),.UNSPECIFIED.)
CURVE()
GEOMETRIC_REPRESENTATION_ITEM()
RATIONAL_B_SPLINE_CURVE((1.,0.709859902459551,1.,0.709859902459551,1.,0.709859902459551,
1.,0.709859902459551,1.))
REPRESENTATION_ITEM('')
);
#116=(
BOUNDED_CURVE()
B_SPLINE_CURVE(2,(#11607,#11608,#11609,#11610,#11611),.UNSPECIFIED.,.F.,
 .F.)
B_SPLINE_CURVE_WITH_KNOTS((3,2,3),(0.,1.88269757243409,3.76539514486818),
 .UNSPECIFIED.)
CURVE()
GEOMETRIC_REPRESENTATION_ITEM()
RATIONAL_B_SPLINE_CURVE((1.,0.707106781186548,1.,0.707106781186548,1.))
REPRESENTATION_ITEM('')
);
#117=(
BOUNDED_CURVE()
B_SPLINE_CURVE(2,(#11612,#11613,#11614,#11615,#11616),.UNSPECIFIED.,.F.,
 .F.)
B_SPLINE_CURVE_WITH_KNOTS((3,2,3),(0.,1.88269757243409,3.76539514486818),
 .UNSPECIFIED.)
CURVE()
GEOMETRIC_REPRESENTATION_ITEM()
RATIONAL_B_SPLINE_CURVE((1.,0.707106781186548,1.,0.707106781186548,1.))
REPRESENTATION_ITEM('')
);
#118=(
BOUNDED_CURVE()
B_SPLINE_CURVE(2,(#11621,#11622,#11623,#11624,#11625),.UNSPECIFIED.,.F.,
 .F.)
B_SPLINE_CURVE_WITH_KNOTS((3,2,3),(3.76539514486818,5.64809271730228,7.53079028973637),
 .UNSPECIFIED.)
CURVE()
GEOMETRIC_REPRESENTATION_ITEM()
RATIONAL_B_SPLINE_CURVE((1.,0.707106781186548,1.,0.707106781186548,1.))
REPRESENTATION_ITEM('')
);
#119=(
BOUNDED_CURVE()
B_SPLINE_CURVE(2,(#11626,#11627,#11628,#11629,#11630),.UNSPECIFIED.,.F.,
 .F.)
B_SPLINE_CURVE_WITH_KNOTS((3,2,3),(3.76539514486818,5.64809271730228,7.53079028973637),
 .UNSPECIFIED.)
CURVE()
GEOMETRIC_REPRESENTATION_ITEM()
RATIONAL_B_SPLINE_CURVE((1.,0.707106781186548,1.,0.707106781186548,1.))
REPRESENTATION_ITEM('')
);
#120=(
BOUNDED_CURVE()
B_SPLINE_CURVE(2,(#11657,#11658,#11659),.UNSPECIFIED.,.F.,.F.)
B_SPLINE_CURVE_WITH_KNOTS((3,3),(0.,1.7130225360686),.UNSPECIFIED.)
CURVE()
GEOMETRIC_REPRESENTATION_ITEM()
RATIONAL_B_SPLINE_CURVE((1.,0.774799055590672,1.))
REPRESENTATION_ITEM('')
);
#121=(
BOUNDED_CURVE()
B_SPLINE_CURVE(2,(#11662,#11663,#11664),.UNSPECIFIED.,.F.,.F.)
B_SPLINE_CURVE_WITH_KNOTS((3,3),(0.,1.7130225360686),.UNSPECIFIED.)
CURVE()
GEOMETRIC_REPRESENTATION_ITEM()
RATIONAL_B_SPLINE_CURVE((1.,0.774799055590673,1.))
REPRESENTATION_ITEM('')
);
#122=(
BOUNDED_CURVE()
B_SPLINE_CURVE(2,(#11673,#11674,#11675),.UNSPECIFIED.,.F.,.F.)
B_SPLINE_CURVE_WITH_KNOTS((3,3),(0.,0.859167713216337),.UNSPECIFIED.)
CURVE()
GEOMETRIC_REPRESENTATION_ITEM()
RATIONAL_B_SPLINE_CURVE((1.,0.941662189769638,1.))
REPRESENTATION_ITEM('')
);
#123=(
BOUNDED_CURVE()
B_SPLINE_CURVE(2,(#11676,#11677,#11678),.UNSPECIFIED.,.F.,.F.)
B_SPLINE_CURVE_WITH_KNOTS((3,3),(0.,0.859167713216338),.UNSPECIFIED.)
CURVE()
GEOMETRIC_REPRESENTATION_ITEM()
RATIONAL_B_SPLINE_CURVE((1.,0.941662189769639,1.))
REPRESENTATION_ITEM('')
);
#124=(
BOUNDED_CURVE()
B_SPLINE_CURVE(2,(#11681,#11682,#11683),.UNSPECIFIED.,.F.,.F.)
B_SPLINE_CURVE_WITH_KNOTS((3,3),(0.,1.18242894151969),.UNSPECIFIED.)
CURVE()
GEOMETRIC_REPRESENTATION_ITEM()
RATIONAL_B_SPLINE_CURVE((1.,0.880789387378709,1.))
REPRESENTATION_ITEM('')
);
#125=(
BOUNDED_CURVE()
B_SPLINE_CURVE(2,(#11684,#11685,#11686),.UNSPECIFIED.,.F.,.F.)
B_SPLINE_CURVE_WITH_KNOTS((3,3),(0.,1.18242894151969),.UNSPECIFIED.)
CURVE()
GEOMETRIC_REPRESENTATION_ITEM()
RATIONAL_B_SPLINE_CURVE((1.,0.88078938737871,1.))
REPRESENTATION_ITEM('')
);
#126=(
BOUNDED_CURVE()
B_SPLINE_CURVE(2,(#11691,#11692,#11693),.UNSPECIFIED.,.F.,.F.)
B_SPLINE_CURVE_WITH_KNOTS((3,3),(0.,0.594588194374893),.UNSPECIFIED.)
CURVE()
GEOMETRIC_REPRESENTATION_ITEM()
RATIONAL_B_SPLINE_CURVE((1.,0.972267526207306,1.))
REPRESENTATION_ITEM('')
);
#127=(
BOUNDED_CURVE()
B_SPLINE_CURVE(2,(#11694,#11695,#11696),.UNSPECIFIED.,.F.,.F.)
B_SPLINE_CURVE_WITH_KNOTS((3,3),(0.,0.594588194374893),.UNSPECIFIED.)
CURVE()
GEOMETRIC_REPRESENTATION_ITEM()
RATIONAL_B_SPLINE_CURVE((1.,0.972267526207306,1.))
REPRESENTATION_ITEM('')
);
#128=(
BOUNDED_CURVE()
B_SPLINE_CURVE(2,(#11699,#11700,#11701),.UNSPECIFIED.,.F.,.F.)
B_SPLINE_CURVE_WITH_KNOTS((3,3),(0.,0.586326799649467),.UNSPECIFIED.)
CURVE()
GEOMETRIC_REPRESENTATION_ITEM()
RATIONAL_B_SPLINE_CURVE((1.,0.971500877840702,1.))
REPRESENTATION_ITEM('')
);
#129=(
BOUNDED_CURVE()
B_SPLINE_CURVE(2,(#11702,#11703,#11704),.UNSPECIFIED.,.F.,.F.)
B_SPLINE_CURVE_WITH_KNOTS((3,3),(0.,0.586326799649465),.UNSPECIFIED.)
CURVE()
GEOMETRIC_REPRESENTATION_ITEM()
RATIONAL_B_SPLINE_CURVE((1.,0.971500877840701,1.))
REPRESENTATION_ITEM('')
);
#130=(
BOUNDED_CURVE()
B_SPLINE_CURVE(2,(#11709,#11710,#11711,#11712,#11713),.UNSPECIFIED.,.F.,
 .F.)
B_SPLINE_CURVE_WITH_KNOTS((3,2,3),(-2.77038753474229,-1.38519376737115,
0.),.UNSPECIFIED.)
CURVE()
GEOMETRIC_REPRESENTATION_ITEM()
RATIONAL_B_SPLINE_CURVE((1.,0.850731127080801,1.,0.850731127080801,1.))
REPRESENTATION_ITEM('')
);
#131=(
BOUNDED_CURVE()
B_SPLINE_CURVE(2,(#11716,#11717,#11718,#11719,#11720),.UNSPECIFIED.,.F.,
 .F.)
B_SPLINE_CURVE_WITH_KNOTS((3,2,3),(-2.77038753474229,-1.38519376737115,
0.),.UNSPECIFIED.)
CURVE()
GEOMETRIC_REPRESENTATION_ITEM()
RATIONAL_B_SPLINE_CURVE((1.,0.8507311270808,1.,0.8507311270808,1.))
REPRESENTATION_ITEM('')
);
#132=(
BOUNDED_CURVE()
B_SPLINE_CURVE(2,(#11729,#11730,#11731,#11732,#11733,#11734,#11735,#11736,
#11737),.UNSPECIFIED.,.F.,.F.)
B_SPLINE_CURVE_WITH_KNOTS((3,2,2,2,3),(0.,1.80693611014514,3.61387222029029,
5.42080833043543,7.22774444058058),.UNSPECIFIED.)
CURVE()
GEOMETRIC_REPRESENTATION_ITEM()
RATIONAL_B_SPLINE_CURVE((1.,0.729098137351429,1.,0.729098137351429,1.,0.729098137351429,
1.,0.729098137351429,1.))
REPRESENTATION_ITEM('')
);
#133=(
BOUNDED_CURVE()
B_SPLINE_CURVE(2,(#11740,#11741,#11742,#11743,#11744,#11745,#11746,#11747,
#11748),.UNSPECIFIED.,.F.,.F.)
B_SPLINE_CURVE_WITH_KNOTS((3,2,2,2,3),(0.,1.80693611014548,3.61387222029096,
5.42080833043645,7.22774444058193),.UNSPECIFIED.)
CURVE()
GEOMETRIC_REPRESENTATION_ITEM()
RATIONAL_B_SPLINE_CURVE((1.,0.729098137351425,1.,0.729098137351425,1.,0.729098137351425,
1.,0.729098137351425,1.))
REPRESENTATION_ITEM('')
);
#134=(
BOUNDED_CURVE()
B_SPLINE_CURVE(2,(#11763,#11764,#11765,#11766,#11767),.UNSPECIFIED.,.F.,
 .F.)
B_SPLINE_CURVE_WITH_KNOTS((3,2,3),(0.,1.98244313918558,3.96488627837117),
 .UNSPECIFIED.)
CURVE()
GEOMETRIC_REPRESENTATION_ITEM()
RATIONAL_B_SPLINE_CURVE((1.,0.707106781186548,1.,0.707106781186548,1.))
REPRESENTATION_ITEM('')
);
#135=(
BOUNDED_CURVE()
B_SPLINE_CURVE(2,(#11768,#11769,#11770,#11771,#11772),.UNSPECIFIED.,.F.,
 .F.)
B_SPLINE_CURVE_WITH_KNOTS((3,2,3),(0.,1.98244313918558,3.96488627837117),
 .UNSPECIFIED.)
CURVE()
GEOMETRIC_REPRESENTATION_ITEM()
RATIONAL_B_SPLINE_CURVE((1.,0.707106781186548,1.,0.707106781186548,1.))
REPRESENTATION_ITEM('')
);
#136=(
BOUNDED_CURVE()
B_SPLINE_CURVE(2,(#11777,#11778,#11779,#11780,#11781),.UNSPECIFIED.,.F.,
 .F.)
B_SPLINE_CURVE_WITH_KNOTS((3,2,3),(3.96488627837117,5.94732941755675,7.92977255674234),
 .UNSPECIFIED.)
CURVE()
GEOMETRIC_REPRESENTATION_ITEM()
RATIONAL_B_SPLINE_CURVE((1.,0.707106781186548,1.,0.707106781186548,1.))
REPRESENTATION_ITEM('')
);
#137=(
BOUNDED_CURVE()
B_SPLINE_CURVE(2,(#11782,#11783,#11784,#11785,#11786),.UNSPECIFIED.,.F.,
 .F.)
B_SPLINE_CURVE_WITH_KNOTS((3,2,3),(3.96488627837117,5.94732941755675,7.92977255674234),
 .UNSPECIFIED.)
CURVE()
GEOMETRIC_REPRESENTATION_ITEM()
RATIONAL_B_SPLINE_CURVE((1.,0.707106781186548,1.,0.707106781186548,1.))
REPRESENTATION_ITEM('')
);
#138=(
BOUNDED_CURVE()
B_SPLINE_CURVE(2,(#11795,#11796,#11797,#11798,#11799,#11800,#11801,#11802,
#11803),.UNSPECIFIED.,.F.,.F.)
B_SPLINE_CURVE_WITH_KNOTS((3,2,2,2,3),(0.,1.58151443127681,3.16302886255361,
4.74454329383042,6.32605772510722),.UNSPECIFIED.)
CURVE()
GEOMETRIC_REPRESENTATION_ITEM()
RATIONAL_B_SPLINE_CURVE((1.,0.728463829859978,1.,0.728463829859978,1.,0.728463829859978,
1.,0.728463829859978,1.))
REPRESENTATION_ITEM('')
);
#139=(
BOUNDED_CURVE()
B_SPLINE_CURVE(2,(#11806,#11807,#11808,#11809,#11810,#11811,#11812,#11813,
#11814),.UNSPECIFIED.,.F.,.F.)
B_SPLINE_CURVE_WITH_KNOTS((3,2,2,2,3),(0.,1.58151443127681,3.16302886255361,
4.74454329383042,6.32605772510722),.UNSPECIFIED.)
CURVE()
GEOMETRIC_REPRESENTATION_ITEM()
RATIONAL_B_SPLINE_CURVE((1.,0.728463829859978,1.,0.728463829859978,1.,0.728463829859978,
1.,0.728463829859978,1.))
REPRESENTATION_ITEM('')
);
#140=(
BOUNDED_CURVE()
B_SPLINE_CURVE(2,(#11835,#11836,#11837,#11838,#11839),.UNSPECIFIED.,.F.,
 .F.)
B_SPLINE_CURVE_WITH_KNOTS((3,2,3),(-8.96047674650761,-6.72035755988071,
-4.4802383732538),.UNSPECIFIED.)
CURVE()
GEOMETRIC_REPRESENTATION_ITEM()
RATIONAL_B_SPLINE_CURVE((1.,0.707106781186548,1.,0.707106781186548,1.))
REPRESENTATION_ITEM('')
);
#141=(
BOUNDED_CURVE()
B_SPLINE_CURVE(2,(#11840,#11841,#11842,#11843,#11844),.UNSPECIFIED.,.F.,
 .F.)
B_SPLINE_CURVE_WITH_KNOTS((3,2,3),(-8.96047674650761,-6.72035755988071,
-4.4802383732538),.UNSPECIFIED.)
CURVE()
GEOMETRIC_REPRESENTATION_ITEM()
RATIONAL_B_SPLINE_CURVE((1.,0.707106781186548,1.,0.707106781186548,1.))
REPRESENTATION_ITEM('')
);
#142=(
BOUNDED_CURVE()
B_SPLINE_CURVE(2,(#11847,#11848,#11849,#11850,#11851),.UNSPECIFIED.,.F.,
 .F.)
B_SPLINE_CURVE_WITH_KNOTS((3,2,3),(0.,4.99143440285512,9.98286880571024),
 .UNSPECIFIED.)
CURVE()
GEOMETRIC_REPRESENTATION_ITEM()
RATIONAL_B_SPLINE_CURVE((1.,0.707106781186548,1.,0.707106781186548,1.))
REPRESENTATION_ITEM('')
);
#143=(
BOUNDED_CURVE()
B_SPLINE_CURVE(2,(#11852,#11853,#11854,#11855,#11856),.UNSPECIFIED.,.F.,
 .F.)
B_SPLINE_CURVE_WITH_KNOTS((3,2,3),(0.,4.99143440285512,9.98286880571024),
 .UNSPECIFIED.)
CURVE()
GEOMETRIC_REPRESENTATION_ITEM()
RATIONAL_B_SPLINE_CURVE((1.,0.707106781186548,1.,0.707106781186548,1.))
REPRESENTATION_ITEM('')
);
#144=(
BOUNDED_CURVE()
B_SPLINE_CURVE(2,(#11861,#11862,#11863,#11864,#11865),.UNSPECIFIED.,.F.,
 .F.)
B_SPLINE_CURVE_WITH_KNOTS((3,2,3),(-4.4802383732538,-2.2401191866269,0.),
 .UNSPECIFIED.)
CURVE()
GEOMETRIC_REPRESENTATION_ITEM()
RATIONAL_B_SPLINE_CURVE((1.,0.707106781186548,1.,0.707106781186548,1.))
REPRESENTATION_ITEM('')
);
#145=(
BOUNDED_CURVE()
B_SPLINE_CURVE(2,(#11866,#11867,#11868,#11869,#11870),.UNSPECIFIED.,.F.,
 .F.)
B_SPLINE_CURVE_WITH_KNOTS((3,2,3),(-4.4802383732538,-2.2401191866269,0.),
 .UNSPECIFIED.)
CURVE()
GEOMETRIC_REPRESENTATION_ITEM()
RATIONAL_B_SPLINE_CURVE((1.,0.707106781186548,1.,0.707106781186548,1.))
REPRESENTATION_ITEM('')
);
#146=(
BOUNDED_CURVE()
B_SPLINE_CURVE(2,(#11873,#11874,#11875,#11876,#11877),.UNSPECIFIED.,.F.,
 .F.)
B_SPLINE_CURVE_WITH_KNOTS((3,2,3),(9.98286880571024,14.9743032085654,19.9657376114205),
 .UNSPECIFIED.)
CURVE()
GEOMETRIC_REPRESENTATION_ITEM()
RATIONAL_B_SPLINE_CURVE((1.,0.707106781186548,1.,0.707106781186548,1.))
REPRESENTATION_ITEM('')
);
#147=(
BOUNDED_CURVE()
B_SPLINE_CURVE(2,(#11878,#11879,#11880,#11881,#11882),.UNSPECIFIED.,.F.,
 .F.)
B_SPLINE_CURVE_WITH_KNOTS((3,2,3),(9.98286880571024,14.9743032085654,19.9657376114205),
 .UNSPECIFIED.)
CURVE()
GEOMETRIC_REPRESENTATION_ITEM()
RATIONAL_B_SPLINE_CURVE((1.,0.707106781186548,1.,0.707106781186548,1.))
REPRESENTATION_ITEM('')
);
#148=(
BOUNDED_CURVE()
B_SPLINE_CURVE(2,(#11891,#11892,#11893,#11894,#11895),.UNSPECIFIED.,.F.,
 .F.)
B_SPLINE_CURVE_WITH_KNOTS((3,2,3),(0.,1.6582700472433,3.31654009448661),
 .UNSPECIFIED.)
CURVE()
GEOMETRIC_REPRESENTATION_ITEM()
RATIONAL_B_SPLINE_CURVE((1.,0.707106781186548,1.,0.707106781186548,1.))
REPRESENTATION_ITEM('')
);
#149=(
BOUNDED_CURVE()
B_SPLINE_CURVE(2,(#11896,#11897,#11898,#11899,#11900),.UNSPECIFIED.,.F.,
 .F.)
B_SPLINE_CURVE_WITH_KNOTS((3,2,3),(0.,1.6582700472433,3.31654009448661),
 .UNSPECIFIED.)
CURVE()
GEOMETRIC_REPRESENTATION_ITEM()
RATIONAL_B_SPLINE_CURVE((1.,0.707106781186548,1.,0.707106781186548,1.))
REPRESENTATION_ITEM('')
);
#150=(
BOUNDED_CURVE()
B_SPLINE_CURVE(2,(#11905,#11906,#11907,#11908,#11909),.UNSPECIFIED.,.F.,
 .F.)
B_SPLINE_CURVE_WITH_KNOTS((3,2,3),(3.31654009448661,4.97481014172991,6.63308018897321),
 .UNSPECIFIED.)
CURVE()
GEOMETRIC_REPRESENTATION_ITEM()
RATIONAL_B_SPLINE_CURVE((1.,0.707106781186548,1.,0.707106781186548,1.))
REPRESENTATION_ITEM('')
);
#151=(
BOUNDED_CURVE()
B_SPLINE_CURVE(2,(#11910,#11911,#11912,#11913,#11914),.UNSPECIFIED.,.F.,
 .F.)
B_SPLINE_CURVE_WITH_KNOTS((3,2,3),(3.31654009448661,4.97481014172991,6.63308018897321),
 .UNSPECIFIED.)
CURVE()
GEOMETRIC_REPRESENTATION_ITEM()
RATIONAL_B_SPLINE_CURVE((1.,0.707106781186548,1.,0.707106781186548,1.))
REPRESENTATION_ITEM('')
);
#152=(
BOUNDED_CURVE()
B_SPLINE_CURVE(2,(#11923,#11924,#11925,#11926,#11927),.UNSPECIFIED.,.F.,
 .F.)
B_SPLINE_CURVE_WITH_KNOTS((3,2,3),(0.,1.98244313918558,3.96488627837117),
 .UNSPECIFIED.)
CURVE()
GEOMETRIC_REPRESENTATION_ITEM()
RATIONAL_B_SPLINE_CURVE((1.,0.707106781186548,1.,0.707106781186548,1.))
REPRESENTATION_ITEM('')
);
#153=(
BOUNDED_CURVE()
B_SPLINE_CURVE(2,(#11928,#11929,#11930,#11931,#11932),.UNSPECIFIED.,.F.,
 .F.)
B_SPLINE_CURVE_WITH_KNOTS((3,2,3),(0.,1.98244313918558,3.96488627837117),
 .UNSPECIFIED.)
CURVE()
GEOMETRIC_REPRESENTATION_ITEM()
RATIONAL_B_SPLINE_CURVE((1.,0.707106781186548,1.,0.707106781186548,1.))
REPRESENTATION_ITEM('')
);
#154=(
BOUNDED_CURVE()
B_SPLINE_CURVE(2,(#11937,#11938,#11939,#11940,#11941),.UNSPECIFIED.,.F.,
 .F.)
B_SPLINE_CURVE_WITH_KNOTS((3,2,3),(3.96488627837117,5.94732941755675,7.92977255674234),
 .UNSPECIFIED.)
CURVE()
GEOMETRIC_REPRESENTATION_ITEM()
RATIONAL_B_SPLINE_CURVE((1.,0.707106781186548,1.,0.707106781186548,1.))
REPRESENTATION_ITEM('')
);
#155=(
BOUNDED_CURVE()
B_SPLINE_CURVE(2,(#11942,#11943,#11944,#11945,#11946),.UNSPECIFIED.,.F.,
 .F.)
B_SPLINE_CURVE_WITH_KNOTS((3,2,3),(3.96488627837117,5.94732941755675,7.92977255674234),
 .UNSPECIFIED.)
CURVE()
GEOMETRIC_REPRESENTATION_ITEM()
RATIONAL_B_SPLINE_CURVE((1.,0.707106781186548,1.,0.707106781186548,1.))
REPRESENTATION_ITEM('')
);
#156=(
BOUNDED_CURVE()
B_SPLINE_CURVE(2,(#11955,#11956,#11957,#11958,#11959),.UNSPECIFIED.,.F.,
 .F.)
B_SPLINE_CURVE_WITH_KNOTS((3,2,3),(0.,1.88269757243409,3.76539514486818),
 .UNSPECIFIED.)
CURVE()
GEOMETRIC_REPRESENTATION_ITEM()
RATIONAL_B_SPLINE_CURVE((1.,0.707106781186548,1.,0.707106781186548,1.))
REPRESENTATION_ITEM('')
);
#157=(
BOUNDED_CURVE()
B_SPLINE_CURVE(2,(#11960,#11961,#11962,#11963,#11964),.UNSPECIFIED.,.F.,
 .F.)
B_SPLINE_CURVE_WITH_KNOTS((3,2,3),(0.,1.88269757243409,3.76539514486818),
 .UNSPECIFIED.)
CURVE()
GEOMETRIC_REPRESENTATION_ITEM()
RATIONAL_B_SPLINE_CURVE((1.,0.707106781186548,1.,0.707106781186548,1.))
REPRESENTATION_ITEM('')
);
#158=(
BOUNDED_CURVE()
B_SPLINE_CURVE(2,(#11969,#11970,#11971,#11972,#11973),.UNSPECIFIED.,.F.,
 .F.)
B_SPLINE_CURVE_WITH_KNOTS((3,2,3),(3.76539514486818,5.64809271730228,7.53079028973637),
 .UNSPECIFIED.)
CURVE()
GEOMETRIC_REPRESENTATION_ITEM()
RATIONAL_B_SPLINE_CURVE((1.,0.707106781186548,1.,0.707106781186548,1.))
REPRESENTATION_ITEM('')
);
#159=(
BOUNDED_CURVE()
B_SPLINE_CURVE(2,(#11974,#11975,#11976,#11977,#11978),.UNSPECIFIED.,.F.,
 .F.)
B_SPLINE_CURVE_WITH_KNOTS((3,2,3),(3.76539514486818,5.64809271730228,7.53079028973637),
 .UNSPECIFIED.)
CURVE()
GEOMETRIC_REPRESENTATION_ITEM()
RATIONAL_B_SPLINE_CURVE((1.,0.707106781186548,1.,0.707106781186548,1.))
REPRESENTATION_ITEM('')
);
#160=(
BOUNDED_CURVE()
B_SPLINE_CURVE(2,(#11999,#12000,#12001),.UNSPECIFIED.,.F.,.F.)
B_SPLINE_CURVE_WITH_KNOTS((3,3),(0.,1.18061602409579),.UNSPECIFIED.)
CURVE()
GEOMETRIC_REPRESENTATION_ITEM()
RATIONAL_B_SPLINE_CURVE((1.,0.885156326080821,1.))
REPRESENTATION_ITEM('')
);
#161=(
BOUNDED_CURVE()
B_SPLINE_CURVE(2,(#12004,#12005,#12006),.UNSPECIFIED.,.F.,.F.)
B_SPLINE_CURVE_WITH_KNOTS((3,3),(0.,1.18061602409579),.UNSPECIFIED.)
CURVE()
GEOMETRIC_REPRESENTATION_ITEM()
RATIONAL_B_SPLINE_CURVE((1.,0.885156326080823,1.))
REPRESENTATION_ITEM('')
);
#162=(
BOUNDED_CURVE()
B_SPLINE_CURVE(2,(#12009,#12010,#12011,#12012,#12013),.UNSPECIFIED.,.F.,
 .F.)
B_SPLINE_CURVE_WITH_KNOTS((3,2,3),(0.,1.38519213499437,2.77038426998874),
 .UNSPECIFIED.)
CURVE()
GEOMETRIC_REPRESENTATION_ITEM()
RATIONAL_B_SPLINE_CURVE((1.,0.850730914532001,1.,0.850730914532001,1.))
REPRESENTATION_ITEM('')
);
#163=(
BOUNDED_CURVE()
B_SPLINE_CURVE(2,(#12014,#12015,#12016,#12017,#12018),.UNSPECIFIED.,.F.,
 .F.)
B_SPLINE_CURVE_WITH_KNOTS((3,2,3),(0.,1.38519213499437,2.77038426998874),
 .UNSPECIFIED.)
CURVE()
GEOMETRIC_REPRESENTATION_ITEM()
RATIONAL_B_SPLINE_CURVE((1.,0.850730914532001,1.,0.850730914532001,1.))
REPRESENTATION_ITEM('')
);
#164=(
BOUNDED_CURVE()
B_SPLINE_CURVE(2,(#12021,#12022,#12023),.UNSPECIFIED.,.F.,.F.)
B_SPLINE_CURVE_WITH_KNOTS((3,3),(0.,0.594893445606199),.UNSPECIFIED.)
CURVE()
GEOMETRIC_REPRESENTATION_ITEM()
RATIONAL_B_SPLINE_CURVE((1.,0.970791993347124,1.))
REPRESENTATION_ITEM('')
);
#165=(
BOUNDED_CURVE()
B_SPLINE_CURVE(2,(#12024,#12025,#12026),.UNSPECIFIED.,.F.,.F.)
B_SPLINE_CURVE_WITH_KNOTS((3,3),(0.,0.594893445606199),.UNSPECIFIED.)
CURVE()
GEOMETRIC_REPRESENTATION_ITEM()
RATIONAL_B_SPLINE_CURVE((1.,0.970791993347124,1.))
REPRESENTATION_ITEM('')
);
#166=(
BOUNDED_CURVE()
B_SPLINE_CURVE(2,(#12029,#12030,#12031),.UNSPECIFIED.,.F.,.F.)
B_SPLINE_CURVE_WITH_KNOTS((3,3),(0.,0.585391858591519),.UNSPECIFIED.)
CURVE()
GEOMETRIC_REPRESENTATION_ITEM()
RATIONAL_B_SPLINE_CURVE((1.,0.973002268304562,1.))
REPRESENTATION_ITEM('')
);
#167=(
BOUNDED_CURVE()
B_SPLINE_CURVE(2,(#12032,#12033,#12034),.UNSPECIFIED.,.F.,.F.)
B_SPLINE_CURVE_WITH_KNOTS((3,3),(0.,0.585391858591518),.UNSPECIFIED.)
CURVE()
GEOMETRIC_REPRESENTATION_ITEM()
RATIONAL_B_SPLINE_CURVE((1.,0.973002268304562,1.))
REPRESENTATION_ITEM('')
);
#168=(
BOUNDED_CURVE()
B_SPLINE_CURVE(2,(#12037,#12038,#12039,#12040,#12041),.UNSPECIFIED.,.F.,
 .F.)
B_SPLINE_CURVE_WITH_KNOTS((3,2,3),(0.,1.39470451607515,2.7894090321503),
 .UNSPECIFIED.)
CURVE()
GEOMETRIC_REPRESENTATION_ITEM()
RATIONAL_B_SPLINE_CURVE((1.,0.849348328943555,1.,0.849348328943555,1.))
REPRESENTATION_ITEM('')
);
#169=(
BOUNDED_CURVE()
B_SPLINE_CURVE(2,(#12042,#12043,#12044,#12045,#12046),.UNSPECIFIED.,.F.,
 .F.)
B_SPLINE_CURVE_WITH_KNOTS((3,2,3),(0.,1.39470451607515,2.7894090321503),
 .UNSPECIFIED.)
CURVE()
GEOMETRIC_REPRESENTATION_ITEM()
RATIONAL_B_SPLINE_CURVE((1.,0.849348328943555,1.,0.849348328943555,1.))
REPRESENTATION_ITEM('')
);
#170=(
BOUNDED_CURVE()
B_SPLINE_CURVE(2,(#12061,#12062,#12063,#12064,#12065),.UNSPECIFIED.,.F.,
 .F.)
B_SPLINE_CURVE_WITH_KNOTS((3,2,3),(0.,1.98244313918558,3.96488627837117),
 .UNSPECIFIED.)
CURVE()
GEOMETRIC_REPRESENTATION_ITEM()
RATIONAL_B_SPLINE_CURVE((1.,0.707106781186548,1.,0.707106781186548,1.))
REPRESENTATION_ITEM('')
);
#171=(
BOUNDED_CURVE()
B_SPLINE_CURVE(2,(#12066,#12067,#12068,#12069,#12070),.UNSPECIFIED.,.F.,
 .F.)
B_SPLINE_CURVE_WITH_KNOTS((3,2,3),(0.,1.98244313918558,3.96488627837117),
 .UNSPECIFIED.)
CURVE()
GEOMETRIC_REPRESENTATION_ITEM()
RATIONAL_B_SPLINE_CURVE((1.,0.707106781186548,1.,0.707106781186548,1.))
REPRESENTATION_ITEM('')
);
#172=(
BOUNDED_CURVE()
B_SPLINE_CURVE(2,(#12075,#12076,#12077,#12078,#12079),.UNSPECIFIED.,.F.,
 .F.)
B_SPLINE_CURVE_WITH_KNOTS((3,2,3),(3.96488627837117,5.94732941755675,7.92977255674234),
 .UNSPECIFIED.)
CURVE()
GEOMETRIC_REPRESENTATION_ITEM()
RATIONAL_B_SPLINE_CURVE((1.,0.707106781186548,1.,0.707106781186548,1.))
REPRESENTATION_ITEM('')
);
#173=(
BOUNDED_CURVE()
B_SPLINE_CURVE(2,(#12080,#12081,#12082,#12083,#12084),.UNSPECIFIED.,.F.,
 .F.)
B_SPLINE_CURVE_WITH_KNOTS((3,2,3),(3.96488627837117,5.94732941755675,7.92977255674234),
 .UNSPECIFIED.)
CURVE()
GEOMETRIC_REPRESENTATION_ITEM()
RATIONAL_B_SPLINE_CURVE((1.,0.707106781186548,1.,0.707106781186548,1.))
REPRESENTATION_ITEM('')
);
#174=(
BOUNDED_CURVE()
B_SPLINE_CURVE(2,(#12093,#12094,#12095,#12096,#12097,#12098,#12099,#12100,
#12101),.UNSPECIFIED.,.F.,.F.)
B_SPLINE_CURVE_WITH_KNOTS((3,2,2,2,3),(0.,1.8928011220635,3.78560224412701,
5.67840336619051,7.57120448825401),.UNSPECIFIED.)
CURVE()
GEOMETRIC_REPRESENTATION_ITEM()
RATIONAL_B_SPLINE_CURVE((1.,0.731767887992378,1.,0.731767887992378,1.,0.731767887992378,
1.,0.731767887992378,1.))
REPRESENTATION_ITEM('')
);
#175=(
BOUNDED_CURVE()
B_SPLINE_CURVE(2,(#12104,#12105,#12106,#12107,#12108,#12109,#12110,#12111,
#12112),.UNSPECIFIED.,.F.,.F.)
B_SPLINE_CURVE_WITH_KNOTS((3,2,2,2,3),(0.,1.89280112206361,3.78560224412721,
5.67840336619082,7.57120448825442),.UNSPECIFIED.)
CURVE()
GEOMETRIC_REPRESENTATION_ITEM()
RATIONAL_B_SPLINE_CURVE((1.,0.731767887992377,1.,0.731767887992377,1.,0.731767887992377,
1.,0.731767887992377,1.))
REPRESENTATION_ITEM('')
);
#176=(
BOUNDED_CURVE()
B_SPLINE_CURVE(2,(#12127,#12128,#12129,#12130,#12131,#12132,#12133,#12134,
#12135),.UNSPECIFIED.,.F.,.F.)
B_SPLINE_CURVE_WITH_KNOTS((3,2,2,2,3),(0.,1.86996047333754,3.73992094667508,
5.60988142001261,7.47984189335015),.UNSPECIFIED.)
CURVE()
GEOMETRIC_REPRESENTATION_ITEM()
RATIONAL_B_SPLINE_CURVE((1.,0.737905182990857,1.,0.737905182990857,1.,0.737905182990857,
1.,0.737905182990857,1.))
REPRESENTATION_ITEM('')
);
#177=(
BOUNDED_CURVE()
B_SPLINE_CURVE(2,(#12138,#12139,#12140,#12141,#12142,#12143,#12144,#12145,
#12146),.UNSPECIFIED.,.F.,.F.)
B_SPLINE_CURVE_WITH_KNOTS((3,2,2,2,3),(0.,1.86996047333731,3.73992094667461,
5.60988142001192,7.47984189334922),.UNSPECIFIED.)
CURVE()
GEOMETRIC_REPRESENTATION_ITEM()
RATIONAL_B_SPLINE_CURVE((1.,0.73790518299086,1.,0.73790518299086,1.,0.73790518299086,
1.,0.73790518299086,1.))
REPRESENTATION_ITEM('')
);
#178=(
BOUNDED_CURVE()
B_SPLINE_CURVE(2,(#12161,#12162,#12163,#12164,#12165),.UNSPECIFIED.,.F.,
 .F.)
B_SPLINE_CURVE_WITH_KNOTS((3,2,3),(0.,1.98244313918558,3.96488627837117),
 .UNSPECIFIED.)
CURVE()
GEOMETRIC_REPRESENTATION_ITEM()
RATIONAL_B_SPLINE_CURVE((1.,0.707106781186548,1.,0.707106781186548,1.))
REPRESENTATION_ITEM('')
);
#179=(
BOUNDED_CURVE()
B_SPLINE_CURVE(2,(#12166,#12167,#12168,#12169,#12170),.UNSPECIFIED.,.F.,
 .F.)
B_SPLINE_CURVE_WITH_KNOTS((3,2,3),(0.,1.98244313918558,3.96488627837117),
 .UNSPECIFIED.)
CURVE()
GEOMETRIC_REPRESENTATION_ITEM()
RATIONAL_B_SPLINE_CURVE((1.,0.707106781186548,1.,0.707106781186548,1.))
REPRESENTATION_ITEM('')
);
#180=(
BOUNDED_CURVE()
B_SPLINE_CURVE(2,(#12175,#12176,#12177,#12178,#12179),.UNSPECIFIED.,.F.,
 .F.)
B_SPLINE_CURVE_WITH_KNOTS((3,2,3),(3.96488627837117,5.94732941755675,7.92977255674234),
 .UNSPECIFIED.)
CURVE()
GEOMETRIC_REPRESENTATION_ITEM()
RATIONAL_B_SPLINE_CURVE((1.,0.707106781186548,1.,0.707106781186548,1.))
REPRESENTATION_ITEM('')
);
#181=(
BOUNDED_CURVE()
B_SPLINE_CURVE(2,(#12180,#12181,#12182,#12183,#12184),.UNSPECIFIED.,.F.,
 .F.)
B_SPLINE_CURVE_WITH_KNOTS((3,2,3),(3.96488627837117,5.94732941755675,7.92977255674234),
 .UNSPECIFIED.)
CURVE()
GEOMETRIC_REPRESENTATION_ITEM()
RATIONAL_B_SPLINE_CURVE((1.,0.707106781186548,1.,0.707106781186548,1.))
REPRESENTATION_ITEM('')
);
#182=(
BOUNDED_CURVE()
B_SPLINE_CURVE(2,(#12193,#12194,#12195,#12196,#12197),.UNSPECIFIED.,.F.,
 .F.)
B_SPLINE_CURVE_WITH_KNOTS((3,2,3),(0.,1.9824431391856,3.9648862783712),
 .UNSPECIFIED.)
CURVE()
GEOMETRIC_REPRESENTATION_ITEM()
RATIONAL_B_SPLINE_CURVE((1.,0.707106781186548,1.,0.707106781186548,1.))
REPRESENTATION_ITEM('')
);
#183=(
BOUNDED_CURVE()
B_SPLINE_CURVE(2,(#12198,#12199,#12200,#12201,#12202),.UNSPECIFIED.,.F.,
 .F.)
B_SPLINE_CURVE_WITH_KNOTS((3,2,3),(0.,1.9824431391856,3.9648862783712),
 .UNSPECIFIED.)
CURVE()
GEOMETRIC_REPRESENTATION_ITEM()
RATIONAL_B_SPLINE_CURVE((1.,0.707106781186548,1.,0.707106781186548,1.))
REPRESENTATION_ITEM('')
);
#184=(
BOUNDED_CURVE()
B_SPLINE_CURVE(2,(#12207,#12208,#12209,#12210,#12211),.UNSPECIFIED.,.F.,
 .F.)
B_SPLINE_CURVE_WITH_KNOTS((3,2,3),(3.9648862783712,5.9473294175568,7.9297725567424),
 .UNSPECIFIED.)
CURVE()
GEOMETRIC_REPRESENTATION_ITEM()
RATIONAL_B_SPLINE_CURVE((1.,0.707106781186548,1.,0.707106781186548,1.))
REPRESENTATION_ITEM('')
);
#185=(
BOUNDED_CURVE()
B_SPLINE_CURVE(2,(#12212,#12213,#12214,#12215,#12216),.UNSPECIFIED.,.F.,
 .F.)
B_SPLINE_CURVE_WITH_KNOTS((3,2,3),(3.9648862783712,5.9473294175568,7.9297725567424),
 .UNSPECIFIED.)
CURVE()
GEOMETRIC_REPRESENTATION_ITEM()
RATIONAL_B_SPLINE_CURVE((1.,0.707106781186548,1.,0.707106781186548,1.))
REPRESENTATION_ITEM('')
);
#186=(
BOUNDED_CURVE()
B_SPLINE_CURVE(2,(#12236,#12237,#12238,#12239,#12240,#12241,#12242,#12243,
#12244),.UNSPECIFIED.,.F.,.F.)
B_SPLINE_CURVE_WITH_KNOTS((3,2,2,2,3),(0.,1.84445719245859,3.68891438491718,
5.53337157737577,7.37782876983436),.UNSPECIFIED.)
CURVE()
GEOMETRIC_REPRESENTATION_ITEM()
RATIONAL_B_SPLINE_CURVE((1.,0.744686508184808,1.,0.744686508184808,1.,0.744686508184808,
1.,0.744686508184808,1.))
REPRESENTATION_ITEM('')
);
#187=(
BOUNDED_CURVE()
B_SPLINE_CURVE(2,(#12245,#12246,#12247,#12248,#12249,#12250,#12251,#12252,
#12253),.UNSPECIFIED.,.F.,.F.)
B_SPLINE_CURVE_WITH_KNOTS((3,2,2,2,3),(0.,1.84445719245855,3.68891438491709,
5.53337157737564,7.37782876983419),.UNSPECIFIED.)
CURVE()
GEOMETRIC_REPRESENTATION_ITEM()
RATIONAL_B_SPLINE_CURVE((1.,0.744686508184809,1.,0.744686508184809,1.,0.744686508184809,
1.,0.744686508184809,1.))
REPRESENTATION_ITEM('')
);
#188=(
BOUNDED_CURVE()
B_SPLINE_CURVE(2,(#12268,#12269,#12270,#12271,#12272),.UNSPECIFIED.,.F.,
 .F.)
B_SPLINE_CURVE_WITH_KNOTS((3,2,3),(0.,1.98244313918558,3.96488627837117),
 .UNSPECIFIED.)
CURVE()
GEOMETRIC_REPRESENTATION_ITEM()
RATIONAL_B_SPLINE_CURVE((1.,0.707106781186548,1.,0.707106781186548,1.))
REPRESENTATION_ITEM('')
);
#189=(
BOUNDED_CURVE()
B_SPLINE_CURVE(2,(#12273,#12274,#12275,#12276,#12277),.UNSPECIFIED.,.F.,
 .F.)
B_SPLINE_CURVE_WITH_KNOTS((3,2,3),(0.,1.98244313918558,3.96488627837117),
 .UNSPECIFIED.)
CURVE()
GEOMETRIC_REPRESENTATION_ITEM()
RATIONAL_B_SPLINE_CURVE((1.,0.707106781186548,1.,0.707106781186548,1.))
REPRESENTATION_ITEM('')
);
#190=(
BOUNDED_CURVE()
B_SPLINE_CURVE(2,(#12282,#12283,#12284,#12285,#12286),.UNSPECIFIED.,.F.,
 .F.)
B_SPLINE_CURVE_WITH_KNOTS((3,2,3),(3.96488627837117,5.94732941755675,7.92977255674234),
 .UNSPECIFIED.)
CURVE()
GEOMETRIC_REPRESENTATION_ITEM()
RATIONAL_B_SPLINE_CURVE((1.,0.707106781186548,1.,0.707106781186548,1.))
REPRESENTATION_ITEM('')
);
#191=(
BOUNDED_CURVE()
B_SPLINE_CURVE(2,(#12287,#12288,#12289,#12290,#12291),.UNSPECIFIED.,.F.,
 .F.)
B_SPLINE_CURVE_WITH_KNOTS((3,2,3),(3.96488627837117,5.94732941755675,7.92977255674234),
 .UNSPECIFIED.)
CURVE()
GEOMETRIC_REPRESENTATION_ITEM()
RATIONAL_B_SPLINE_CURVE((1.,0.707106781186548,1.,0.707106781186548,1.))
REPRESENTATION_ITEM('')
);
#192=(
BOUNDED_CURVE()
B_SPLINE_CURVE(2,(#12300,#12301,#12302,#12303,#12304,#12305,#12306,#12307,
#12308),.UNSPECIFIED.,.F.,.F.)
B_SPLINE_CURVE_WITH_KNOTS((3,2,2,2,3),(0.,3.27121207817048,6.54242415634095,
9.81363623451143,13.0848483126819),.UNSPECIFIED.)
CURVE()
GEOMETRIC_REPRESENTATION_ITEM()
RATIONAL_B_SPLINE_CURVE((1.,0.731538452064889,1.,0.731538452064889,1.,0.731538452064889,
1.,0.731538452064889,1.))
REPRESENTATION_ITEM('')
);
#193=(
BOUNDED_CURVE()
B_SPLINE_CURVE(2,(#12311,#12312,#12313,#12314,#12315,#12316,#12317,#12318,
#12319),.UNSPECIFIED.,.F.,.F.)
B_SPLINE_CURVE_WITH_KNOTS((3,2,2,2,3),(0.,3.27121207817048,6.54242415634096,
9.81363623451145,13.0848483126819),.UNSPECIFIED.)
CURVE()
GEOMETRIC_REPRESENTATION_ITEM()
RATIONAL_B_SPLINE_CURVE((1.,0.731538452064888,1.,0.731538452064888,1.,0.731538452064888,
1.,0.731538452064888,1.))
REPRESENTATION_ITEM('')
);
#194=(
BOUNDED_CURVE()
B_SPLINE_CURVE(2,(#12334,#12335,#12336,#12337,#12338,#12339,#12340,#12341,
#12342),.UNSPECIFIED.,.F.,.F.)
B_SPLINE_CURVE_WITH_KNOTS((3,2,2,2,3),(0.,1.87334609834011,3.74669219668021,
5.62003829502032,7.49338439336042),.UNSPECIFIED.)
CURVE()
GEOMETRIC_REPRESENTATION_ITEM()
RATIONAL_B_SPLINE_CURVE((1.,0.709859902459889,1.,0.709859902459889,1.,0.709859902459889,
1.,0.709859902459889,1.))
REPRESENTATION_ITEM('')
);
#195=(
BOUNDED_CURVE()
B_SPLINE_CURVE(2,(#12345,#12346,#12347,#12348,#12349,#12350,#12351,#12352,
#12353),.UNSPECIFIED.,.F.,.F.)
B_SPLINE_CURVE_WITH_KNOTS((3,2,2,2,3),(0.,1.87334609835333,3.74669219670666,
5.62003829505999,7.49338439341332),.UNSPECIFIED.)
CURVE()
GEOMETRIC_REPRESENTATION_ITEM()
RATIONAL_B_SPLINE_CURVE((1.,0.70985990245987,1.,0.70985990245987,1.,0.70985990245987,
1.,0.70985990245987,1.))
REPRESENTATION_ITEM('')
);
#196=(
BOUNDED_CURVE()
B_SPLINE_CURVE(2,(#12368,#12369,#12370,#12371,#12372),.UNSPECIFIED.,.F.,
 .F.)
B_SPLINE_CURVE_WITH_KNOTS((3,2,3),(0.,1.88269757243409,3.76539514486818),
 .UNSPECIFIED.)
CURVE()
GEOMETRIC_REPRESENTATION_ITEM()
RATIONAL_B_SPLINE_CURVE((1.,0.707106781186548,1.,0.707106781186548,1.))
REPRESENTATION_ITEM('')
);
#197=(
BOUNDED_CURVE()
B_SPLINE_CURVE(2,(#12373,#12374,#12375,#12376,#12377),.UNSPECIFIED.,.F.,
 .F.)
B_SPLINE_CURVE_WITH_KNOTS((3,2,3),(0.,1.88269757243409,3.76539514486818),
 .UNSPECIFIED.)
CURVE()
GEOMETRIC_REPRESENTATION_ITEM()
RATIONAL_B_SPLINE_CURVE((1.,0.707106781186548,1.,0.707106781186548,1.))
REPRESENTATION_ITEM('')
);
#198=(
BOUNDED_CURVE()
B_SPLINE_CURVE(2,(#12382,#12383,#12384,#12385,#12386),.UNSPECIFIED.,.F.,
 .F.)
B_SPLINE_CURVE_WITH_KNOTS((3,2,3),(3.76539514486818,5.64809271730228,7.53079028973637),
 .UNSPECIFIED.)
CURVE()
GEOMETRIC_REPRESENTATION_ITEM()
RATIONAL_B_SPLINE_CURVE((1.,0.707106781186548,1.,0.707106781186548,1.))
REPRESENTATION_ITEM('')
);
#199=(
BOUNDED_CURVE()
B_SPLINE_CURVE(2,(#12387,#12388,#12389,#12390,#12391),.UNSPECIFIED.,.F.,
 .F.)
B_SPLINE_CURVE_WITH_KNOTS((3,2,3),(3.76539514486818,5.64809271730228,7.53079028973637),
 .UNSPECIFIED.)
CURVE()
GEOMETRIC_REPRESENTATION_ITEM()
RATIONAL_B_SPLINE_CURVE((1.,0.707106781186548,1.,0.707106781186548,1.))
REPRESENTATION_ITEM('')
);
#200=(
BOUNDED_CURVE()
B_SPLINE_CURVE(2,(#12400,#12401,#12402,#12403,#12404,#12405,#12406,#12407,
#12408),.UNSPECIFIED.,.F.,.F.)
B_SPLINE_CURVE_WITH_KNOTS((3,2,2,2,3),(0.,1.80577891057697,3.61155782115393,
5.4173367317309,7.22311564230786),.UNSPECIFIED.)
CURVE()
GEOMETRIC_REPRESENTATION_ITEM()
RATIONAL_B_SPLINE_CURVE((1.,0.729428447331003,1.,0.729428447331003,1.,0.729428447331003,
1.,0.729428447331003,1.))
REPRESENTATION_ITEM('')
);
#201=(
BOUNDED_CURVE()
B_SPLINE_CURVE(2,(#12411,#12412,#12413,#12414,#12415,#12416,#12417,#12418,
#12419),.UNSPECIFIED.,.F.,.F.)
B_SPLINE_CURVE_WITH_KNOTS((3,2,2,2,3),(0.,1.80577891057697,3.61155782115393,
5.4173367317309,7.22311564230786),.UNSPECIFIED.)
CURVE()
GEOMETRIC_REPRESENTATION_ITEM()
RATIONAL_B_SPLINE_CURVE((1.,0.729428447331003,1.,0.729428447331003,1.,0.729428447331003,
1.,0.729428447331003,1.))
REPRESENTATION_ITEM('')
);
#202=(
BOUNDED_CURVE()
B_SPLINE_CURVE(2,(#12434,#12435,#12436,#12437,#12438),.UNSPECIFIED.,.F.,
 .F.)
B_SPLINE_CURVE_WITH_KNOTS((3,2,3),(0.,1.88269757243409,3.76539514486818),
 .UNSPECIFIED.)
CURVE()
GEOMETRIC_REPRESENTATION_ITEM()
RATIONAL_B_SPLINE_CURVE((1.,0.707106781186548,1.,0.707106781186548,1.))
REPRESENTATION_ITEM('')
);
#203=(
BOUNDED_CURVE()
B_SPLINE_CURVE(2,(#12439,#12440,#12441,#12442,#12443),.UNSPECIFIED.,.F.,
 .F.)
B_SPLINE_CURVE_WITH_KNOTS((3,2,3),(0.,1.88269757243409,3.76539514486818),
 .UNSPECIFIED.)
CURVE()
GEOMETRIC_REPRESENTATION_ITEM()
RATIONAL_B_SPLINE_CURVE((1.,0.707106781186548,1.,0.707106781186548,1.))
REPRESENTATION_ITEM('')
);
#204=(
BOUNDED_CURVE()
B_SPLINE_CURVE(2,(#12448,#12449,#12450,#12451,#12452),.UNSPECIFIED.,.F.,
 .F.)
B_SPLINE_CURVE_WITH_KNOTS((3,2,3),(3.76539514486818,5.64809271730228,7.53079028973637),
 .UNSPECIFIED.)
CURVE()
GEOMETRIC_REPRESENTATION_ITEM()
RATIONAL_B_SPLINE_CURVE((1.,0.707106781186548,1.,0.707106781186548,1.))
REPRESENTATION_ITEM('')
);
#205=(
BOUNDED_CURVE()
B_SPLINE_CURVE(2,(#12453,#12454,#12455,#12456,#12457),.UNSPECIFIED.,.F.,
 .F.)
B_SPLINE_CURVE_WITH_KNOTS((3,2,3),(3.76539514486818,5.64809271730228,7.53079028973637),
 .UNSPECIFIED.)
CURVE()
GEOMETRIC_REPRESENTATION_ITEM()
RATIONAL_B_SPLINE_CURVE((1.,0.707106781186548,1.,0.707106781186548,1.))
REPRESENTATION_ITEM('')
);
#206=(
BOUNDED_CURVE()
B_SPLINE_CURVE(2,(#12472,#12473,#12474),.UNSPECIFIED.,.F.,.F.)
B_SPLINE_CURVE_WITH_KNOTS((3,3),(0.,0.000920754725864032),.UNSPECIFIED.)
CURVE()
GEOMETRIC_REPRESENTATION_ITEM()
RATIONAL_B_SPLINE_CURVE((1.,0.99999990491169,1.))
REPRESENTATION_ITEM('')
);
#207=(
BOUNDED_CURVE()
B_SPLINE_CURVE(2,(#12477,#12478,#12479),.UNSPECIFIED.,.F.,.F.)
B_SPLINE_CURVE_WITH_KNOTS((3,3),(0.,0.000920754725864429),.UNSPECIFIED.)
CURVE()
GEOMETRIC_REPRESENTATION_ITEM()
RATIONAL_B_SPLINE_CURVE((1.,0.999999904911688,1.))
REPRESENTATION_ITEM('')
);
#208=(
BOUNDED_CURVE()
B_SPLINE_CURVE(2,(#12488,#12489,#12490,#12491,#12492,#12493,#12494,#12495,
#12496),.UNSPECIFIED.,.F.,.F.)
B_SPLINE_CURVE_WITH_KNOTS((3,2,2,2,3),(0.,1.57993418190663,3.15986836381325,
4.73980254571988,6.3197367276265),.UNSPECIFIED.)
CURVE()
GEOMETRIC_REPRESENTATION_ITEM()
RATIONAL_B_SPLINE_CURVE((1.,0.732849088108274,1.,0.732849088108274,1.,0.732849088108274,
1.,0.732849088108274,1.))
REPRESENTATION_ITEM('')
);
#209=(
BOUNDED_CURVE()
B_SPLINE_CURVE(2,(#12497,#12498,#12499,#12500,#12501,#12502,#12503,#12504,
#12505),.UNSPECIFIED.,.F.,.F.)
B_SPLINE_CURVE_WITH_KNOTS((3,2,2,2,3),(0.,1.57993418190661,3.15986836381321,
4.73980254571982,6.31973672762643),.UNSPECIFIED.)
CURVE()
GEOMETRIC_REPRESENTATION_ITEM()
RATIONAL_B_SPLINE_CURVE((1.,0.732849088108274,1.,0.732849088108274,1.,0.732849088108274,
1.,0.732849088108274,1.))
REPRESENTATION_ITEM('')
);
#210=(
BOUNDED_CURVE()
B_SPLINE_CURVE(2,(#12536,#12537,#12538,#12539,#12540),.UNSPECIFIED.,.F.,
 .F.)
B_SPLINE_CURVE_WITH_KNOTS((3,2,3),(0.,11.8625954860946,23.7251909721893),
 .UNSPECIFIED.)
CURVE()
GEOMETRIC_REPRESENTATION_ITEM()
RATIONAL_B_SPLINE_CURVE((1.,0.914321186420811,1.,0.914321186420811,1.))
REPRESENTATION_ITEM('')
);
#211=(
BOUNDED_CURVE()
B_SPLINE_CURVE(2,(#12543,#12544,#12545,#12546,#12547),.UNSPECIFIED.,.F.,
 .F.)
B_SPLINE_CURVE_WITH_KNOTS((3,2,3),(0.,11.8625954860946,23.7251909721893),
 .UNSPECIFIED.)
CURVE()
GEOMETRIC_REPRESENTATION_ITEM()
RATIONAL_B_SPLINE_CURVE((1.,0.914321186420811,1.,0.914321186420811,1.))
REPRESENTATION_ITEM('')
);
#212=(
BOUNDED_CURVE()
B_SPLINE_CURVE(2,(#12550,#12551,#12552),.UNSPECIFIED.,.F.,.F.)
B_SPLINE_CURVE_WITH_KNOTS((3,3),(0.,3.69336227909969),.UNSPECIFIED.)
CURVE()
GEOMETRIC_REPRESENTATION_ITEM()
RATIONAL_B_SPLINE_CURVE((1.,0.988993863730422,1.))
REPRESENTATION_ITEM('')
);
#213=(
BOUNDED_CURVE()
B_SPLINE_CURVE(2,(#12555,#12556,#12557),.UNSPECIFIED.,.F.,.F.)
B_SPLINE_CURVE_WITH_KNOTS((3,3),(0.,3.69336227909969),.UNSPECIFIED.)
CURVE()
GEOMETRIC_REPRESENTATION_ITEM()
RATIONAL_B_SPLINE_CURVE((1.,0.988993863730421,1.))
REPRESENTATION_ITEM('')
);
#214=(
BOUNDED_CURVE()
B_SPLINE_CURVE(2,(#12558,#12559,#12560,#12561,#12562,#12563,#12564,#12565,
#12566),.UNSPECIFIED.,.F.,.F.)
B_SPLINE_CURVE_WITH_KNOTS((3,2,2,2,3),(0.,13.7507726105907,27.5015452211815,
41.2523178317722,55.0030904423629),.UNSPECIFIED.)
CURVE()
GEOMETRIC_REPRESENTATION_ITEM()
RATIONAL_B_SPLINE_CURVE((1.,0.885449150462005,1.,0.885449150462005,1.,0.885449150462005,
1.,0.885449150462005,1.))
REPRESENTATION_ITEM('')
);
#215=(
BOUNDED_CURVE()
B_SPLINE_CURVE(2,(#12573,#12574,#12575,#12576,#12577,#12578,#12579,#12580,
#12581),.UNSPECIFIED.,.F.,.F.)
B_SPLINE_CURVE_WITH_KNOTS((3,2,2,2,3),(0.,13.7507726105907,27.5015452211815,
41.2523178317722,55.0030904423629),.UNSPECIFIED.)
CURVE()
GEOMETRIC_REPRESENTATION_ITEM()
RATIONAL_B_SPLINE_CURVE((1.,0.885449150462005,1.,0.885449150462005,1.,0.885449150462005,
1.,0.885449150462005,1.))
REPRESENTATION_ITEM('')
);
#216=(
BOUNDED_CURVE()
B_SPLINE_CURVE(3,(#12588,#12589,#12590,#12591),.UNSPECIFIED.,.F.,.F.)
B_SPLINE_CURVE_WITH_KNOTS((4,4),(-7.0626561377396,0.),.UNSPECIFIED.)
CURVE()
GEOMETRIC_REPRESENTATION_ITEM()
RATIONAL_B_SPLINE_CURVE((1.,1.,1.,1.))
REPRESENTATION_ITEM('')
);
#217=(
BOUNDED_CURVE()
B_SPLINE_CURVE(3,(#12592,#12593,#12594,#12595),.UNSPECIFIED.,.F.,.F.)
B_SPLINE_CURVE_WITH_KNOTS((4,4),(-7.0626561377396,0.),.UNSPECIFIED.)
CURVE()
GEOMETRIC_REPRESENTATION_ITEM()
RATIONAL_B_SPLINE_CURVE((1.,1.,1.,1.))
REPRESENTATION_ITEM('')
);
#218=(
BOUNDED_CURVE()
B_SPLINE_CURVE(2,(#12607,#12608,#12609,#12610,#12611,#12612,#12613,#12614,
#12615),.UNSPECIFIED.,.F.,.F.)
B_SPLINE_CURVE_WITH_KNOTS((3,2,2,2,3),(0.,1.50913757645528,3.01827515291056,
4.52741272936584,6.03655030582112),.UNSPECIFIED.)
CURVE()
GEOMETRIC_REPRESENTATION_ITEM()
RATIONAL_B_SPLINE_CURVE((1.,0.755247096562699,1.,0.755247096562699,1.,0.755247096562699,
1.,0.755247096562699,1.))
REPRESENTATION_ITEM('')
);
#219=(
BOUNDED_CURVE()
B_SPLINE_CURVE(2,(#12618,#12619,#12620,#12621,#12622,#12623,#12624,#12625,
#12626),.UNSPECIFIED.,.F.,.F.)
B_SPLINE_CURVE_WITH_KNOTS((3,2,2,2,3),(0.,1.50913757645522,3.01827515291044,
4.52741272936566,6.03655030582088),.UNSPECIFIED.)
CURVE()
GEOMETRIC_REPRESENTATION_ITEM()
RATIONAL_B_SPLINE_CURVE((1.,0.7552470965627,1.,0.7552470965627,1.,0.7552470965627,
1.,0.7552470965627,1.))
REPRESENTATION_ITEM('')
);
#220=(
BOUNDED_CURVE()
B_SPLINE_CURVE(2,(#12647,#12648,#12649,#12650,#12651,#12652,#12653,#12654,
#12655),.UNSPECIFIED.,.F.,.F.)
B_SPLINE_CURVE_WITH_KNOTS((3,2,2,2,3),(0.,1.65806660238026,3.31613320476052,
4.97419980714078,6.63226640952104),.UNSPECIFIED.)
CURVE()
GEOMETRIC_REPRESENTATION_ITEM()
RATIONAL_B_SPLINE_CURVE((1.,0.733174982749356,1.,0.733174982749356,1.,0.733174982749356,
1.,0.733174982749356,1.))
REPRESENTATION_ITEM('')
);
#221=(
BOUNDED_CURVE()
B_SPLINE_CURVE(2,(#12658,#12659,#12660,#12661,#12662,#12663,#12664,#12665,
#12666),.UNSPECIFIED.,.F.,.F.)
B_SPLINE_CURVE_WITH_KNOTS((3,2,2,2,3),(0.,1.65806660237992,3.31613320475984,
4.97419980713976,6.63226640951968),.UNSPECIFIED.)
CURVE()
GEOMETRIC_REPRESENTATION_ITEM()
RATIONAL_B_SPLINE_CURVE((1.,0.733174982749361,1.,0.733174982749361,1.,0.733174982749361,
1.,0.733174982749361,1.))
REPRESENTATION_ITEM('')
);
#222=(
BOUNDED_CURVE()
B_SPLINE_CURVE(2,(#12681,#12682,#12683,#12684,#12685),.UNSPECIFIED.,.F.,
 .F.)
B_SPLINE_CURVE_WITH_KNOTS((3,2,3),(0.,1.98244313918557,3.96488627837114),
 .UNSPECIFIED.)
CURVE()
GEOMETRIC_REPRESENTATION_ITEM()
RATIONAL_B_SPLINE_CURVE((1.,0.707106781186548,1.,0.707106781186548,1.))
REPRESENTATION_ITEM('')
);
#223=(
BOUNDED_CURVE()
B_SPLINE_CURVE(2,(#12686,#12687,#12688,#12689,#12690),.UNSPECIFIED.,.F.,
 .F.)
B_SPLINE_CURVE_WITH_KNOTS((3,2,3),(0.,1.98244313918557,3.96488627837114),
 .UNSPECIFIED.)
CURVE()
GEOMETRIC_REPRESENTATION_ITEM()
RATIONAL_B_SPLINE_CURVE((1.,0.707106781186548,1.,0.707106781186548,1.))
REPRESENTATION_ITEM('')
);
#224=(
BOUNDED_CURVE()
B_SPLINE_CURVE(2,(#12695,#12696,#12697,#12698,#12699),.UNSPECIFIED.,.F.,
 .F.)
B_SPLINE_CURVE_WITH_KNOTS((3,2,3),(3.96488627837114,5.94732941755671,7.92977255674227),
 .UNSPECIFIED.)
CURVE()
GEOMETRIC_REPRESENTATION_ITEM()
RATIONAL_B_SPLINE_CURVE((1.,0.707106781186548,1.,0.707106781186548,1.))
REPRESENTATION_ITEM('')
);
#225=(
BOUNDED_CURVE()
B_SPLINE_CURVE(2,(#12700,#12701,#12702,#12703,#12704),.UNSPECIFIED.,.F.,
 .F.)
B_SPLINE_CURVE_WITH_KNOTS((3,2,3),(3.96488627837114,5.94732941755671,7.92977255674227),
 .UNSPECIFIED.)
CURVE()
GEOMETRIC_REPRESENTATION_ITEM()
RATIONAL_B_SPLINE_CURVE((1.,0.707106781186548,1.,0.707106781186548,1.))
REPRESENTATION_ITEM('')
);
#226=(
BOUNDED_CURVE()
B_SPLINE_CURVE(2,(#12716,#12717,#12718,#12719,#12720,#12721,#12722,#12723,
#12724),.UNSPECIFIED.,.F.,.F.)
B_SPLINE_CURVE_WITH_KNOTS((3,2,2,2,3),(0.,1.81348142304094,3.62696284608187,
5.44044426912281,7.25392569216374),.UNSPECIFIED.)
CURVE()
GEOMETRIC_REPRESENTATION_ITEM()
RATIONAL_B_SPLINE_CURVE((1.,0.752820661105047,1.,0.752820661105047,1.,0.752820661105047,
1.,0.752820661105047,1.))
REPRESENTATION_ITEM('')
);
#227=(
BOUNDED_CURVE()
B_SPLINE_CURVE(2,(#12727,#12728,#12729,#12730,#12731,#12732,#12733,#12734,
#12735),.UNSPECIFIED.,.F.,.F.)
B_SPLINE_CURVE_WITH_KNOTS((3,2,2,2,3),(0.,1.81348142304094,3.62696284608189,
5.44044426912283,7.25392569216377),.UNSPECIFIED.)
CURVE()
GEOMETRIC_REPRESENTATION_ITEM()
RATIONAL_B_SPLINE_CURVE((1.,0.752820661105047,1.,0.752820661105047,1.,0.752820661105047,
1.,0.752820661105047,1.))
REPRESENTATION_ITEM('')
);
#228=(
BOUNDED_CURVE()
B_SPLINE_CURVE(2,(#12756,#12757,#12758,#12759,#12760,#12761,#12762,#12763,
#12764),.UNSPECIFIED.,.F.,.F.)
B_SPLINE_CURVE_WITH_KNOTS((3,2,2,2,3),(0.,1.94200867070431,3.88401734140862,
5.82602601211293,7.76803468281724),.UNSPECIFIED.)
CURVE()
GEOMETRIC_REPRESENTATION_ITEM()
RATIONAL_B_SPLINE_CURVE((1.,0.718342858050548,1.,0.718342858050548,1.,0.718342858050548,
1.,0.718342858050548,1.))
REPRESENTATION_ITEM('')
);
#229=(
BOUNDED_CURVE()
B_SPLINE_CURVE(2,(#12767,#12768,#12769,#12770,#12771,#12772,#12773,#12774,
#12775),.UNSPECIFIED.,.F.,.F.)
B_SPLINE_CURVE_WITH_KNOTS((3,2,2,2,3),(0.,1.94200867070354,3.88401734140708,
5.82602601211063,7.76803468281417),.UNSPECIFIED.)
CURVE()
GEOMETRIC_REPRESENTATION_ITEM()
RATIONAL_B_SPLINE_CURVE((1.,0.718342858050552,1.,0.718342858050552,1.,0.718342858050552,
1.,0.718342858050552,1.))
REPRESENTATION_ITEM('')
);
#230=(
BOUNDED_CURVE()
B_SPLINE_CURVE(2,(#12790,#12791,#12792,#12793,#12794),.UNSPECIFIED.,.F.,
 .F.)
B_SPLINE_CURVE_WITH_KNOTS((3,2,3),(0.,1.98244313918558,3.96488627837117),
 .UNSPECIFIED.)
CURVE()
GEOMETRIC_REPRESENTATION_ITEM()
RATIONAL_B_SPLINE_CURVE((1.,0.707106781186548,1.,0.707106781186548,1.))
REPRESENTATION_ITEM('')
);
#231=(
BOUNDED_CURVE()
B_SPLINE_CURVE(2,(#12795,#12796,#12797,#12798,#12799),.UNSPECIFIED.,.F.,
 .F.)
B_SPLINE_CURVE_WITH_KNOTS((3,2,3),(0.,1.98244313918558,3.96488627837117),
 .UNSPECIFIED.)
CURVE()
GEOMETRIC_REPRESENTATION_ITEM()
RATIONAL_B_SPLINE_CURVE((1.,0.707106781186548,1.,0.707106781186548,1.))
REPRESENTATION_ITEM('')
);
#232=(
BOUNDED_CURVE()
B_SPLINE_CURVE(2,(#12804,#12805,#12806,#12807,#12808),.UNSPECIFIED.,.F.,
 .F.)
B_SPLINE_CURVE_WITH_KNOTS((3,2,3),(3.96488627837117,5.94732941755675,7.92977255674234),
 .UNSPECIFIED.)
CURVE()
GEOMETRIC_REPRESENTATION_ITEM()
RATIONAL_B_SPLINE_CURVE((1.,0.707106781186548,1.,0.707106781186548,1.))
REPRESENTATION_ITEM('')
);
#233=(
BOUNDED_CURVE()
B_SPLINE_CURVE(2,(#12809,#12810,#12811,#12812,#12813),.UNSPECIFIED.,.F.,
 .F.)
B_SPLINE_CURVE_WITH_KNOTS((3,2,3),(3.96488627837117,5.94732941755675,7.92977255674234),
 .UNSPECIFIED.)
CURVE()
GEOMETRIC_REPRESENTATION_ITEM()
RATIONAL_B_SPLINE_CURVE((1.,0.707106781186548,1.,0.707106781186548,1.))
REPRESENTATION_ITEM('')
);
#234=(
BOUNDED_CURVE()
B_SPLINE_CURVE(2,(#12822,#12823,#12824,#12825,#12826),.UNSPECIFIED.,.F.,
 .F.)
B_SPLINE_CURVE_WITH_KNOTS((3,2,3),(0.,1.98244313918558,3.96488627837117),
 .UNSPECIFIED.)
CURVE()
GEOMETRIC_REPRESENTATION_ITEM()
RATIONAL_B_SPLINE_CURVE((1.,0.707106781186548,1.,0.707106781186548,1.))
REPRESENTATION_ITEM('')
);
#235=(
BOUNDED_CURVE()
B_SPLINE_CURVE(2,(#12827,#12828,#12829,#12830,#12831),.UNSPECIFIED.,.F.,
 .F.)
B_SPLINE_CURVE_WITH_KNOTS((3,2,3),(0.,1.98244313918558,3.96488627837117),
 .UNSPECIFIED.)
CURVE()
GEOMETRIC_REPRESENTATION_ITEM()
RATIONAL_B_SPLINE_CURVE((1.,0.707106781186548,1.,0.707106781186548,1.))
REPRESENTATION_ITEM('')
);
#236=(
BOUNDED_CURVE()
B_SPLINE_CURVE(2,(#12836,#12837,#12838,#12839,#12840),.UNSPECIFIED.,.F.,
 .F.)
B_SPLINE_CURVE_WITH_KNOTS((3,2,3),(3.96488627837117,5.94732941755675,7.92977255674234),
 .UNSPECIFIED.)
CURVE()
GEOMETRIC_REPRESENTATION_ITEM()
RATIONAL_B_SPLINE_CURVE((1.,0.707106781186548,1.,0.707106781186548,1.))
REPRESENTATION_ITEM('')
);
#237=(
BOUNDED_CURVE()
B_SPLINE_CURVE(2,(#12841,#12842,#12843,#12844,#12845),.UNSPECIFIED.,.F.,
 .F.)
B_SPLINE_CURVE_WITH_KNOTS((3,2,3),(3.96488627837117,5.94732941755675,7.92977255674234),
 .UNSPECIFIED.)
CURVE()
GEOMETRIC_REPRESENTATION_ITEM()
RATIONAL_B_SPLINE_CURVE((1.,0.707106781186548,1.,0.707106781186548,1.))
REPRESENTATION_ITEM('')
);
#238=(
BOUNDED_CURVE()
B_SPLINE_CURVE(2,(#12854,#12855,#12856,#12857,#12858,#12859,#12860,#12861,
#12862),.UNSPECIFIED.,.F.,.F.)
B_SPLINE_CURVE_WITH_KNOTS((3,2,2,2,3),(0.,1.94247702868287,3.88495405736574,
5.82743108604861,7.76990811473148),.UNSPECIFIED.)
CURVE()
GEOMETRIC_REPRESENTATION_ITEM()
RATIONAL_B_SPLINE_CURVE((1.,0.718213758735612,1.,0.718213758735612,1.,0.718213758735612,
1.,0.718213758735612,1.))
REPRESENTATION_ITEM('')
);
#239=(
BOUNDED_CURVE()
B_SPLINE_CURVE(2,(#12865,#12866,#12867,#12868,#12869,#12870,#12871,#12872,
#12873),.UNSPECIFIED.,.F.,.F.)
B_SPLINE_CURVE_WITH_KNOTS((3,2,2,2,3),(0.,1.9424770286873,3.88495405737461,
5.82743108606192,7.76990811474922),.UNSPECIFIED.)
CURVE()
GEOMETRIC_REPRESENTATION_ITEM()
RATIONAL_B_SPLINE_CURVE((1.,0.718213758735588,1.,0.718213758735588,1.,0.718213758735588,
1.,0.718213758735588,1.))
REPRESENTATION_ITEM('')
);
#240=(
BOUNDED_CURVE()
B_SPLINE_CURVE(2,(#12888,#12889,#12890,#12891,#12892),.UNSPECIFIED.,.F.,
 .F.)
B_SPLINE_CURVE_WITH_KNOTS((3,2,3),(0.,1.98244313918557,3.96488627837114),
 .UNSPECIFIED.)
CURVE()
GEOMETRIC_REPRESENTATION_ITEM()
RATIONAL_B_SPLINE_CURVE((1.,0.707106781186548,1.,0.707106781186548,1.))
REPRESENTATION_ITEM('')
);
#241=(
BOUNDED_CURVE()
B_SPLINE_CURVE(2,(#12893,#12894,#12895,#12896,#12897),.UNSPECIFIED.,.F.,
 .F.)
B_SPLINE_CURVE_WITH_KNOTS((3,2,3),(0.,1.98244313918557,3.96488627837114),
 .UNSPECIFIED.)
CURVE()
GEOMETRIC_REPRESENTATION_ITEM()
RATIONAL_B_SPLINE_CURVE((1.,0.707106781186548,1.,0.707106781186548,1.))
REPRESENTATION_ITEM('')
);
#242=(
BOUNDED_CURVE()
B_SPLINE_CURVE(2,(#12902,#12903,#12904,#12905,#12906),.UNSPECIFIED.,.F.,
 .F.)
B_SPLINE_CURVE_WITH_KNOTS((3,2,3),(3.96488627837114,5.94732941755671,7.92977255674227),
 .UNSPECIFIED.)
CURVE()
GEOMETRIC_REPRESENTATION_ITEM()
RATIONAL_B_SPLINE_CURVE((1.,0.707106781186548,1.,0.707106781186548,1.))
REPRESENTATION_ITEM('')
);
#243=(
BOUNDED_CURVE()
B_SPLINE_CURVE(2,(#12907,#12908,#12909,#12910,#12911),.UNSPECIFIED.,.F.,
 .F.)
B_SPLINE_CURVE_WITH_KNOTS((3,2,3),(3.96488627837114,5.94732941755671,7.92977255674227),
 .UNSPECIFIED.)
CURVE()
GEOMETRIC_REPRESENTATION_ITEM()
RATIONAL_B_SPLINE_CURVE((1.,0.707106781186548,1.,0.707106781186548,1.))
REPRESENTATION_ITEM('')
);
#244=(
BOUNDED_CURVE()
B_SPLINE_CURVE(2,(#12920,#12921,#12922,#12923,#12924),.UNSPECIFIED.,.F.,
 .F.)
B_SPLINE_CURVE_WITH_KNOTS((3,2,3),(0.,3.42459779180068,6.84919558360136),
 .UNSPECIFIED.)
CURVE()
GEOMETRIC_REPRESENTATION_ITEM()
RATIONAL_B_SPLINE_CURVE((1.,0.707106781186548,1.,0.707106781186548,1.))
REPRESENTATION_ITEM('')
);
#245=(
BOUNDED_CURVE()
B_SPLINE_CURVE(2,(#12925,#12926,#12927,#12928,#12929),.UNSPECIFIED.,.F.,
 .F.)
B_SPLINE_CURVE_WITH_KNOTS((3,2,3),(0.,3.42459779180068,6.84919558360136),
 .UNSPECIFIED.)
CURVE()
GEOMETRIC_REPRESENTATION_ITEM()
RATIONAL_B_SPLINE_CURVE((1.,0.707106781186548,1.,0.707106781186548,1.))
REPRESENTATION_ITEM('')
);
#246=(
BOUNDED_CURVE()
B_SPLINE_CURVE(2,(#12934,#12935,#12936,#12937,#12938),.UNSPECIFIED.,.F.,
 .F.)
B_SPLINE_CURVE_WITH_KNOTS((3,2,3),(6.84919558360136,10.273793375402,13.6983911672027),
 .UNSPECIFIED.)
CURVE()
GEOMETRIC_REPRESENTATION_ITEM()
RATIONAL_B_SPLINE_CURVE((1.,0.707106781186548,1.,0.707106781186548,1.))
REPRESENTATION_ITEM('')
);
#247=(
BOUNDED_CURVE()
B_SPLINE_CURVE(2,(#12939,#12940,#12941,#12942,#12943),.UNSPECIFIED.,.F.,
 .F.)
B_SPLINE_CURVE_WITH_KNOTS((3,2,3),(6.84919558360136,10.273793375402,13.6983911672027),
 .UNSPECIFIED.)
CURVE()
GEOMETRIC_REPRESENTATION_ITEM()
RATIONAL_B_SPLINE_CURVE((1.,0.707106781186548,1.,0.707106781186548,1.))
REPRESENTATION_ITEM('')
);
#248=(
BOUNDED_CURVE()
B_SPLINE_CURVE(2,(#12952,#12953,#12954,#12955,#12956,#12957,#12958,#12959,
#12960),.UNSPECIFIED.,.F.,.F.)
B_SPLINE_CURVE_WITH_KNOTS((3,2,2,2,3),(0.,1.92603855965259,3.85207711930518,
5.77811567895778,7.70415423861037),.UNSPECIFIED.)
CURVE()
GEOMETRIC_REPRESENTATION_ITEM()
RATIONAL_B_SPLINE_CURVE((1.,0.722730069062092,1.,0.722730069062092,1.,0.722730069062092,
1.,0.722730069062092,1.))
REPRESENTATION_ITEM('')
);
#249=(
BOUNDED_CURVE()
B_SPLINE_CURVE(2,(#12963,#12964,#12965,#12966,#12967,#12968,#12969,#12970,
#12971),.UNSPECIFIED.,.F.,.F.)
B_SPLINE_CURVE_WITH_KNOTS((3,2,2,2,3),(0.,1.9260385596558,3.85207711931161,
5.77811567896741,7.70415423862321),.UNSPECIFIED.)
CURVE()
GEOMETRIC_REPRESENTATION_ITEM()
RATIONAL_B_SPLINE_CURVE((1.,0.722730069062067,1.,0.722730069062067,1.,0.722730069062067,
1.,0.722730069062067,1.))
REPRESENTATION_ITEM('')
);
#250=(
BOUNDED_CURVE()
B_SPLINE_CURVE(2,(#12986,#12987,#12988,#12989,#12990),.UNSPECIFIED.,.F.,
 .F.)
B_SPLINE_CURVE_WITH_KNOTS((3,2,3),(0.,1.98244313918558,3.96488627837117),
 .UNSPECIFIED.)
CURVE()
GEOMETRIC_REPRESENTATION_ITEM()
RATIONAL_B_SPLINE_CURVE((1.,0.707106781186548,1.,0.707106781186548,1.))
REPRESENTATION_ITEM('')
);
#251=(
BOUNDED_CURVE()
B_SPLINE_CURVE(2,(#12991,#12992,#12993,#12994,#12995),.UNSPECIFIED.,.F.,
 .F.)
B_SPLINE_CURVE_WITH_KNOTS((3,2,3),(0.,1.98244313918558,3.96488627837117),
 .UNSPECIFIED.)
CURVE()
GEOMETRIC_REPRESENTATION_ITEM()
RATIONAL_B_SPLINE_CURVE((1.,0.707106781186548,1.,0.707106781186548,1.))
REPRESENTATION_ITEM('')
);
#252=(
BOUNDED_CURVE()
B_SPLINE_CURVE(2,(#13000,#13001,#13002,#13003,#13004),.UNSPECIFIED.,.F.,
 .F.)
B_SPLINE_CURVE_WITH_KNOTS((3,2,3),(3.96488627837117,5.94732941755675,7.92977255674234),
 .UNSPECIFIED.)
CURVE()
GEOMETRIC_REPRESENTATION_ITEM()
RATIONAL_B_SPLINE_CURVE((1.,0.707106781186548,1.,0.707106781186548,1.))
REPRESENTATION_ITEM('')
);
#253=(
BOUNDED_CURVE()
B_SPLINE_CURVE(2,(#13005,#13006,#13007,#13008,#13009),.UNSPECIFIED.,.F.,
 .F.)
B_SPLINE_CURVE_WITH_KNOTS((3,2,3),(3.96488627837117,5.94732941755675,7.92977255674234),
 .UNSPECIFIED.)
CURVE()
GEOMETRIC_REPRESENTATION_ITEM()
RATIONAL_B_SPLINE_CURVE((1.,0.707106781186548,1.,0.707106781186548,1.))
REPRESENTATION_ITEM('')
);
#254=(
BOUNDED_CURVE()
B_SPLINE_CURVE(2,(#13016,#13017,#13018,#13019,#13020),.UNSPECIFIED.,.F.,
 .F.)
B_SPLINE_CURVE_WITH_KNOTS((3,2,3),(0.,4.99143440285512,9.98286880571024),
 .UNSPECIFIED.)
CURVE()
GEOMETRIC_REPRESENTATION_ITEM()
RATIONAL_B_SPLINE_CURVE((1.,0.707106781186548,1.,0.707106781186548,1.))
REPRESENTATION_ITEM('')
);
#255=(
BOUNDED_CURVE()
B_SPLINE_CURVE(2,(#13021,#13022,#13023,#13024,#13025),.UNSPECIFIED.,.F.,
 .F.)
B_SPLINE_CURVE_WITH_KNOTS((3,2,3),(0.,4.99143440285512,9.98286880571024),
 .UNSPECIFIED.)
CURVE()
GEOMETRIC_REPRESENTATION_ITEM()
RATIONAL_B_SPLINE_CURVE((1.,0.707106781186548,1.,0.707106781186548,1.))
REPRESENTATION_ITEM('')
);
#256=(
BOUNDED_CURVE()
B_SPLINE_CURVE(2,(#13030,#13031,#13032,#13033,#13034),.UNSPECIFIED.,.F.,
 .F.)
B_SPLINE_CURVE_WITH_KNOTS((3,2,3),(9.98286880571024,14.9743032085654,19.9657376114205),
 .UNSPECIFIED.)
CURVE()
GEOMETRIC_REPRESENTATION_ITEM()
RATIONAL_B_SPLINE_CURVE((1.,0.707106781186548,1.,0.707106781186548,1.))
REPRESENTATION_ITEM('')
);
#257=(
BOUNDED_CURVE()
B_SPLINE_CURVE(2,(#13035,#13036,#13037,#13038,#13039),.UNSPECIFIED.,.F.,
 .F.)
B_SPLINE_CURVE_WITH_KNOTS((3,2,3),(9.98286880571024,14.9743032085654,19.9657376114205),
 .UNSPECIFIED.)
CURVE()
GEOMETRIC_REPRESENTATION_ITEM()
RATIONAL_B_SPLINE_CURVE((1.,0.707106781186548,1.,0.707106781186548,1.))
REPRESENTATION_ITEM('')
);
#258=(
BOUNDED_CURVE()
B_SPLINE_CURVE(2,(#13096,#13097,#13098,#13099,#13100),.UNSPECIFIED.,.F.,
 .F.)
B_SPLINE_CURVE_WITH_KNOTS((3,2,3),(-3.00601212326538,-1.50300606163269,
0.),.UNSPECIFIED.)
CURVE()
GEOMETRIC_REPRESENTATION_ITEM()
RATIONAL_B_SPLINE_CURVE((1.,0.827892668400903,1.,0.827892668400903,1.))
REPRESENTATION_ITEM('')
);
#259=(
BOUNDED_CURVE()
B_SPLINE_CURVE(2,(#13103,#13104,#13105,#13106,#13107),.UNSPECIFIED.,.F.,
 .F.)
B_SPLINE_CURVE_WITH_KNOTS((3,2,3),(-3.00601212326538,-1.50300606163269,
0.),.UNSPECIFIED.)
CURVE()
GEOMETRIC_REPRESENTATION_ITEM()
RATIONAL_B_SPLINE_CURVE((1.,0.827892668400903,1.,0.827892668400903,1.))
REPRESENTATION_ITEM('')
);
#260=(
BOUNDED_CURVE()
B_SPLINE_CURVE(2,(#13116,#13117,#13118,#13119,#13120),.UNSPECIFIED.,.F.,
 .F.)
B_SPLINE_CURVE_WITH_KNOTS((3,2,3),(0.,1.54599683692976,3.09199367385951),
 .UNSPECIFIED.)
CURVE()
GEOMETRIC_REPRESENTATION_ITEM()
RATIONAL_B_SPLINE_CURVE((1.,0.818220059763932,1.,0.818220059763932,1.))
REPRESENTATION_ITEM('')
);
#261=(
BOUNDED_CURVE()
B_SPLINE_CURVE(2,(#13121,#13122,#13123,#13124,#13125),.UNSPECIFIED.,.F.,
 .F.)
B_SPLINE_CURVE_WITH_KNOTS((3,2,3),(0.,1.54599683692976,3.09199367385951),
 .UNSPECIFIED.)
CURVE()
GEOMETRIC_REPRESENTATION_ITEM()
RATIONAL_B_SPLINE_CURVE((1.,0.818220059763932,1.,0.818220059763932,1.))
REPRESENTATION_ITEM('')
);
#262=(
BOUNDED_CURVE()
B_SPLINE_CURVE(2,(#13134,#13135,#13136,#13137,#13138),.UNSPECIFIED.,.F.,
 .F.)
B_SPLINE_CURVE_WITH_KNOTS((3,2,3),(-3.49330690740612,-1.74665345370306,
0.),.UNSPECIFIED.)
CURVE()
GEOMETRIC_REPRESENTATION_ITEM()
RATIONAL_B_SPLINE_CURVE((1.,0.76998177506018,1.,0.76998177506018,1.))
REPRESENTATION_ITEM('')
);
#263=(
BOUNDED_CURVE()
B_SPLINE_CURVE(2,(#13139,#13140,#13141,#13142,#13143),.UNSPECIFIED.,.F.,
 .F.)
B_SPLINE_CURVE_WITH_KNOTS((3,2,3),(-3.49330690740613,-1.74665345370306,
0.),.UNSPECIFIED.)
CURVE()
GEOMETRIC_REPRESENTATION_ITEM()
RATIONAL_B_SPLINE_CURVE((1.,0.76998177506018,1.,0.76998177506018,1.))
REPRESENTATION_ITEM('')
);
#264=(
BOUNDED_CURVE()
B_SPLINE_CURVE(2,(#13152,#13153,#13154,#13155,#13156),.UNSPECIFIED.,.F.,
 .F.)
B_SPLINE_CURVE_WITH_KNOTS((3,2,3),(0.,1.02557030221787,2.05114060443573),
 .UNSPECIFIED.)
CURVE()
GEOMETRIC_REPRESENTATION_ITEM()
RATIONAL_B_SPLINE_CURVE((1.,0.921514518305759,1.,0.921514518305759,1.))
REPRESENTATION_ITEM('')
);
#265=(
BOUNDED_CURVE()
B_SPLINE_CURVE(2,(#13157,#13158,#13159,#13160,#13161),.UNSPECIFIED.,.F.,
 .F.)
B_SPLINE_CURVE_WITH_KNOTS((3,2,3),(0.,1.02557030221787,2.05114060443573),
 .UNSPECIFIED.)
CURVE()
GEOMETRIC_REPRESENTATION_ITEM()
RATIONAL_B_SPLINE_CURVE((1.,0.921514518305759,1.,0.921514518305759,1.))
REPRESENTATION_ITEM('')
);
#266=(
BOUNDED_CURVE()
B_SPLINE_CURVE(2,(#13170,#13171,#13172,#13173,#13174),.UNSPECIFIED.,.F.,
 .F.)
B_SPLINE_CURVE_WITH_KNOTS((3,2,3),(0.,1.11545766060229,2.23091532120459),
 .UNSPECIFIED.)
CURVE()
GEOMETRIC_REPRESENTATION_ITEM()
RATIONAL_B_SPLINE_CURVE((1.,0.903932812341773,1.,0.903932812341773,1.))
REPRESENTATION_ITEM('')
);
#267=(
BOUNDED_CURVE()
B_SPLINE_CURVE(2,(#13175,#13176,#13177,#13178,#13179),.UNSPECIFIED.,.F.,
 .F.)
B_SPLINE_CURVE_WITH_KNOTS((3,2,3),(0.,1.11545766060229,2.23091532120459),
 .UNSPECIFIED.)
CURVE()
GEOMETRIC_REPRESENTATION_ITEM()
RATIONAL_B_SPLINE_CURVE((1.,0.903932812341773,1.,0.903932812341773,1.))
REPRESENTATION_ITEM('')
);
#268=(
BOUNDED_CURVE()
B_SPLINE_CURVE(2,(#13188,#13189,#13190),.UNSPECIFIED.,.F.,.F.)
B_SPLINE_CURVE_WITH_KNOTS((3,3),(-1.69674677782942,0.),.UNSPECIFIED.)
CURVE()
GEOMETRIC_REPRESENTATION_ITEM()
RATIONAL_B_SPLINE_CURVE((1.,0.782446211459673,1.))
REPRESENTATION_ITEM('')
);
#269=(
BOUNDED_CURVE()
B_SPLINE_CURVE(2,(#13191,#13192,#13193),.UNSPECIFIED.,.F.,.F.)
B_SPLINE_CURVE_WITH_KNOTS((3,3),(-1.69674677782943,0.),.UNSPECIFIED.)
CURVE()
GEOMETRIC_REPRESENTATION_ITEM()
RATIONAL_B_SPLINE_CURVE((1.,0.782446211459664,1.))
REPRESENTATION_ITEM('')
);
#270=(
BOUNDED_CURVE()
B_SPLINE_CURVE(2,(#13202,#13203,#13204),.UNSPECIFIED.,.F.,.F.)
B_SPLINE_CURVE_WITH_KNOTS((3,3),(0.,1.88821055263871),.UNSPECIFIED.)
CURVE()
GEOMETRIC_REPRESENTATION_ITEM()
RATIONAL_B_SPLINE_CURVE((1.,0.733006203933126,1.))
REPRESENTATION_ITEM('')
);
#271=(
BOUNDED_CURVE()
B_SPLINE_CURVE(2,(#13205,#13206,#13207),.UNSPECIFIED.,.F.,.F.)
B_SPLINE_CURVE_WITH_KNOTS((3,3),(0.,1.88821055263871),.UNSPECIFIED.)
CURVE()
GEOMETRIC_REPRESENTATION_ITEM()
RATIONAL_B_SPLINE_CURVE((1.,0.733006203933126,1.))
REPRESENTATION_ITEM('')
);
#272=(
BOUNDED_CURVE()
B_SPLINE_CURVE(2,(#13216,#13217,#13218),.UNSPECIFIED.,.F.,.F.)
B_SPLINE_CURVE_WITH_KNOTS((3,3),(0.,1.95688244809053),.UNSPECIFIED.)
CURVE()
GEOMETRIC_REPRESENTATION_ITEM()
RATIONAL_B_SPLINE_CURVE((1.,0.714230959070398,1.))
REPRESENTATION_ITEM('')
);
#273=(
BOUNDED_CURVE()
B_SPLINE_CURVE(2,(#13219,#13220,#13221),.UNSPECIFIED.,.F.,.F.)
B_SPLINE_CURVE_WITH_KNOTS((3,3),(0.,1.95688244809053),.UNSPECIFIED.)
CURVE()
GEOMETRIC_REPRESENTATION_ITEM()
RATIONAL_B_SPLINE_CURVE((1.,0.714230959070398,1.))
REPRESENTATION_ITEM('')
);
#274=(
BOUNDED_CURVE()
B_SPLINE_CURVE(2,(#13230,#13231,#13232,#13233,#13234),.UNSPECIFIED.,.F.,
 .F.)
B_SPLINE_CURVE_WITH_KNOTS((3,2,3),(-1.99467636956427,-0.997338184782133,
0.),.UNSPECIFIED.)
CURVE()
GEOMETRIC_REPRESENTATION_ITEM()
RATIONAL_B_SPLINE_CURVE((1.,0.922949482295421,1.,0.922949482295421,1.))
REPRESENTATION_ITEM('')
);
#275=(
BOUNDED_CURVE()
B_SPLINE_CURVE(2,(#13235,#13236,#13237,#13238,#13239),.UNSPECIFIED.,.F.,
 .F.)
B_SPLINE_CURVE_WITH_KNOTS((3,2,3),(-1.99467636956427,-0.997338184782133,
0.),.UNSPECIFIED.)
CURVE()
GEOMETRIC_REPRESENTATION_ITEM()
RATIONAL_B_SPLINE_CURVE((1.,0.922949482295421,1.,0.922949482295421,1.))
REPRESENTATION_ITEM('')
);
#276=(
BOUNDED_CURVE()
B_SPLINE_CURVE(2,(#13355,#13356,#13357),.UNSPECIFIED.,.F.,.F.)
B_SPLINE_CURVE_WITH_KNOTS((3,3),(0.,0.279716703563146),.UNSPECIFIED.)
CURVE()
GEOMETRIC_REPRESENTATION_ITEM()
RATIONAL_B_SPLINE_CURVE((1.,0.992528988218135,1.))
REPRESENTATION_ITEM('')
);
#277=(
BOUNDED_CURVE()
B_SPLINE_CURVE(2,(#13360,#13361,#13362),.UNSPECIFIED.,.F.,.F.)
B_SPLINE_CURVE_WITH_KNOTS((3,3),(0.,0.279716703563146),.UNSPECIFIED.)
CURVE()
GEOMETRIC_REPRESENTATION_ITEM()
RATIONAL_B_SPLINE_CURVE((1.,0.992528988218135,1.))
REPRESENTATION_ITEM('')
);
#278=(
BOUNDED_CURVE()
B_SPLINE_CURVE(2,(#13371,#13372,#13373),.UNSPECIFIED.,.F.,.F.)
B_SPLINE_CURVE_WITH_KNOTS((3,3),(-0.0962366616921212,0.),.UNSPECIFIED.)
CURVE()
GEOMETRIC_REPRESENTATION_ITEM()
RATIONAL_B_SPLINE_CURVE((1.,0.998961407544611,1.))
REPRESENTATION_ITEM('')
);
#279=(
BOUNDED_CURVE()
B_SPLINE_CURVE(2,(#13374,#13375,#13376),.UNSPECIFIED.,.F.,.F.)
B_SPLINE_CURVE_WITH_KNOTS((3,3),(-0.0962366616921214,0.),.UNSPECIFIED.)
CURVE()
GEOMETRIC_REPRESENTATION_ITEM()
RATIONAL_B_SPLINE_CURVE((1.,0.998961407544613,1.))
REPRESENTATION_ITEM('')
);
#280=(
BOUNDED_CURVE()
B_SPLINE_CURVE(2,(#13385,#13386,#13387),.UNSPECIFIED.,.F.,.F.)
B_SPLINE_CURVE_WITH_KNOTS((3,3),(-0.251472453550659,0.),.UNSPECIFIED.)
CURVE()
GEOMETRIC_REPRESENTATION_ITEM()
RATIONAL_B_SPLINE_CURVE((1.,0.995041276701965,1.))
REPRESENTATION_ITEM('')
);
#281=(
BOUNDED_CURVE()
B_SPLINE_CURVE(2,(#13388,#13389,#13390),.UNSPECIFIED.,.F.,.F.)
B_SPLINE_CURVE_WITH_KNOTS((3,3),(-0.25147245355066,0.),.UNSPECIFIED.)
CURVE()
GEOMETRIC_REPRESENTATION_ITEM()
RATIONAL_B_SPLINE_CURVE((1.,0.995041276701962,1.))
REPRESENTATION_ITEM('')
);
#282=(
BOUNDED_CURVE()
B_SPLINE_CURVE(2,(#13399,#13400,#13401),.UNSPECIFIED.,.F.,.F.)
B_SPLINE_CURVE_WITH_KNOTS((3,3),(0.,0.575458302825843),.UNSPECIFIED.)
CURVE()
GEOMETRIC_REPRESENTATION_ITEM()
RATIONAL_B_SPLINE_CURVE((1.,0.974124180942573,1.))
REPRESENTATION_ITEM('')
);
#283=(
BOUNDED_CURVE()
B_SPLINE_CURVE(2,(#13402,#13403,#13404),.UNSPECIFIED.,.F.,.F.)
B_SPLINE_CURVE_WITH_KNOTS((3,3),(0.,0.575458302825843),.UNSPECIFIED.)
CURVE()
GEOMETRIC_REPRESENTATION_ITEM()
RATIONAL_B_SPLINE_CURVE((1.,0.974124180942573,1.))
REPRESENTATION_ITEM('')
);
#284=(
BOUNDED_CURVE()
B_SPLINE_CURVE(2,(#13413,#13414,#13415,#13416,#13417,#13418,#13419,#13420,
#13421),.UNSPECIFIED.,.F.,.F.)
B_SPLINE_CURVE_WITH_KNOTS((3,2,2,2,3),(-7.43706011157294,-5.5777950836797,
-3.71853005578647,-1.85926502789323,0.),.UNSPECIFIED.)
CURVE()
GEOMETRIC_REPRESENTATION_ITEM()
RATIONAL_B_SPLINE_CURVE((1.,0.910458798993864,1.,0.910458798993864,1.,0.910458798993864,
1.,0.910458798993864,1.))
REPRESENTATION_ITEM('')
);
#285=(
BOUNDED_CURVE()
B_SPLINE_CURVE(2,(#13422,#13423,#13424,#13425,#13426,#13427,#13428,#13429,
#13430),.UNSPECIFIED.,.F.,.F.)
B_SPLINE_CURVE_WITH_KNOTS((3,2,2,2,3),(-7.43706011157294,-5.5777950836797,
-3.71853005578647,-1.85926502789323,0.),.UNSPECIFIED.)
CURVE()
GEOMETRIC_REPRESENTATION_ITEM()
RATIONAL_B_SPLINE_CURVE((1.,0.910458798993864,1.,0.910458798993864,1.,0.910458798993864,
1.,0.910458798993864,1.))
REPRESENTATION_ITEM('')
);
#286=(
BOUNDED_CURVE()
B_SPLINE_CURVE(2,(#13439,#13440,#13441,#13442,#13443),.UNSPECIFIED.,.F.,
 .F.)
B_SPLINE_CURVE_WITH_KNOTS((3,2,3),(0.,1.87087013598232,3.74174027196463),
 .UNSPECIFIED.)
CURVE()
GEOMETRIC_REPRESENTATION_ITEM()
RATIONAL_B_SPLINE_CURVE((1.,0.737661908091055,1.,0.737661908091055,1.))
REPRESENTATION_ITEM('')
);
#287=(
BOUNDED_CURVE()
B_SPLINE_CURVE(2,(#13444,#13445,#13446,#13447,#13448),.UNSPECIFIED.,.F.,
 .F.)
B_SPLINE_CURVE_WITH_KNOTS((3,2,3),(0.,1.87087013598232,3.74174027196463),
 .UNSPECIFIED.)
CURVE()
GEOMETRIC_REPRESENTATION_ITEM()
RATIONAL_B_SPLINE_CURVE((1.,0.737661908091055,1.,0.737661908091055,1.))
REPRESENTATION_ITEM('')
);
#288=(
BOUNDED_CURVE()
B_SPLINE_CURVE(2,(#13457,#13458,#13459),.UNSPECIFIED.,.F.,.F.)
B_SPLINE_CURVE_WITH_KNOTS((3,3),(-0.238315547152678,0.),.UNSPECIFIED.)
CURVE()
GEOMETRIC_REPRESENTATION_ITEM()
RATIONAL_B_SPLINE_CURVE((1.,0.995546203199806,1.))
REPRESENTATION_ITEM('')
);
#289=(
BOUNDED_CURVE()
B_SPLINE_CURVE(2,(#13460,#13461,#13462),.UNSPECIFIED.,.F.,.F.)
B_SPLINE_CURVE_WITH_KNOTS((3,3),(-0.238315547152677,0.),.UNSPECIFIED.)
CURVE()
GEOMETRIC_REPRESENTATION_ITEM()
RATIONAL_B_SPLINE_CURVE((1.,0.995546203199808,1.))
REPRESENTATION_ITEM('')
);
#290=(
BOUNDED_CURVE()
B_SPLINE_CURVE(2,(#13471,#13472,#13473,#13474,#13475),.UNSPECIFIED.,.F.,
 .F.)
B_SPLINE_CURVE_WITH_KNOTS((3,2,3),(-2.31460349810879,-1.1573017490544,0.),
 .UNSPECIFIED.)
CURVE()
GEOMETRIC_REPRESENTATION_ITEM()
RATIONAL_B_SPLINE_CURVE((1.,0.895552677328622,1.,0.895552677328622,1.))
REPRESENTATION_ITEM('')
);
#291=(
BOUNDED_CURVE()
B_SPLINE_CURVE(2,(#13476,#13477,#13478,#13479,#13480),.UNSPECIFIED.,.F.,
 .F.)
B_SPLINE_CURVE_WITH_KNOTS((3,2,3),(-2.3146034981088,-1.1573017490544,0.),
 .UNSPECIFIED.)
CURVE()
GEOMETRIC_REPRESENTATION_ITEM()
RATIONAL_B_SPLINE_CURVE((1.,0.895552677328622,1.,0.895552677328622,1.))
REPRESENTATION_ITEM('')
);
#292=(
BOUNDED_CURVE()
B_SPLINE_CURVE(2,(#13489,#13490,#13491,#13492,#13493,#13494,#13495,#13496,
#13497),.UNSPECIFIED.,.F.,.F.)
B_SPLINE_CURVE_WITH_KNOTS((3,2,2,2,3),(0.,16.4130238139119,32.8260476278238,
49.2390714417357,65.6520952556477),.UNSPECIFIED.)
CURVE()
GEOMETRIC_REPRESENTATION_ITEM()
RATIONAL_B_SPLINE_CURVE((1.,0.838149699333617,1.,0.838149699333617,1.,0.838149699333617,
1.,0.838149699333617,1.))
REPRESENTATION_ITEM('')
);
#293=(
BOUNDED_CURVE()
B_SPLINE_CURVE(2,(#13498,#13499,#13500,#13501,#13502,#13503,#13504,#13505,
#13506),.UNSPECIFIED.,.F.,.F.)
B_SPLINE_CURVE_WITH_KNOTS((3,2,2,2,3),(0.,16.4130238139119,32.8260476278238,
49.2390714417357,65.6520952556477),.UNSPECIFIED.)
CURVE()
GEOMETRIC_REPRESENTATION_ITEM()
RATIONAL_B_SPLINE_CURVE((1.,0.838149699333617,1.,0.838149699333617,1.,0.838149699333617,
1.,0.838149699333617,1.))
REPRESENTATION_ITEM('')
);
#294=(
BOUNDED_CURVE()
B_SPLINE_CURVE(2,(#13515,#13516,#13517,#13518,#13519),.UNSPECIFIED.,.F.,
 .F.)
B_SPLINE_CURVE_WITH_KNOTS((3,2,3),(-2.4665677315058,-1.2332838657529,0.),
 .UNSPECIFIED.)
CURVE()
GEOMETRIC_REPRESENTATION_ITEM()
RATIONAL_B_SPLINE_CURVE((1.,0.883767110837429,1.,0.883767110837429,1.))
REPRESENTATION_ITEM('')
);
#295=(
BOUNDED_CURVE()
B_SPLINE_CURVE(2,(#13520,#13521,#13522,#13523,#13524),.UNSPECIFIED.,.F.,
 .F.)
B_SPLINE_CURVE_WITH_KNOTS((3,2,3),(-2.46656773150581,-1.23328386575291,
0.),.UNSPECIFIED.)
CURVE()
GEOMETRIC_REPRESENTATION_ITEM()
RATIONAL_B_SPLINE_CURVE((1.,0.883767110837429,1.,0.883767110837429,1.))
REPRESENTATION_ITEM('')
);
#296=(
BOUNDED_CURVE()
B_SPLINE_CURVE(2,(#13533,#13534,#13535),.UNSPECIFIED.,.F.,.F.)
B_SPLINE_CURVE_WITH_KNOTS((3,3),(-0.289656334184739,0.),.UNSPECIFIED.)
CURVE()
GEOMETRIC_REPRESENTATION_ITEM()
RATIONAL_B_SPLINE_CURVE((1.,0.99342285066243,1.))
REPRESENTATION_ITEM('')
);
#297=(
BOUNDED_CURVE()
B_SPLINE_CURVE(2,(#13536,#13537,#13538),.UNSPECIFIED.,.F.,.F.)
B_SPLINE_CURVE_WITH_KNOTS((3,3),(-0.289656334184739,0.),.UNSPECIFIED.)
CURVE()
GEOMETRIC_REPRESENTATION_ITEM()
RATIONAL_B_SPLINE_CURVE((1.,0.99342285066243,1.))
REPRESENTATION_ITEM('')
);
#298=(
BOUNDED_CURVE()
B_SPLINE_CURVE(2,(#13547,#13548,#13549,#13550,#13551),.UNSPECIFIED.,.F.,
 .F.)
B_SPLINE_CURVE_WITH_KNOTS((3,2,3),(0.,1.88081098705939,3.76162197411879),
 .UNSPECIFIED.)
CURVE()
GEOMETRIC_REPRESENTATION_ITEM()
RATIONAL_B_SPLINE_CURVE((1.,0.734997147140145,1.,0.734997147140145,1.))
REPRESENTATION_ITEM('')
);
#299=(
BOUNDED_CURVE()
B_SPLINE_CURVE(2,(#13552,#13553,#13554,#13555,#13556),.UNSPECIFIED.,.F.,
 .F.)
B_SPLINE_CURVE_WITH_KNOTS((3,2,3),(0.,1.88081098705939,3.76162197411879),
 .UNSPECIFIED.)
CURVE()
GEOMETRIC_REPRESENTATION_ITEM()
RATIONAL_B_SPLINE_CURVE((1.,0.734997147140145,1.,0.734997147140145,1.))
REPRESENTATION_ITEM('')
);
#300=(
BOUNDED_CURVE()
B_SPLINE_CURVE(2,(#13565,#13566,#13567,#13568,#13569,#13570,#13571,#13572,
#13573),.UNSPECIFIED.,.F.,.F.)
B_SPLINE_CURVE_WITH_KNOTS((3,2,2,2,3),(-7.71231343469509,-5.78423507602132,
-3.85615671734755,-1.92807835867377,0.),.UNSPECIFIED.)
CURVE()
GEOMETRIC_REPRESENTATION_ITEM()
RATIONAL_B_SPLINE_CURVE((1.,0.904693123837609,1.,0.904693123837609,1.,0.904693123837609,
1.,0.904693123837609,1.))
REPRESENTATION_ITEM('')
);
#301=(
BOUNDED_CURVE()
B_SPLINE_CURVE(2,(#13574,#13575,#13576,#13577,#13578,#13579,#13580,#13581,
#13582),.UNSPECIFIED.,.F.,.F.)
B_SPLINE_CURVE_WITH_KNOTS((3,2,2,2,3),(-7.71231343469509,-5.78423507602131,
-3.85615671734754,-1.92807835867377,0.),.UNSPECIFIED.)
CURVE()
GEOMETRIC_REPRESENTATION_ITEM()
RATIONAL_B_SPLINE_CURVE((1.,0.904693123837609,1.,0.904693123837609,1.,0.904693123837609,
1.,0.904693123837609,1.))
REPRESENTATION_ITEM('')
);
#302=(
BOUNDED_CURVE()
B_SPLINE_CURVE(2,(#13591,#13592,#13593),.UNSPECIFIED.,.F.,.F.)
B_SPLINE_CURVE_WITH_KNOTS((3,3),(0.,0.514769150538025),.UNSPECIFIED.)
CURVE()
GEOMETRIC_REPRESENTATION_ITEM()
RATIONAL_B_SPLINE_CURVE((1.,0.979276288003202,1.))
REPRESENTATION_ITEM('')
);
#303=(
BOUNDED_CURVE()
B_SPLINE_CURVE(2,(#13594,#13595,#13596),.UNSPECIFIED.,.F.,.F.)
B_SPLINE_CURVE_WITH_KNOTS((3,3),(0.,0.514769150538125),.UNSPECIFIED.)
CURVE()
GEOMETRIC_REPRESENTATION_ITEM()
RATIONAL_B_SPLINE_CURVE((1.,0.979276288003204,1.))
REPRESENTATION_ITEM('')
);
#304=(
BOUNDED_CURVE()
B_SPLINE_CURVE(2,(#13605,#13606,#13607),.UNSPECIFIED.,.F.,.F.)
B_SPLINE_CURVE_WITH_KNOTS((3,3),(-0.170663125478488,0.),.UNSPECIFIED.)
CURVE()
GEOMETRIC_REPRESENTATION_ITEM()
RATIONAL_B_SPLINE_CURVE((1.,0.99771512616927,1.))
REPRESENTATION_ITEM('')
);
#305=(
BOUNDED_CURVE()
B_SPLINE_CURVE(2,(#13608,#13609,#13610),.UNSPECIFIED.,.F.,.F.)
B_SPLINE_CURVE_WITH_KNOTS((3,3),(-0.170663125478488,0.),.UNSPECIFIED.)
CURVE()
GEOMETRIC_REPRESENTATION_ITEM()
RATIONAL_B_SPLINE_CURVE((1.,0.997715126169269,1.))
REPRESENTATION_ITEM('')
);
#306=(
BOUNDED_CURVE()
B_SPLINE_CURVE(2,(#13619,#13620,#13621),.UNSPECIFIED.,.F.,.F.)
B_SPLINE_CURVE_WITH_KNOTS((3,3),(-1.85611941932683,0.),.UNSPECIFIED.)
CURVE()
GEOMETRIC_REPRESENTATION_ITEM()
RATIONAL_B_SPLINE_CURVE((1.,0.741594912637925,1.))
REPRESENTATION_ITEM('')
);
#307=(
BOUNDED_CURVE()
B_SPLINE_CURVE(2,(#13622,#13623,#13624),.UNSPECIFIED.,.F.,.F.)
B_SPLINE_CURVE_WITH_KNOTS((3,3),(-1.85611941932684,0.),.UNSPECIFIED.)
CURVE()
GEOMETRIC_REPRESENTATION_ITEM()
RATIONAL_B_SPLINE_CURVE((1.,0.741594912637924,1.))
REPRESENTATION_ITEM('')
);
#308=(
BOUNDED_CURVE()
B_SPLINE_CURVE(2,(#13633,#13634,#13635),.UNSPECIFIED.,.F.,.F.)
B_SPLINE_CURVE_WITH_KNOTS((3,3),(0.,1.84997677789166),.UNSPECIFIED.)
CURVE()
GEOMETRIC_REPRESENTATION_ITEM()
RATIONAL_B_SPLINE_CURVE((1.,0.74322527227514,1.))
REPRESENTATION_ITEM('')
);
#309=(
BOUNDED_CURVE()
B_SPLINE_CURVE(2,(#13636,#13637,#13638),.UNSPECIFIED.,.F.,.F.)
B_SPLINE_CURVE_WITH_KNOTS((3,3),(0.,1.84997677789166),.UNSPECIFIED.)
CURVE()
GEOMETRIC_REPRESENTATION_ITEM()
RATIONAL_B_SPLINE_CURVE((1.,0.74322527227514,1.))
REPRESENTATION_ITEM('')
);
#310=(
BOUNDED_CURVE()
B_SPLINE_CURVE(2,(#13658,#13659,#13660),.UNSPECIFIED.,.F.,.F.)
B_SPLINE_CURVE_WITH_KNOTS((3,3),(0.,0.161070424792327),.UNSPECIFIED.)
CURVE()
GEOMETRIC_REPRESENTATION_ITEM()
RATIONAL_B_SPLINE_CURVE((1.,0.997091559187184,1.))
REPRESENTATION_ITEM('')
);
#311=(
BOUNDED_CURVE()
B_SPLINE_CURVE(2,(#13663,#13664,#13665),.UNSPECIFIED.,.F.,.F.)
B_SPLINE_CURVE_WITH_KNOTS((3,3),(0.,0.161070424792327),.UNSPECIFIED.)
CURVE()
GEOMETRIC_REPRESENTATION_ITEM()
RATIONAL_B_SPLINE_CURVE((1.,0.997091559187184,1.))
REPRESENTATION_ITEM('')
);
#312=(
BOUNDED_CURVE()
B_SPLINE_CURVE(2,(#13727,#13728,#13729),.UNSPECIFIED.,.F.,.F.)
B_SPLINE_CURVE_WITH_KNOTS((3,3),(0.,1.83857569659672),.UNSPECIFIED.)
CURVE()
GEOMETRIC_REPRESENTATION_ITEM()
RATIONAL_B_SPLINE_CURVE((1.,0.720001393808855,1.))
REPRESENTATION_ITEM('')
);
#313=(
BOUNDED_CURVE()
B_SPLINE_CURVE(2,(#13732,#13733,#13734),.UNSPECIFIED.,.F.,.F.)
B_SPLINE_CURVE_WITH_KNOTS((3,3),(0.,1.83857569659672),.UNSPECIFIED.)
CURVE()
GEOMETRIC_REPRESENTATION_ITEM()
RATIONAL_B_SPLINE_CURVE((1.,0.720001393808855,1.))
REPRESENTATION_ITEM('')
);
#314=(
BOUNDED_CURVE()
B_SPLINE_CURVE(2,(#13743,#13744,#13745),.UNSPECIFIED.,.F.,.F.)
B_SPLINE_CURVE_WITH_KNOTS((3,3),(-1.85733324910276,0.),.UNSPECIFIED.)
CURVE()
GEOMETRIC_REPRESENTATION_ITEM()
RATIONAL_B_SPLINE_CURVE((1.,0.714549056132383,1.))
REPRESENTATION_ITEM('')
);
#315=(
BOUNDED_CURVE()
B_SPLINE_CURVE(2,(#13746,#13747,#13748),.UNSPECIFIED.,.F.,.F.)
B_SPLINE_CURVE_WITH_KNOTS((3,3),(-1.85733324910276,0.),.UNSPECIFIED.)
CURVE()
GEOMETRIC_REPRESENTATION_ITEM()
RATIONAL_B_SPLINE_CURVE((1.,0.714549056132383,1.))
REPRESENTATION_ITEM('')
);
#316=(
BOUNDED_CURVE()
B_SPLINE_CURVE(2,(#13757,#13758,#13759,#13760,#13761),.UNSPECIFIED.,.F.,
 .F.)
B_SPLINE_CURVE_WITH_KNOTS((3,2,3),(0.,0.960145315529685,1.92029063105937),
 .UNSPECIFIED.)
CURVE()
GEOMETRIC_REPRESENTATION_ITEM()
RATIONAL_B_SPLINE_CURVE((1.,0.920850432624041,1.,0.920850432624041,1.))
REPRESENTATION_ITEM('')
);
#317=(
BOUNDED_CURVE()
B_SPLINE_CURVE(2,(#13762,#13763,#13764,#13765,#13766),.UNSPECIFIED.,.F.,
 .F.)
B_SPLINE_CURVE_WITH_KNOTS((3,2,3),(0.,0.960145315529685,1.92029063105937),
 .UNSPECIFIED.)
CURVE()
GEOMETRIC_REPRESENTATION_ITEM()
RATIONAL_B_SPLINE_CURVE((1.,0.920850432624041,1.,0.920850432624041,1.))
REPRESENTATION_ITEM('')
);
#318=(
BOUNDED_CURVE()
B_SPLINE_CURVE(2,(#13775,#13776,#13777,#13778,#13779),.UNSPECIFIED.,.F.,
 .F.)
B_SPLINE_CURVE_WITH_KNOTS((3,2,3),(0.,0.95192126667749,1.90384253335498),
 .UNSPECIFIED.)
CURVE()
GEOMETRIC_REPRESENTATION_ITEM()
RATIONAL_B_SPLINE_CURVE((1.,0.922182733180544,1.,0.922182733180544,1.))
REPRESENTATION_ITEM('')
);
#319=(
BOUNDED_CURVE()
B_SPLINE_CURVE(2,(#13780,#13781,#13782,#13783,#13784),.UNSPECIFIED.,.F.,
 .F.)
B_SPLINE_CURVE_WITH_KNOTS((3,2,3),(0.,0.95192126667749,1.90384253335498),
 .UNSPECIFIED.)
CURVE()
GEOMETRIC_REPRESENTATION_ITEM()
RATIONAL_B_SPLINE_CURVE((1.,0.922182733180544,1.,0.922182733180544,1.))
REPRESENTATION_ITEM('')
);
#320=(
BOUNDED_CURVE()
B_SPLINE_CURVE(2,(#13793,#13794,#13795,#13796,#13797),.UNSPECIFIED.,.F.,
 .F.)
B_SPLINE_CURVE_WITH_KNOTS((3,2,3),(-3.12089060739075,-1.56044530369538,
0.),.UNSPECIFIED.)
CURVE()
GEOMETRIC_REPRESENTATION_ITEM()
RATIONAL_B_SPLINE_CURVE((1.,0.795499213768803,1.,0.795499213768803,1.))
REPRESENTATION_ITEM('')
);
#321=(
BOUNDED_CURVE()
B_SPLINE_CURVE(2,(#13798,#13799,#13800,#13801,#13802),.UNSPECIFIED.,.F.,
 .F.)
B_SPLINE_CURVE_WITH_KNOTS((3,2,3),(-3.12089060739075,-1.56044530369537,
0.),.UNSPECIFIED.)
CURVE()
GEOMETRIC_REPRESENTATION_ITEM()
RATIONAL_B_SPLINE_CURVE((1.,0.795499213768803,1.,0.795499213768803,1.))
REPRESENTATION_ITEM('')
);
#322=(
BOUNDED_CURVE()
B_SPLINE_CURVE(2,(#13811,#13812,#13813,#13814,#13815),.UNSPECIFIED.,.F.,
 .F.)
B_SPLINE_CURVE_WITH_KNOTS((3,2,3),(0.,1.47706564456141,2.95413128912282),
 .UNSPECIFIED.)
CURVE()
GEOMETRIC_REPRESENTATION_ITEM()
RATIONAL_B_SPLINE_CURVE((1.,0.816090822843684,1.,0.816090822843684,1.))
REPRESENTATION_ITEM('')
);
#323=(
BOUNDED_CURVE()
B_SPLINE_CURVE(2,(#13816,#13817,#13818,#13819,#13820),.UNSPECIFIED.,.F.,
 .F.)
B_SPLINE_CURVE_WITH_KNOTS((3,2,3),(0.,1.47706564456141,2.95413128912282),
 .UNSPECIFIED.)
CURVE()
GEOMETRIC_REPRESENTATION_ITEM()
RATIONAL_B_SPLINE_CURVE((1.,0.816090822843684,1.,0.816090822843684,1.))
REPRESENTATION_ITEM('')
);
#324=(
BOUNDED_CURVE()
B_SPLINE_CURVE(2,(#13829,#13830,#13831),.UNSPECIFIED.,.F.,.F.)
B_SPLINE_CURVE_WITH_KNOTS((3,3),(-1.6255432584132,0.),.UNSPECIFIED.)
CURVE()
GEOMETRIC_REPRESENTATION_ITEM()
RATIONAL_B_SPLINE_CURVE((1.,0.7787522046688,1.))
REPRESENTATION_ITEM('')
);
#325=(
BOUNDED_CURVE()
B_SPLINE_CURVE(2,(#13832,#13833,#13834),.UNSPECIFIED.,.F.,.F.)
B_SPLINE_CURVE_WITH_KNOTS((3,3),(-1.6255432584132,0.),.UNSPECIFIED.)
CURVE()
GEOMETRIC_REPRESENTATION_ITEM()
RATIONAL_B_SPLINE_CURVE((1.,0.778752204668807,1.))
REPRESENTATION_ITEM('')
);
#326=(
BOUNDED_CURVE()
B_SPLINE_CURVE(2,(#13843,#13844,#13845,#13846,#13847,#13848,#13849,#13850,
#13851),.UNSPECIFIED.,.F.,.F.)
B_SPLINE_CURVE_WITH_KNOTS((3,2,2,2,3),(-10.3484548192319,-7.76134111442394,
-5.17422740961596,-2.58711370480798,0.),.UNSPECIFIED.)
CURVE()
GEOMETRIC_REPRESENTATION_ITEM()
RATIONAL_B_SPLINE_CURVE((1.,0.918280752528085,1.,0.918280752528085,1.,0.918280752528085,
1.,0.918280752528085,1.))
REPRESENTATION_ITEM('')
);
#327=(
BOUNDED_CURVE()
B_SPLINE_CURVE(2,(#13852,#13853,#13854,#13855,#13856,#13857,#13858,#13859,
#13860),.UNSPECIFIED.,.F.,.F.)
B_SPLINE_CURVE_WITH_KNOTS((3,2,2,2,3),(-10.3484548192319,-7.76134111442394,
-5.17422740961596,-2.58711370480798,0.),.UNSPECIFIED.)
CURVE()
GEOMETRIC_REPRESENTATION_ITEM()
RATIONAL_B_SPLINE_CURVE((1.,0.918280752528084,1.,0.918280752528084,1.,0.918280752528084,
1.,0.918280752528084,1.))
REPRESENTATION_ITEM('')
);
#328=(
BOUNDED_CURVE()
B_SPLINE_CURVE(2,(#13863,#13864,#13865,#13866,#13867,#13868,#13869,#13870,
#13871,#13872,#13873,#13874,#13875,#13876,#13877,#13878,#13879,#13880,#13881,
#13882,#13883,#13884,#13885,#13886,#13887,#13888,#13889,#13890,#13891,#13892,
#13893,#13894,#13895,#13896,#13897,#13898,#13899,#13900,#13901,#13902,#13903,
#13904,#13905,#13906,#13907,#13908,#13909,#13910,#13911,#13912,#13913,#13914,
#13915,#13916,#13917,#13918,#13919,#13920,#13921,#13922,#13923,#13924,#13925,
#13926,#13927,#13928,#13929,#13930,#13931,#13932,#13933),.UNSPECIFIED.,
 .T.,.F.)
B_SPLINE_CURVE_WITH_KNOTS((3,2,2,2,2,2,2,2,2,2,2,2,2,2,2,2,2,2,2,2,2,2,
2,2,2,2,2,2,2,2,2,2,2,2,2,3),(30578.4736963166,33108.14694502,35637.8201937234,
36710.3561641637,37423.1961641637,37531.1595735317,37581.1595735317,39925.3755467419,
40978.2855467419,43490.4310972673,44543.3410972673,44624.9648426779,44674.9648426779,
44756.5885880885,45469.4285880885,48690.3085880885,48769.7099115503,48819.7099115503,
48899.1112350121,49870.0012350121,51142.2612350121,51213.69224833,51263.69224833,
51335.1232616479,52407.8092616478,54919.9548121733,55992.6408121732,58324.673931427,
58374.673931427,59135.4605224716,60407.7205224716,61072.7265581049,62043.6165581049,
62147.4093648361,62197.4093648361,63373.7381420077),.UNSPECIFIED.)
CURVE()
GEOMETRIC_REPRESENTATION_ITEM()
RATIONAL_B_SPLINE_CURVE((1.,0.707106778512605,1.,0.707106778512605,1.,1.,
1.,1.,1.,1.,1.,1.,1.,1.,1.,1.,1.,1.,1.,1.,1.,1.,1.,1.,1.,1.,1.,1.,1.,1.,
1.,1.,1.,1.,1.,1.,1.,1.,1.,1.,1.,1.,1.,1.,1.,1.,1.,1.,1.,1.,1.,1.,1.,1.,
1.,1.,1.,1.,1.,1.,1.,1.,1.,1.,1.,1.,1.,1.,1.,1.,1.))
REPRESENTATION_ITEM('')
);
#329=CYLINDRICAL_SURFACE('',#8070,1.00000000000091);
#330=CYLINDRICAL_SURFACE('',#8071,0.999999999999091);
#331=CYLINDRICAL_SURFACE('',#8072,0.999999999999545);
#332=CYLINDRICAL_SURFACE('',#8073,1.00000000000136);
#333=CYLINDRICAL_SURFACE('',#8074,0.999999999999886);
#334=CYLINDRICAL_SURFACE('',#8075,1.00000000000045);
#335=CYLINDRICAL_SURFACE('',#8076,0.999999999999091);
#336=CYLINDRICAL_SURFACE('',#8077,1.00000000000045);
#337=CYLINDRICAL_SURFACE('',#8078,0.999999999996362);
#338=CYLINDRICAL_SURFACE('',#8079,1.00000000000091);
#339=CYLINDRICAL_SURFACE('',#8080,1.);
#340=CYLINDRICAL_SURFACE('',#8081,1.);
#341=CYLINDRICAL_SURFACE('',#8082,0.999999999994998);
#342=CYLINDRICAL_SURFACE('',#8083,0.999999999998181);
#343=CYLINDRICAL_SURFACE('',#8084,1.00000000000023);
#344=CYLINDRICAL_SURFACE('',#8085,0.999999999998181);
#345=CYLINDRICAL_SURFACE('',#8208,1066.79153438028);
#346=CYLINDRICAL_SURFACE('',#8210,657.019406309538);
#347=CYLINDRICAL_SURFACE('',#8214,1066.79153438028);
#348=CYLINDRICAL_SURFACE('',#8216,657.019406309538);
#349=CYLINDRICAL_SURFACE('',#8220,1066.79153438028);
#350=CYLINDRICAL_SURFACE('',#8222,657.019406309538);
#351=CYLINDRICAL_SURFACE('',#8226,1066.79153438028);
#352=CYLINDRICAL_SURFACE('',#8228,657.019406309538);
#353=CYLINDRICAL_SURFACE('',#8233,657.019406309538);
#354=CYLINDRICAL_SURFACE('',#8235,1066.79153438028);
#355=CYLINDRICAL_SURFACE('',#8238,1066.79153438028);
#356=CYLINDRICAL_SURFACE('',#8240,657.019406309538);
#357=CYLINDRICAL_SURFACE('',#8245,54.0363962617169);
#358=CYLINDRICAL_SURFACE('',#8249,54.0363962617162);
#359=CYLINDRICAL_SURFACE('',#8251,54.0363962617162);
#360=CYLINDRICAL_SURFACE('',#8254,54.0363962617157);
#361=CYLINDRICAL_SURFACE('',#8258,61.0599949372445);
#362=CYLINDRICAL_SURFACE('',#8259,136.053903375936);
#363=CYLINDRICAL_SURFACE('',#8262,61.0599949372427);
#364=CYLINDRICAL_SURFACE('',#8263,136.053903375936);
#365=CYLINDRICAL_SURFACE('',#8264,54.0363962617157);
#366=CYLINDRICAL_SURFACE('',#8267,54.0363962617166);
#367=CYLINDRICAL_SURFACE('',#8268,51.317583871189);
#368=CYLINDRICAL_SURFACE('',#8272,51.3175838711904);
#369=CYLINDRICAL_SURFACE('',#8275,51.3175838711886);
#370=CYLINDRICAL_SURFACE('',#8276,53.5832610793681);
#371=CYLINDRICAL_SURFACE('',#8278,53.5832610793677);
#372=CYLINDRICAL_SURFACE('',#8279,51.3175862479796);
#373=CYLINDRICAL_SURFACE('',#8280,53.5832610793677);
#374=CYLINDRICAL_SURFACE('',#8281,53.922955042322);
#375=CYLINDRICAL_SURFACE('',#8282,52.4502637155563);
#376=CYLINDRICAL_SURFACE('',#8286,51.3175838711908);
#377=CYLINDRICAL_SURFACE('',#8290,54.0363962617157);
#378=CYLINDRICAL_SURFACE('',#8293,54.0363962617175);
#379=CYLINDRICAL_SURFACE('',#8294,44.8604044436895);
#380=CYLINDRICAL_SURFACE('',#8298,61.0599949372445);
#381=CYLINDRICAL_SURFACE('',#8299,136.053903375937);
#382=CYLINDRICAL_SURFACE('',#8302,61.0599949372445);
#383=CYLINDRICAL_SURFACE('',#8303,136.053903375937);
#384=CYLINDRICAL_SURFACE('',#8304,45.2002559925058);
#385=CYLINDRICAL_SURFACE('',#8307,45.2002559925058);
#386=CYLINDRICAL_SURFACE('',#8308,54.0363962617175);
#387=CYLINDRICAL_SURFACE('',#8311,54.0363962617157);
#388=CYLINDRICAL_SURFACE('',#8312,51.3175838711904);
#389=CYLINDRICAL_SURFACE('',#8315,51.3175838711886);
#390=CYLINDRICAL_SURFACE('',#8316,52.2238561805341);
#391=CYLINDRICAL_SURFACE('',#8317,53.5832610793667);
#392=CYLINDRICAL_SURFACE('',#8318,52.5637047043457);
#393=CYLINDRICAL_SURFACE('',#8319,53.8098285625077);
#394=CYLINDRICAL_SURFACE('',#8320,53.6965421200396);
#395=CYLINDRICAL_SURFACE('',#8324,54.0363962617175);
#396=CYLINDRICAL_SURFACE('',#8327,54.0363962617175);
#397=CYLINDRICAL_SURFACE('',#8328,54.0363962617166);
#398=CYLINDRICAL_SURFACE('',#8332,54.0363962617173);
#399=CYLINDRICAL_SURFACE('',#8336,54.0363962617166);
#400=CYLINDRICAL_SURFACE('',#8339,54.0363962617166);
#401=CYLINDRICAL_SURFACE('',#8340,54.036396261718);
#402=CYLINDRICAL_SURFACE('',#8343,54.0363962617171);
#403=CYLINDRICAL_SURFACE('',#8345,54.0363962617166);
#404=CYLINDRICAL_SURFACE('',#8349,54.0363962617166);
#405=CYLINDRICAL_SURFACE('',#8352,54.0363962617166);
#406=CYLINDRICAL_SURFACE('',#8353,93.3458920747482);
#407=CYLINDRICAL_SURFACE('',#8357,51.3175838711904);
#408=CYLINDRICAL_SURFACE('',#8361,51.3175838711904);
#409=CYLINDRICAL_SURFACE('',#8364,51.3175838711904);
#410=CYLINDRICAL_SURFACE('',#8365,51.3175838711898);
#411=CYLINDRICAL_SURFACE('',#8369,51.3175838711923);
#412=CYLINDRICAL_SURFACE('',#8372,51.3175838711886);
#413=CYLINDRICAL_SURFACE('',#8373,45.2002559925058);
#414=CYLINDRICAL_SURFACE('',#8375,45.2002559925057);
#415=CYLINDRICAL_SURFACE('',#8379,609.049808282038);
#416=CYLINDRICAL_SURFACE('',#8380,532.434093144799);
#417=CYLINDRICAL_SURFACE('',#8381,609.049808282039);
#418=CYLINDRICAL_SURFACE('',#8385,45.2002559925063);
#419=CYLINDRICAL_SURFACE('',#8390,47.4659329846107);
#420=CYLINDRICAL_SURFACE('',#8394,54.0363962617162);
#421=CYLINDRICAL_SURFACE('',#8397,54.0363962617162);
#422=CYLINDRICAL_SURFACE('',#8398,54.0363962617172);
#423=CYLINDRICAL_SURFACE('',#8403,54.0363962617165);
#424=CYLINDRICAL_SURFACE('',#8407,54.0363962617166);
#425=CYLINDRICAL_SURFACE('',#8410,54.0363962617166);
#426=CYLINDRICAL_SURFACE('',#8411,54.0363962617166);
#427=CYLINDRICAL_SURFACE('',#8414,54.0363962617166);
#428=CYLINDRICAL_SURFACE('',#8415,54.0363962617163);
#429=CYLINDRICAL_SURFACE('',#8419,54.0363962617162);
#430=CYLINDRICAL_SURFACE('',#8422,54.0363962617162);
#431=CYLINDRICAL_SURFACE('',#8423,93.345892074748);
#432=CYLINDRICAL_SURFACE('',#8426,93.3458920747471);
#433=CYLINDRICAL_SURFACE('',#8427,54.0363962617166);
#434=CYLINDRICAL_SURFACE('',#8431,54.0363962617166);
#435=CYLINDRICAL_SURFACE('',#8434,54.0363962617166);
#436=CYLINDRICAL_SURFACE('',#8435,136.053903375937);
#437=CYLINDRICAL_SURFACE('',#8436,136.053903375937);
#438=CYLINDRICAL_SURFACE('',#8437,54.0363962617165);
#439=CYLINDRICAL_SURFACE('',#8439,54.0363962617161);
#440=CYLINDRICAL_SURFACE('',#8441,54.0363962617166);
#441=CYLINDRICAL_SURFACE('',#8443,55.0489488374091);
#442=CYLINDRICAL_SURFACE('',#8445,54.0363962617167);
#443=CYLINDRICAL_SURFACE('',#8447,54.0363962617159);
#444=CYLINDRICAL_SURFACE('',#8449,54.0363962617168);
#445=CYLINDRICAL_SURFACE('',#8451,54.0363962616667);
#446=CYLINDRICAL_SURFACE('',#8453,54.0363975206987);
#447=CYLINDRICAL_SURFACE('',#8455,48.9574125103504);
#448=CYLINDRICAL_SURFACE('',#8457,45.2002559925125);
#449=CYLINDRICAL_SURFACE('',#8459,54.0363962617157);
#450=CYLINDRICAL_SURFACE('',#8461,54.036396261715);
#451=CYLINDRICAL_SURFACE('',#8463,93.3458920747475);
#452=CYLINDRICAL_SURFACE('',#8465,54.0363962617169);
#453=CYLINDRICAL_SURFACE('',#8467,54.0363962617064);
#454=CYLINDRICAL_SURFACE('',#8469,53.7283940264235);
#455=CYLINDRICAL_SURFACE('',#8471,609.049808282038);
#456=CYLINDRICAL_SURFACE('',#8473,54.220038412504);
#457=CYLINDRICAL_SURFACE('',#8475,54.0363962617169);
#458=CYLINDRICAL_SURFACE('',#8477,54.0363962617167);
#459=CYLINDRICAL_SURFACE('',#8479,93.7803637924501);
#460=CYLINDRICAL_SURFACE('',#8481,54.0363962617169);
#461=CYLINDRICAL_SURFACE('',#8483,54.0363962617244);
#462=CYLINDRICAL_SURFACE('',#8485,54.036396261717);
#463=CYLINDRICAL_SURFACE('',#8487,54.0363962615863);
#464=CYLINDRICAL_SURFACE('',#8488,45.2002559925031);
#465=CYLINDRICAL_SURFACE('',#8491,51.3175838711904);
#466=CYLINDRICAL_SURFACE('',#8493,51.3175838711903);
#467=CYLINDRICAL_SURFACE('',#8495,51.3175838711919);
#468=CYLINDRICAL_SURFACE('',#8497,51.3175838711894);
#469=CYLINDRICAL_SURFACE('',#8499,51.3175838711901);
#470=CYLINDRICAL_SURFACE('',#8501,51.31758387119);
#471=CYLINDRICAL_SURFACE('',#8503,51.3175838711899);
#472=CYLINDRICAL_SURFACE('',#8505,136.053903375935);
#473=(
BOUNDED_SURFACE()
B_SPLINE_SURFACE(1,2,((#9616,#9617,#9618,#9619,#9620),(#9621,#9622,#9623,
#9624,#9625)),.UNSPECIFIED.,.F.,.F.,.F.)
B_SPLINE_SURFACE_WITH_KNOTS((2,2),(3,2,3),(0.,1956.7007177874),(0.,2900.29284098763,
5800.58568197525),.UNSPECIFIED.)
GEOMETRIC_REPRESENTATION_ITEM()
RATIONAL_B_SPLINE_SURFACE(((1.,0.707106778512605,1.,0.707106778512605,1.),
(1.,0.707106778512605,1.,0.707106778512605,1.)))
REPRESENTATION_ITEM('')
SURFACE()
);
#474=(
BOUNDED_SURFACE()
B_SPLINE_SURFACE(3,1,((#9657,#9658),(#9659,#9660),(#9661,#9662),(#9663,
#9664),(#9665,#9666),(#9667,#9668),(#9669,#9670),(#9671,#9672),(#9673,#9674),
(#9675,#9676),(#9677,#9678),(#9679,#9680),(#9681,#9682),(#9683,#9684),(#9685,
#9686)),.UNSPECIFIED.,.F.,.F.,.F.)
B_SPLINE_SURFACE_WITH_KNOTS((4,1,1,1,1,3,1,1,1,1,4),(2,2),(0.,725.073210246907,
1087.60981537036,1450.14642049381,2175.21963074072,2900.29284098763,3625.36605123453,
4350.43926148144,4712.97586660489,5075.51247172835,5800.58568197525),(-2.27373675443232E-13,
1956.7007177874),.UNSPECIFIED.)
GEOMETRIC_REPRESENTATION_ITEM()
RATIONAL_B_SPLINE_SURFACE(((1.,1.),(0.951184463085433,0.951184463085433),
(0.896266984056548,0.896266984056548),(0.859655331370623,0.859655331370623),
(0.847451447141982,0.847451447141982),(0.877961157713585,0.877961157713585),
(0.951184463085434,0.951184463085434),(1.,1.),(0.951184463085434,0.951184463085434),
(0.877961157713586,0.877961157713586),(0.847451447141982,0.847451447141982),
(0.859655331370623,0.859655331370623),(0.896266984056547,0.896266984056547),
(0.951184463085434,0.951184463085434),(1.,1.)))
REPRESENTATION_ITEM('')
SURFACE()
);
#475=(
BOUNDED_SURFACE()
B_SPLINE_SURFACE(3,1,((#9703,#9704),(#9705,#9706),(#9707,#9708),(#9709,
#9710),(#9711,#9712),(#9713,#9714),(#9715,#9716),(#9717,#9718),(#9719,#9720),
(#9721,#9722),(#9723,#9724),(#9725,#9726),(#9727,#9728),(#9729,#9730),(#9731,
#9732)),.UNSPECIFIED.,.F.,.F.,.F.)
B_SPLINE_SURFACE_WITH_KNOTS((4,1,1,1,1,3,1,1,1,1,4),(2,2),(-35637.8201937234,
-35005.4018815476,-34689.1927254596,-34372.9835693717,-33740.5652571958,
-33108.14694502,-32475.7286328441,-31843.3103206683,-31527.1011645804,-31210.8920084924,
-30578.4736963166),(0.,1.),.UNSPECIFIED.)
GEOMETRIC_REPRESENTATION_ITEM()
RATIONAL_B_SPLINE_SURFACE(((1.,1.),(0.951184463085434,0.951184463085433),
(0.896266984056547,0.896266984056548),(0.859655331370623,0.859655331370623),
(0.847451447141982,0.847451447141982),(0.877961157713585,0.877961157713585),
(0.951184463085434,0.951184463085434),(1.,1.),(0.951184463085434,0.951184463085434),
(0.877961157713585,0.877961157713586),(0.847451447141982,0.847451447141982),
(0.859655331370623,0.859655331370623),(0.896266984056548,0.896266984056547),
(0.951184463085434,0.951184463085434),(1.,1.)))
REPRESENTATION_ITEM('')
SURFACE()
);
#476=(
BOUNDED_SURFACE()
B_SPLINE_SURFACE(1,3,((#9795,#9796,#9797,#9798,#9799,#9800,#9801,#9802,
#9803,#9804,#9805,#9806,#9807,#9808,#9809),(#9810,#9811,#9812,#9813,#9814,
#9815,#9816,#9817,#9818,#9819,#9820,#9821,#9822,#9823,#9824)),
 .UNSPECIFIED.,.F.,.F.,.F.)
B_SPLINE_SURFACE_WITH_KNOTS((2,2),(4,1,1,1,1,3,1,1,1,1,4),(0.,1.),(-35637.8201937234,
-35005.4018815476,-34689.1927254596,-34372.9835693717,-33740.5652571958,
-33108.14694502,-32475.7286328441,-31843.3103206683,-31527.1011645804,-31210.8920084924,
-30578.4736963166),.UNSPECIFIED.)
GEOMETRIC_REPRESENTATION_ITEM()
RATIONAL_B_SPLINE_SURFACE(((1.,0.951184463085434,0.896266984056547,0.859655331370623,
0.847451447141982,0.877961157713585,0.951184463085434,1.,0.951184463085434,
0.877961157713585,0.847451447141982,0.859655331370623,0.896266984056548,
0.951184463085434,1.),(1.,0.951184463085433,0.896266984056548,0.859655331370623,
0.847451447141982,0.877961157713585,0.951184463085434,1.,0.951184463085434,
0.877961157713586,0.847451447141982,0.859655331370623,0.896266984056547,
0.951184463085434,1.)))
REPRESENTATION_ITEM('')
SURFACE()
);
#477=(
BOUNDED_SURFACE()
B_SPLINE_SURFACE(3,1,((#12515,#12516),(#12517,#12518),(#12519,#12520),(#12521,
#12522)),.UNSPECIFIED.,.F.,.F.,.F.)
B_SPLINE_SURFACE_WITH_KNOTS((4,4),(2,2),(-1.99818871190471E-5,10.3781300038933),
(0.,45.),.UNSPECIFIED.)
GEOMETRIC_REPRESENTATION_ITEM()
RATIONAL_B_SPLINE_SURFACE(((1.,1.),(1.,1.),(1.,1.),(1.,1.)))
REPRESENTATION_ITEM('')
SURFACE()
);
#478=MANIFOLD_SOLID_BREP('brep_1',#542);
#479=MANIFOLD_SOLID_BREP('brep_2',#543);
#480=MANIFOLD_SOLID_BREP('brep_3',#544);
#481=MANIFOLD_SOLID_BREP('brep_4',#545);
#482=MANIFOLD_SOLID_BREP('brep_5',#546);
#483=MANIFOLD_SOLID_BREP('brep_6',#547);
#484=MANIFOLD_SOLID_BREP('brep_7',#548);
#485=MANIFOLD_SOLID_BREP('brep_8',#549);
#486=MANIFOLD_SOLID_BREP('brep_9',#550);
#487=MANIFOLD_SOLID_BREP('brep_10',#551);
#488=MANIFOLD_SOLID_BREP('brep_11',#552);
#489=MANIFOLD_SOLID_BREP('brep_12',#553);
#490=MANIFOLD_SOLID_BREP('brep_13',#554);
#491=MANIFOLD_SOLID_BREP('brep_14',#555);
#492=MANIFOLD_SOLID_BREP('\X2\5B9E4F53\X0\47',#556);
#493=MANIFOLD_SOLID_BREP('\X2\5B9E4F53\X0\48',#557);
#494=MANIFOLD_SOLID_BREP('\X2\5B9E4F53\X0\49',#558);
#495=MANIFOLD_SOLID_BREP('\X2\5B9E4F53\X0\50',#559);
#496=MANIFOLD_SOLID_BREP('\X2\5B9E4F53\X0\51',#560);
#497=MANIFOLD_SOLID_BREP('\X2\5B9E4F53\X0\52',#561);
#498=MANIFOLD_SOLID_BREP('\X2\5B9E4F53\X0\1',#562);
#499=MANIFOLD_SOLID_BREP('\X2\5B9E4F53\X0\2',#563);
#500=MANIFOLD_SOLID_BREP('\X2\5B9E4F53\X0\3',#564);
#501=MANIFOLD_SOLID_BREP('\X2\5B9E4F53\X0\4',#565);
#502=MANIFOLD_SOLID_BREP('\X2\5B9E4F53\X0\5',#566);
#503=MANIFOLD_SOLID_BREP('\X2\5B9E4F53\X0\6',#567);
#504=MANIFOLD_SOLID_BREP('\X2\5B9E4F53\X0\7',#568);
#505=MANIFOLD_SOLID_BREP('\X2\5B9E4F53\X0\8',#569);
#506=MANIFOLD_SOLID_BREP('\X2\5B9E4F53\X0\9',#570);
#507=MANIFOLD_SOLID_BREP('\X2\5B9E4F53\X0\10',#571);
#508=MANIFOLD_SOLID_BREP('\X2\5B9E4F53\X0\11',#572);
#509=MANIFOLD_SOLID_BREP('\X2\5B9E4F53\X0\12',#573);
#510=MANIFOLD_SOLID_BREP('\X2\5B9E4F53\X0\13',#574);
#511=MANIFOLD_SOLID_BREP('\X2\5B9E4F53\X0\14',#575);
#512=MANIFOLD_SOLID_BREP('\X2\5B9E4F53\X0\15',#576);
#513=MANIFOLD_SOLID_BREP('\X2\5B9E4F53\X0\16',#577);
#514=MANIFOLD_SOLID_BREP('\X2\5B9E4F53\X0\17',#578);
#515=MANIFOLD_SOLID_BREP('\X2\5B9E4F53\X0\18',#579);
#516=MANIFOLD_SOLID_BREP('\X2\5B9E4F53\X0\19',#580);
#517=MANIFOLD_SOLID_BREP('\X2\5B9E4F53\X0\20',#581);
#518=MANIFOLD_SOLID_BREP('\X2\5B9E4F53\X0\21',#582);
#519=MANIFOLD_SOLID_BREP('\X2\5B9E4F53\X0\22',#583);
#520=MANIFOLD_SOLID_BREP('\X2\5B9E4F53\X0\23',#584);
#521=MANIFOLD_SOLID_BREP('\X2\5B9E4F53\X0\24',#585);
#522=MANIFOLD_SOLID_BREP('\X2\5B9E4F53\X0\25',#586);
#523=MANIFOLD_SOLID_BREP('\X2\5B9E4F53\X0\26',#587);
#524=MANIFOLD_SOLID_BREP('\X2\5B9E4F53\X0\27',#588);
#525=MANIFOLD_SOLID_BREP('\X2\5B9E4F53\X0\28',#589);
#526=MANIFOLD_SOLID_BREP('\X2\5B9E4F53\X0\29',#590);
#527=MANIFOLD_SOLID_BREP('\X2\5B9E4F53\X0\30',#591);
#528=MANIFOLD_SOLID_BREP('\X2\5B9E4F53\X0\31',#592);
#529=MANIFOLD_SOLID_BREP('\X2\5B9E4F53\X0\32',#593);
#530=MANIFOLD_SOLID_BREP('\X2\5B9E4F53\X0\33',#594);
#531=MANIFOLD_SOLID_BREP('\X2\5B9E4F53\X0\34',#595);
#532=MANIFOLD_SOLID_BREP('\X2\5B9E4F53\X0\35',#596);
#533=MANIFOLD_SOLID_BREP('\X2\5B9E4F53\X0\36',#597);
#534=MANIFOLD_SOLID_BREP('\X2\5B9E4F53\X0\37',#598);
#535=MANIFOLD_SOLID_BREP('\X2\5B9E4F53\X0\38',#599);
#536=MANIFOLD_SOLID_BREP('\X2\5B9E4F53\X0\39',#600);
#537=MANIFOLD_SOLID_BREP('\X2\5B9E4F53\X0\40',#601);
#538=MANIFOLD_SOLID_BREP('\X2\5B9E4F53\X0\41',#602);
#539=MANIFOLD_SOLID_BREP('\X2\5B9E4F53\X0\42',#603);
#540=ADVANCED_BREP_SHAPE_REPRESENTATION('brep_rep_0',(#478,#479,#480,#481,
#482,#483,#484,#485,#486,#487,#488,#489,#490,#491,#8507),#7927);
#541=ADVANCED_BREP_SHAPE_REPRESENTATION('brep_rep_1',(#492,#493,#494,#495,
#496,#497,#498,#499,#500,#501,#502,#503,#504,#505,#506,#507,#508,#509,#510,
#511,#512,#513,#514,#515,#516,#517,#518,#519,#520,#521,#522,#523,#524,#525,
#526,#527,#528,#529,#530,#531,#532,#533,#534,#535,#536,#537,#538,#539,#7929),
#7927);
#542=CLOSED_SHELL('',(#604,#605,#606,#607,#608,#609));
#543=CLOSED_SHELL('',(#610,#611,#612,#613,#614,#615));
#544=CLOSED_SHELL('',(#616,#617,#618,#619,#620,#621));
#545=CLOSED_SHELL('',(#622,#623,#624,#625,#626,#627));
#546=CLOSED_SHELL('',(#628,#629,#630,#631,#632,#633));
#547=CLOSED_SHELL('',(#634,#635,#636,#637,#638,#639));
#548=CLOSED_SHELL('',(#640,#641,#642,#643,#644,#645));
#549=CLOSED_SHELL('',(#646,#647,#648,#649,#650,#651));
#550=CLOSED_SHELL('',(#652,#653,#654,#655,#656,#657));
#551=CLOSED_SHELL('',(#658,#659,#660,#661,#662,#663));
#552=CLOSED_SHELL('',(#664,#665,#666,#667,#668,#669));
#553=CLOSED_SHELL('',(#670,#671,#672,#673,#674,#675));
#554=CLOSED_SHELL('',(#676,#677,#678,#679,#680,#681));
#555=CLOSED_SHELL('',(#682,#683,#684,#685,#686,#687,#688,#689,#690,#691,
#692,#693,#694,#695,#696,#697,#698,#699,#700,#701,#702,#703,#704,#705,#706,
#707,#708,#709,#710,#711,#712,#713,#714,#715,#716,#717,#718,#719,#720,#721,
#722,#723,#724,#725,#726,#727,#728,#729,#730,#731,#732,#733,#734,#735,#736,
#737,#738,#739,#740,#741,#742,#743,#744,#745,#746,#747,#748,#749,#750,#751,
#752,#753,#754,#755,#756,#757,#758,#759,#760,#761,#762,#763,#764,#765,#766,
#767,#768,#769,#770,#771,#772,#773,#774,#775,#776,#777,#778,#779,#780,#781,
#782,#783,#784,#785,#786,#787,#788,#789,#790,#791,#792,#793,#794,#795,#796,
#797,#798,#799,#800,#801,#802,#803,#804,#805,#806,#807,#808,#809,#810,#811,
#812,#813,#814,#815,#816,#817,#818,#819,#820,#821,#822,#823,#824,#825,#826,
#827,#828,#829,#830,#831,#832,#833,#834,#835,#836,#837,#838,#839,#840,#841,
#842,#843,#844,#845,#846,#847,#848,#849,#850,#851,#852,#853,#854,#855,#856,
#857,#858,#859,#860,#861,#862,#863,#864,#865,#866,#867,#868,#869,#870,#871,
#872,#873,#874,#875,#876,#877,#878,#879,#880,#881,#882,#883,#884,#885));
#556=CLOSED_SHELL('',(#886,#887,#888,#889,#890,#891));
#557=CLOSED_SHELL('',(#892,#893,#894,#895,#896,#897));
#558=CLOSED_SHELL('',(#898,#899,#900,#901,#902,#903));
#559=CLOSED_SHELL('',(#904,#905,#906,#907,#908,#909));
#560=CLOSED_SHELL('',(#910,#911,#912,#913,#914,#915));
#561=CLOSED_SHELL('',(#916,#917,#918,#919,#920,#921));
#562=CLOSED_SHELL('',(#922,#923,#924,#925));
#563=CLOSED_SHELL('',(#926,#927,#928,#929,#930,#931));
#564=CLOSED_SHELL('',(#932,#933,#934,#935));
#565=CLOSED_SHELL('',(#936,#937,#938,#939,#940,#941));
#566=CLOSED_SHELL('',(#942,#943,#944,#945));
#567=CLOSED_SHELL('',(#946,#947,#948,#949));
#568=CLOSED_SHELL('',(#950,#951,#952,#953));
#569=CLOSED_SHELL('',(#954,#955,#956,#957,#958,#959,#960,#961,#962,#963));
#570=CLOSED_SHELL('',(#964,#965,#966,#967));
#571=CLOSED_SHELL('',(#968,#969,#970,#971));
#572=CLOSED_SHELL('',(#972,#973,#974,#975));
#573=CLOSED_SHELL('',(#976,#977,#978,#979,#980,#981));
#574=CLOSED_SHELL('',(#982,#983,#984,#985));
#575=CLOSED_SHELL('',(#986,#987,#988,#989));
#576=CLOSED_SHELL('',(#990,#991,#992,#993));
#577=CLOSED_SHELL('',(#994,#995,#996,#997,#998,#999,#1000,#1001));
#578=CLOSED_SHELL('',(#1002,#1003,#1004,#1005));
#579=CLOSED_SHELL('',(#1006,#1007,#1008,#1009));
#580=CLOSED_SHELL('',(#1010,#1011,#1012,#1013));
#581=CLOSED_SHELL('',(#1014,#1015,#1016,#1017));
#582=CLOSED_SHELL('',(#1018,#1019,#1020,#1021));
#583=CLOSED_SHELL('',(#1022,#1023,#1024,#1025,#1026));
#584=CLOSED_SHELL('',(#1027,#1028,#1029,#1030));
#585=CLOSED_SHELL('',(#1031,#1032,#1033,#1034));
#586=CLOSED_SHELL('',(#1035,#1036,#1037,#1038));
#587=CLOSED_SHELL('',(#1039,#1040,#1041,#1042));
#588=CLOSED_SHELL('',(#1043,#1044,#1045,#1046));
#589=CLOSED_SHELL('',(#1047,#1048,#1049,#1050));
#590=CLOSED_SHELL('',(#1051,#1052,#1053,#1054,#1055,#1056));
#591=CLOSED_SHELL('',(#1057,#1058,#1059,#1060,#1061,#1062,#1063));
#592=CLOSED_SHELL('',(#1064,#1065,#1066,#1067,#1068));
#593=CLOSED_SHELL('',(#1069,#1070,#1071,#1072));
#594=CLOSED_SHELL('',(#1073,#1074,#1075,#1076));
#595=CLOSED_SHELL('',(#1077,#1078,#1079,#1080,#1081));
#596=CLOSED_SHELL('',(#1082,#1083,#1084,#1085));
#597=CLOSED_SHELL('',(#1086,#1087,#1088,#1089));
#598=CLOSED_SHELL('',(#1090,#1091,#1092,#1093));
#599=CLOSED_SHELL('',(#1094,#1095,#1096,#1097));
#600=CLOSED_SHELL('',(#1098,#1099,#1100,#1101));
#601=CLOSED_SHELL('',(#1102,#1103,#1104,#1105));
#602=CLOSED_SHELL('',(#1106,#1107,#1108,#1109));
#603=CLOSED_SHELL('',(#1110,#1111,#1112,#1113));
#604=ADVANCED_FACE('',(#1186),#7410,.T.);
#605=ADVANCED_FACE('',(#1187),#7411,.T.);
#606=ADVANCED_FACE('',(#1188),#7412,.T.);
#607=ADVANCED_FACE('',(#1189),#7413,.T.);
#608=ADVANCED_FACE('',(#1190),#7414,.T.);
#609=ADVANCED_FACE('',(#1191),#7415,.T.);
#610=ADVANCED_FACE('',(#1192),#7416,.T.);
#611=ADVANCED_FACE('',(#1193),#7417,.T.);
#612=ADVANCED_FACE('',(#1194),#7418,.T.);
#613=ADVANCED_FACE('',(#1195),#7419,.T.);
#614=ADVANCED_FACE('',(#1196),#7420,.T.);
#615=ADVANCED_FACE('',(#1197),#7421,.T.);
#616=ADVANCED_FACE('',(#1198),#7422,.T.);
#617=ADVANCED_FACE('',(#1199),#7423,.T.);
#618=ADVANCED_FACE('',(#1200),#7424,.T.);
#619=ADVANCED_FACE('',(#1201),#7425,.T.);
#620=ADVANCED_FACE('',(#1202),#7426,.T.);
#621=ADVANCED_FACE('',(#1203),#7427,.T.);
#622=ADVANCED_FACE('',(#1204),#7428,.T.);
#623=ADVANCED_FACE('',(#1205),#7429,.T.);
#624=ADVANCED_FACE('',(#1206),#7430,.T.);
#625=ADVANCED_FACE('',(#1207),#7431,.T.);
#626=ADVANCED_FACE('',(#1208),#7432,.T.);
#627=ADVANCED_FACE('',(#1209),#7433,.T.);
#628=ADVANCED_FACE('',(#1210),#7434,.T.);
#629=ADVANCED_FACE('',(#1211),#7435,.T.);
#630=ADVANCED_FACE('',(#1212),#7436,.T.);
#631=ADVANCED_FACE('',(#1213),#7437,.T.);
#632=ADVANCED_FACE('',(#1214),#7438,.T.);
#633=ADVANCED_FACE('',(#1215),#7439,.T.);
#634=ADVANCED_FACE('',(#1216),#7440,.T.);
#635=ADVANCED_FACE('',(#1217),#7441,.T.);
#636=ADVANCED_FACE('',(#1218),#7442,.T.);
#637=ADVANCED_FACE('',(#1219),#7443,.T.);
#638=ADVANCED_FACE('',(#1220),#7444,.T.);
#639=ADVANCED_FACE('',(#1221),#7445,.T.);
#640=ADVANCED_FACE('',(#1222),#7446,.T.);
#641=ADVANCED_FACE('',(#1223),#7447,.T.);
#642=ADVANCED_FACE('',(#1224),#7448,.T.);
#643=ADVANCED_FACE('',(#1225),#7449,.T.);
#644=ADVANCED_FACE('',(#1226),#7450,.T.);
#645=ADVANCED_FACE('',(#1227),#7451,.T.);
#646=ADVANCED_FACE('',(#1228),#7452,.T.);
#647=ADVANCED_FACE('',(#1229),#7453,.T.);
#648=ADVANCED_FACE('',(#1230),#7454,.T.);
#649=ADVANCED_FACE('',(#1231),#7455,.T.);
#650=ADVANCED_FACE('',(#1232),#7456,.T.);
#651=ADVANCED_FACE('',(#1233),#7457,.T.);
#652=ADVANCED_FACE('',(#1234),#7458,.T.);
#653=ADVANCED_FACE('',(#1235),#7459,.T.);
#654=ADVANCED_FACE('',(#1236),#7460,.T.);
#655=ADVANCED_FACE('',(#1237),#7461,.T.);
#656=ADVANCED_FACE('',(#1238),#7462,.T.);
#657=ADVANCED_FACE('',(#1239),#7463,.T.);
#658=ADVANCED_FACE('',(#1240),#7464,.T.);
#659=ADVANCED_FACE('',(#1241),#7465,.T.);
#660=ADVANCED_FACE('',(#1242),#7466,.T.);
#661=ADVANCED_FACE('',(#1243),#7467,.T.);
#662=ADVANCED_FACE('',(#1244),#7468,.T.);
#663=ADVANCED_FACE('',(#1245),#7469,.T.);
#664=ADVANCED_FACE('',(#1246),#7470,.T.);
#665=ADVANCED_FACE('',(#1247),#7471,.T.);
#666=ADVANCED_FACE('',(#1248),#7472,.T.);
#667=ADVANCED_FACE('',(#1249),#7473,.T.);
#668=ADVANCED_FACE('',(#1250),#7474,.T.);
#669=ADVANCED_FACE('',(#1251),#7475,.T.);
#670=ADVANCED_FACE('',(#1252),#7476,.T.);
#671=ADVANCED_FACE('',(#1253),#7477,.T.);
#672=ADVANCED_FACE('',(#1254),#7478,.T.);
#673=ADVANCED_FACE('',(#1255),#7479,.T.);
#674=ADVANCED_FACE('',(#1256),#7480,.T.);
#675=ADVANCED_FACE('',(#1257),#7481,.T.);
#676=ADVANCED_FACE('',(#1258),#7482,.T.);
#677=ADVANCED_FACE('',(#1259),#7483,.T.);
#678=ADVANCED_FACE('',(#1260),#7484,.T.);
#679=ADVANCED_FACE('',(#1261),#7485,.T.);
#680=ADVANCED_FACE('',(#1262),#7486,.T.);
#681=ADVANCED_FACE('',(#1263),#7487,.T.);
#682=ADVANCED_FACE('',(#1264),#7488,.T.);
#683=ADVANCED_FACE('',(#1265),#7489,.T.);
#684=ADVANCED_FACE('',(#1266),#7490,.T.);
#685=ADVANCED_FACE('',(#1267),#7491,.T.);
#686=ADVANCED_FACE('',(#1268),#7492,.T.);
#687=ADVANCED_FACE('',(#1269),#7493,.T.);
#688=ADVANCED_FACE('',(#1270),#7494,.T.);
#689=ADVANCED_FACE('',(#1271),#7495,.T.);
#690=ADVANCED_FACE('',(#1272),#7496,.T.);
#691=ADVANCED_FACE('',(#1273),#7497,.T.);
#692=ADVANCED_FACE('',(#1274),#7498,.T.);
#693=ADVANCED_FACE('',(#1275),#7499,.T.);
#694=ADVANCED_FACE('',(#1276),#7500,.T.);
#695=ADVANCED_FACE('',(#1277),#7501,.T.);
#696=ADVANCED_FACE('',(#1278),#7502,.T.);
#697=ADVANCED_FACE('',(#1279),#7503,.T.);
#698=ADVANCED_FACE('',(#1280),#7504,.T.);
#699=ADVANCED_FACE('',(#1281),#7505,.T.);
#700=ADVANCED_FACE('',(#1282),#7506,.T.);
#701=ADVANCED_FACE('',(#1283),#7507,.T.);
#702=ADVANCED_FACE('',(#1284),#7508,.T.);
#703=ADVANCED_FACE('',(#1285),#7509,.T.);
#704=ADVANCED_FACE('',(#1286),#7510,.T.);
#705=ADVANCED_FACE('',(#1287),#7511,.T.);
#706=ADVANCED_FACE('',(#1288),#7512,.T.);
#707=ADVANCED_FACE('',(#1289),#7513,.T.);
#708=ADVANCED_FACE('',(#1290),#7514,.T.);
#709=ADVANCED_FACE('',(#1291),#7515,.T.);
#710=ADVANCED_FACE('',(#1292),#7516,.T.);
#711=ADVANCED_FACE('',(#1293),#7517,.T.);
#712=ADVANCED_FACE('',(#1294),#7518,.T.);
#713=ADVANCED_FACE('',(#1295),#473,.T.);
#714=ADVANCED_FACE('',(#1296),#7519,.T.);
#715=ADVANCED_FACE('',(#1297),#7520,.T.);
#716=ADVANCED_FACE('',(#1298),#7521,.T.);
#717=ADVANCED_FACE('',(#1299),#7522,.T.);
#718=ADVANCED_FACE('',(#1300),#7523,.T.);
#719=ADVANCED_FACE('',(#1301),#7524,.T.);
#720=ADVANCED_FACE('',(#1302),#7525,.T.);
#721=ADVANCED_FACE('',(#1303),#7526,.T.);
#722=ADVANCED_FACE('',(#1304),#7527,.T.);
#723=ADVANCED_FACE('',(#1305),#7528,.T.);
#724=ADVANCED_FACE('',(#1306),#7529,.T.);
#725=ADVANCED_FACE('',(#1307),#7530,.T.);
#726=ADVANCED_FACE('',(#1308),#7531,.T.);
#727=ADVANCED_FACE('',(#1309),#7532,.T.);
#728=ADVANCED_FACE('',(#1310),#7533,.T.);
#729=ADVANCED_FACE('',(#1311),#7534,.T.);
#730=ADVANCED_FACE('',(#1312),#7535,.T.);
#731=ADVANCED_FACE('',(#1313),#7536,.T.);
#732=ADVANCED_FACE('',(#1314),#7537,.T.);
#733=ADVANCED_FACE('',(#1315),#7538,.T.);
#734=ADVANCED_FACE('',(#1316),#7539,.T.);
#735=ADVANCED_FACE('',(#1317),#7540,.T.);
#736=ADVANCED_FACE('',(#1318),#7541,.T.);
#737=ADVANCED_FACE('',(#1319),#7542,.T.);
#738=ADVANCED_FACE('',(#1320),#7543,.T.);
#739=ADVANCED_FACE('',(#1321),#7544,.T.);
#740=ADVANCED_FACE('',(#1322),#7545,.T.);
#741=ADVANCED_FACE('',(#1323),#7546,.T.);
#742=ADVANCED_FACE('',(#1324),#7547,.T.);
#743=ADVANCED_FACE('',(#1325),#7548,.T.);
#744=ADVANCED_FACE('',(#1326),#7549,.T.);
#745=ADVANCED_FACE('',(#1327),#474,.T.);
#746=ADVANCED_FACE('',(#1328),#329,.T.);
#747=ADVANCED_FACE('',(#1329),#330,.T.);
#748=ADVANCED_FACE('',(#1330),#331,.T.);
#749=ADVANCED_FACE('',(#1331),#332,.T.);
#750=ADVANCED_FACE('',(#1332),#333,.T.);
#751=ADVANCED_FACE('',(#1333),#334,.T.);
#752=ADVANCED_FACE('',(#1334),#335,.T.);
#753=ADVANCED_FACE('',(#1335),#336,.T.);
#754=ADVANCED_FACE('',(#1336),#337,.T.);
#755=ADVANCED_FACE('',(#1337),#338,.T.);
#756=ADVANCED_FACE('',(#1338),#339,.T.);
#757=ADVANCED_FACE('',(#1339),#340,.T.);
#758=ADVANCED_FACE('',(#1340),#341,.T.);
#759=ADVANCED_FACE('',(#1341),#342,.T.);
#760=ADVANCED_FACE('',(#1342),#343,.T.);
#761=ADVANCED_FACE('',(#1343),#344,.T.);
#762=ADVANCED_FACE('',(#1344),#475,.T.);
#763=ADVANCED_FACE('',(#1345),#7550,.T.);
#764=ADVANCED_FACE('',(#1346),#7551,.T.);
#765=ADVANCED_FACE('',(#1347),#7552,.T.);
#766=ADVANCED_FACE('',(#1348),#7553,.T.);
#767=ADVANCED_FACE('',(#1349),#7554,.T.);
#768=ADVANCED_FACE('',(#1350),#7555,.T.);
#769=ADVANCED_FACE('',(#1351),#7556,.T.);
#770=ADVANCED_FACE('',(#1352),#7557,.T.);
#771=ADVANCED_FACE('',(#1353),#7558,.T.);
#772=ADVANCED_FACE('',(#1354),#7559,.T.);
#773=ADVANCED_FACE('',(#1355),#7560,.T.);
#774=ADVANCED_FACE('',(#1356),#7561,.T.);
#775=ADVANCED_FACE('',(#1357),#7562,.T.);
#776=ADVANCED_FACE('',(#1358),#7563,.T.);
#777=ADVANCED_FACE('',(#1359),#7564,.T.);
#778=ADVANCED_FACE('',(#1360),#7565,.T.);
#779=ADVANCED_FACE('',(#1361),#7566,.T.);
#780=ADVANCED_FACE('',(#1362),#7567,.T.);
#781=ADVANCED_FACE('',(#1363),#7568,.T.);
#782=ADVANCED_FACE('',(#1364),#7569,.T.);
#783=ADVANCED_FACE('',(#1365),#7570,.T.);
#784=ADVANCED_FACE('',(#1366),#7571,.T.);
#785=ADVANCED_FACE('',(#1367),#7572,.T.);
#786=ADVANCED_FACE('',(#1368),#7573,.T.);
#787=ADVANCED_FACE('',(#1369),#7574,.T.);
#788=ADVANCED_FACE('',(#1370),#7575,.T.);
#789=ADVANCED_FACE('',(#1371),#7576,.T.);
#790=ADVANCED_FACE('',(#1372),#7577,.T.);
#791=ADVANCED_FACE('',(#1373),#7578,.T.);
#792=ADVANCED_FACE('',(#1374),#7579,.T.);
#793=ADVANCED_FACE('',(#1375),#7580,.T.);
#794=ADVANCED_FACE('',(#1376),#7581,.T.);
#795=ADVANCED_FACE('',(#1377),#7582,.T.);
#796=ADVANCED_FACE('',(#1378),#7583,.T.);
#797=ADVANCED_FACE('',(#1379),#7584,.T.);
#798=ADVANCED_FACE('',(#1380),#7585,.T.);
#799=ADVANCED_FACE('',(#1381),#7586,.T.);
#800=ADVANCED_FACE('',(#1382),#7587,.T.);
#801=ADVANCED_FACE('',(#1383),#7588,.T.);
#802=ADVANCED_FACE('',(#1384),#7589,.T.);
#803=ADVANCED_FACE('',(#1385),#7590,.T.);
#804=ADVANCED_FACE('',(#1386),#7591,.T.);
#805=ADVANCED_FACE('',(#1387),#7592,.T.);
#806=ADVANCED_FACE('',(#1388),#7593,.T.);
#807=ADVANCED_FACE('',(#1389),#7594,.T.);
#808=ADVANCED_FACE('',(#1390),#7595,.T.);
#809=ADVANCED_FACE('',(#1391),#7596,.T.);
#810=ADVANCED_FACE('',(#1392),#7597,.T.);
#811=ADVANCED_FACE('',(#1393),#7598,.T.);
#812=ADVANCED_FACE('',(#1394),#7599,.T.);
#813=ADVANCED_FACE('',(#1395),#7600,.T.);
#814=ADVANCED_FACE('',(#1396),#7601,.T.);
#815=ADVANCED_FACE('',(#1397),#7602,.T.);
#816=ADVANCED_FACE('',(#1398),#7603,.T.);
#817=ADVANCED_FACE('',(#1399),#7604,.T.);
#818=ADVANCED_FACE('',(#1400),#7605,.T.);
#819=ADVANCED_FACE('',(#1401),#7606,.T.);
#820=ADVANCED_FACE('',(#1402),#7607,.T.);
#821=ADVANCED_FACE('',(#1403),#7608,.T.);
#822=ADVANCED_FACE('',(#1404),#7609,.T.);
#823=ADVANCED_FACE('',(#1405),#7610,.T.);
#824=ADVANCED_FACE('',(#1406),#7611,.T.);
#825=ADVANCED_FACE('',(#1407),#476,.T.);
#826=ADVANCED_FACE('',(#1408),#7612,.T.);
#827=ADVANCED_FACE('',(#1409),#7613,.T.);
#828=ADVANCED_FACE('',(#1410),#7614,.T.);
#829=ADVANCED_FACE('',(#1411),#7615,.T.);
#830=ADVANCED_FACE('',(#1412),#7616,.T.);
#831=ADVANCED_FACE('',(#1413),#7617,.T.);
#832=ADVANCED_FACE('',(#1414),#7618,.T.);
#833=ADVANCED_FACE('',(#1415),#7619,.T.);
#834=ADVANCED_FACE('',(#1416),#7620,.T.);
#835=ADVANCED_FACE('',(#1417),#7621,.T.);
#836=ADVANCED_FACE('',(#1418),#7622,.T.);
#837=ADVANCED_FACE('',(#1419),#7623,.T.);
#838=ADVANCED_FACE('',(#1420),#7624,.T.);
#839=ADVANCED_FACE('',(#1421),#7625,.T.);
#840=ADVANCED_FACE('',(#1422),#7626,.T.);
#841=ADVANCED_FACE('',(#1423),#7627,.T.);
#842=ADVANCED_FACE('',(#1424),#7628,.T.);
#843=ADVANCED_FACE('',(#1425),#7629,.T.);
#844=ADVANCED_FACE('',(#1426),#7630,.T.);
#845=ADVANCED_FACE('',(#1427),#7631,.T.);
#846=ADVANCED_FACE('',(#1428),#7632,.T.);
#847=ADVANCED_FACE('',(#1429),#7633,.T.);
#848=ADVANCED_FACE('',(#1430),#7634,.T.);
#849=ADVANCED_FACE('',(#1431),#7635,.T.);
#850=ADVANCED_FACE('',(#1432),#7636,.T.);
#851=ADVANCED_FACE('',(#1433),#7637,.T.);
#852=ADVANCED_FACE('',(#1434),#7638,.T.);
#853=ADVANCED_FACE('',(#1435),#7639,.T.);
#854=ADVANCED_FACE('',(#1436),#7640,.T.);
#855=ADVANCED_FACE('',(#1437),#7641,.T.);
#856=ADVANCED_FACE('',(#1438),#7642,.T.);
#857=ADVANCED_FACE('',(#1439),#7643,.T.);
#858=ADVANCED_FACE('',(#1440),#7644,.T.);
#859=ADVANCED_FACE('',(#1441),#7645,.T.);
#860=ADVANCED_FACE('',(#1442),#7646,.T.);
#861=ADVANCED_FACE('',(#1443),#7647,.T.);
#862=ADVANCED_FACE('',(#1444),#7648,.T.);
#863=ADVANCED_FACE('',(#1445),#7649,.T.);
#864=ADVANCED_FACE('',(#1446),#7650,.T.);
#865=ADVANCED_FACE('',(#1447),#7651,.T.);
#866=ADVANCED_FACE('',(#1448),#7652,.T.);
#867=ADVANCED_FACE('',(#1449),#7653,.T.);
#868=ADVANCED_FACE('',(#1450),#7654,.T.);
#869=ADVANCED_FACE('',(#1451),#7655,.T.);
#870=ADVANCED_FACE('',(#1452),#7656,.T.);
#871=ADVANCED_FACE('',(#1453),#7657,.T.);
#872=ADVANCED_FACE('',(#1454),#7658,.T.);
#873=ADVANCED_FACE('',(#1455),#7659,.T.);
#874=ADVANCED_FACE('',(#1456),#7660,.T.);
#875=ADVANCED_FACE('',(#1457),#7661,.T.);
#876=ADVANCED_FACE('',(#1458),#7662,.T.);
#877=ADVANCED_FACE('',(#1459),#7663,.T.);
#878=ADVANCED_FACE('',(#1460),#7664,.T.);
#879=ADVANCED_FACE('',(#1461),#7665,.T.);
#880=ADVANCED_FACE('',(#1462),#7666,.T.);
#881=ADVANCED_FACE('',(#1463),#7667,.T.);
#882=ADVANCED_FACE('',(#1464),#7668,.T.);
#883=ADVANCED_FACE('',(#1465),#7669,.T.);
#884=ADVANCED_FACE('',(#1466),#7670,.T.);
#885=ADVANCED_FACE('',(#1467),#7671,.T.);
#886=ADVANCED_FACE('',(#1468),#345,.T.);
#887=ADVANCED_FACE('',(#1469),#7672,.T.);
#888=ADVANCED_FACE('',(#1470),#346,.F.);
#889=ADVANCED_FACE('',(#1471),#7673,.T.);
#890=ADVANCED_FACE('',(#1472),#7674,.T.);
#891=ADVANCED_FACE('',(#1473),#7675,.T.);
#892=ADVANCED_FACE('',(#1474),#347,.T.);
#893=ADVANCED_FACE('',(#1475),#7676,.T.);
#894=ADVANCED_FACE('',(#1476),#348,.F.);
#895=ADVANCED_FACE('',(#1477),#7677,.T.);
#896=ADVANCED_FACE('',(#1478),#7678,.T.);
#897=ADVANCED_FACE('',(#1479),#7679,.T.);
#898=ADVANCED_FACE('',(#1480),#349,.T.);
#899=ADVANCED_FACE('',(#1481),#7680,.T.);
#900=ADVANCED_FACE('',(#1482),#350,.F.);
#901=ADVANCED_FACE('',(#1483),#7681,.T.);
#902=ADVANCED_FACE('',(#1484),#7682,.T.);
#903=ADVANCED_FACE('',(#1485),#7683,.T.);
#904=ADVANCED_FACE('',(#1486),#351,.T.);
#905=ADVANCED_FACE('',(#1487),#7684,.T.);
#906=ADVANCED_FACE('',(#1488),#352,.F.);
#907=ADVANCED_FACE('',(#1489),#7685,.T.);
#908=ADVANCED_FACE('',(#1490),#7686,.T.);
#909=ADVANCED_FACE('',(#1491),#7687,.T.);
#910=ADVANCED_FACE('',(#1492),#7688,.T.);
#911=ADVANCED_FACE('',(#1493),#353,.F.);
#912=ADVANCED_FACE('',(#1494),#7689,.T.);
#913=ADVANCED_FACE('',(#1495),#354,.T.);
#914=ADVANCED_FACE('',(#1496),#7690,.T.);
#915=ADVANCED_FACE('',(#1497),#7691,.T.);
#916=ADVANCED_FACE('',(#1498),#355,.T.);
#917=ADVANCED_FACE('',(#1499),#7692,.T.);
#918=ADVANCED_FACE('',(#1500),#356,.F.);
#919=ADVANCED_FACE('',(#1501),#7693,.T.);
#920=ADVANCED_FACE('',(#1502),#7694,.T.);
#921=ADVANCED_FACE('',(#1503),#7695,.T.);
#922=ADVANCED_FACE('',(#1504),#7696,.T.);
#923=ADVANCED_FACE('',(#1505),#357,.T.);
#924=ADVANCED_FACE('',(#1506),#7697,.T.);
#925=ADVANCED_FACE('',(#1507),#7698,.T.);
#926=ADVANCED_FACE('',(#1508),#7699,.T.);
#927=ADVANCED_FACE('',(#1509),#358,.T.);
#928=ADVANCED_FACE('',(#1510),#7700,.T.);
#929=ADVANCED_FACE('',(#1511),#359,.T.);
#930=ADVANCED_FACE('',(#1512),#7701,.T.);
#931=ADVANCED_FACE('',(#1513),#7702,.T.);
#932=ADVANCED_FACE('',(#1514),#360,.T.);
#933=ADVANCED_FACE('',(#1515),#7703,.T.);
#934=ADVANCED_FACE('',(#1516),#7704,.T.);
#935=ADVANCED_FACE('',(#1517),#7705,.T.);
#936=ADVANCED_FACE('',(#1518),#361,.F.);
#937=ADVANCED_FACE('',(#1519),#362,.T.);
#938=ADVANCED_FACE('',(#1520,#28),#7706,.T.);
#939=ADVANCED_FACE('',(#1521,#29),#7707,.T.);
#940=ADVANCED_FACE('',(#1522),#363,.F.);
#941=ADVANCED_FACE('',(#1523),#364,.T.);
#942=ADVANCED_FACE('',(#1524),#365,.T.);
#943=ADVANCED_FACE('',(#1525),#7708,.T.);
#944=ADVANCED_FACE('',(#1526),#7709,.T.);
#945=ADVANCED_FACE('',(#1527),#366,.T.);
#946=ADVANCED_FACE('',(#1528),#367,.T.);
#947=ADVANCED_FACE('',(#1529),#7710,.T.);
#948=ADVANCED_FACE('',(#1530),#7711,.T.);
#949=ADVANCED_FACE('',(#1531),#7712,.T.);
#950=ADVANCED_FACE('',(#1532),#368,.T.);
#951=ADVANCED_FACE('',(#1533),#7713,.T.);
#952=ADVANCED_FACE('',(#1534),#7714,.T.);
#953=ADVANCED_FACE('',(#1535),#369,.T.);
#954=ADVANCED_FACE('',(#1536),#370,.T.);
#955=ADVANCED_FACE('',(#1537),#7715,.T.);
#956=ADVANCED_FACE('',(#1538),#371,.T.);
#957=ADVANCED_FACE('',(#1539),#372,.T.);
#958=ADVANCED_FACE('',(#1540),#373,.T.);
#959=ADVANCED_FACE('',(#1541),#374,.T.);
#960=ADVANCED_FACE('',(#1542),#375,.T.);
#961=ADVANCED_FACE('',(#1543),#7716,.T.);
#962=ADVANCED_FACE('',(#1544),#7717,.T.);
#963=ADVANCED_FACE('',(#1545),#7718,.T.);
#964=ADVANCED_FACE('',(#1546),#376,.T.);
#965=ADVANCED_FACE('',(#1547),#7719,.T.);
#966=ADVANCED_FACE('',(#1548),#7720,.T.);
#967=ADVANCED_FACE('',(#1549),#7721,.T.);
#968=ADVANCED_FACE('',(#1550),#377,.T.);
#969=ADVANCED_FACE('',(#1551),#7722,.T.);
#970=ADVANCED_FACE('',(#1552),#7723,.T.);
#971=ADVANCED_FACE('',(#1553),#378,.T.);
#972=ADVANCED_FACE('',(#1554),#379,.T.);
#973=ADVANCED_FACE('',(#1555),#7724,.T.);
#974=ADVANCED_FACE('',(#1556),#7725,.T.);
#975=ADVANCED_FACE('',(#1557),#7726,.T.);
#976=ADVANCED_FACE('',(#1558),#380,.F.);
#977=ADVANCED_FACE('',(#1559),#381,.T.);
#978=ADVANCED_FACE('',(#1560,#30),#7727,.T.);
#979=ADVANCED_FACE('',(#1561,#31),#7728,.T.);
#980=ADVANCED_FACE('',(#1562),#382,.F.);
#981=ADVANCED_FACE('',(#1563),#383,.T.);
#982=ADVANCED_FACE('',(#1564),#384,.T.);
#983=ADVANCED_FACE('',(#1565),#7729,.T.);
#984=ADVANCED_FACE('',(#1566),#7730,.T.);
#985=ADVANCED_FACE('',(#1567),#385,.T.);
#986=ADVANCED_FACE('',(#1568),#386,.T.);
#987=ADVANCED_FACE('',(#1569),#7731,.T.);
#988=ADVANCED_FACE('',(#1570),#7732,.T.);
#989=ADVANCED_FACE('',(#1571),#387,.T.);
#990=ADVANCED_FACE('',(#1572),#388,.T.);
#991=ADVANCED_FACE('',(#1573),#7733,.T.);
#992=ADVANCED_FACE('',(#1574),#7734,.T.);
#993=ADVANCED_FACE('',(#1575),#389,.T.);
#994=ADVANCED_FACE('',(#1576),#390,.T.);
#995=ADVANCED_FACE('',(#1577),#391,.T.);
#996=ADVANCED_FACE('',(#1578),#392,.T.);
#997=ADVANCED_FACE('',(#1579),#393,.T.);
#998=ADVANCED_FACE('',(#1580),#394,.T.);
#999=ADVANCED_FACE('',(#1581),#7735,.T.);
#1000=ADVANCED_FACE('',(#1582),#7736,.T.);
#1001=ADVANCED_FACE('',(#1583),#7737,.T.);
#1002=ADVANCED_FACE('',(#1584),#395,.T.);
#1003=ADVANCED_FACE('',(#1585),#7738,.T.);
#1004=ADVANCED_FACE('',(#1586),#7739,.T.);
#1005=ADVANCED_FACE('',(#1587),#396,.T.);
#1006=ADVANCED_FACE('',(#1588),#397,.T.);
#1007=ADVANCED_FACE('',(#1589),#7740,.T.);
#1008=ADVANCED_FACE('',(#1590),#7741,.T.);
#1009=ADVANCED_FACE('',(#1591),#7742,.T.);
#1010=ADVANCED_FACE('',(#1592),#398,.T.);
#1011=ADVANCED_FACE('',(#1593),#7743,.T.);
#1012=ADVANCED_FACE('',(#1594),#7744,.T.);
#1013=ADVANCED_FACE('',(#1595),#7745,.T.);
#1014=ADVANCED_FACE('',(#1596),#399,.T.);
#1015=ADVANCED_FACE('',(#1597),#7746,.T.);
#1016=ADVANCED_FACE('',(#1598),#7747,.T.);
#1017=ADVANCED_FACE('',(#1599),#400,.T.);
#1018=ADVANCED_FACE('',(#1600),#401,.T.);
#1019=ADVANCED_FACE('',(#1601),#7748,.T.);
#1020=ADVANCED_FACE('',(#1602),#7749,.T.);
#1021=ADVANCED_FACE('',(#1603),#402,.T.);
#1022=ADVANCED_FACE('',(#1604),#7750,.T.);
#1023=ADVANCED_FACE('',(#1605),#403,.T.);
#1024=ADVANCED_FACE('',(#1606),#7751,.T.);
#1025=ADVANCED_FACE('',(#1607),#7752,.T.);
#1026=ADVANCED_FACE('',(#1608),#7753,.T.);
#1027=ADVANCED_FACE('',(#1609),#404,.T.);
#1028=ADVANCED_FACE('',(#1610),#7754,.T.);
#1029=ADVANCED_FACE('',(#1611),#7755,.T.);
#1030=ADVANCED_FACE('',(#1612),#405,.T.);
#1031=ADVANCED_FACE('',(#1613),#406,.T.);
#1032=ADVANCED_FACE('',(#1614),#7756,.T.);
#1033=ADVANCED_FACE('',(#1615),#7757,.T.);
#1034=ADVANCED_FACE('',(#1616),#7758,.T.);
#1035=ADVANCED_FACE('',(#1617),#407,.T.);
#1036=ADVANCED_FACE('',(#1618),#7759,.T.);
#1037=ADVANCED_FACE('',(#1619),#7760,.T.);
#1038=ADVANCED_FACE('',(#1620),#7761,.T.);
#1039=ADVANCED_FACE('',(#1621),#408,.T.);
#1040=ADVANCED_FACE('',(#1622),#7762,.T.);
#1041=ADVANCED_FACE('',(#1623),#7763,.T.);
#1042=ADVANCED_FACE('',(#1624),#409,.T.);
#1043=ADVANCED_FACE('',(#1625),#410,.T.);
#1044=ADVANCED_FACE('',(#1626),#7764,.T.);
#1045=ADVANCED_FACE('',(#1627),#7765,.T.);
#1046=ADVANCED_FACE('',(#1628),#7766,.T.);
#1047=ADVANCED_FACE('',(#1629),#411,.T.);
#1048=ADVANCED_FACE('',(#1630),#7767,.T.);
#1049=ADVANCED_FACE('',(#1631),#7768,.T.);
#1050=ADVANCED_FACE('',(#1632),#412,.T.);
#1051=ADVANCED_FACE('',(#1633),#413,.T.);
#1052=ADVANCED_FACE('',(#1634),#7769,.T.);
#1053=ADVANCED_FACE('',(#1635),#414,.T.);
#1054=ADVANCED_FACE('',(#1636),#7770,.T.);
#1055=ADVANCED_FACE('',(#1637),#7771,.T.);
#1056=ADVANCED_FACE('',(#1638),#7772,.T.);
#1057=ADVANCED_FACE('',(#1639),#415,.T.);
#1058=ADVANCED_FACE('',(#1640),#416,.T.);
#1059=ADVANCED_FACE('',(#1641),#417,.T.);
#1060=ADVANCED_FACE('',(#1642),#477,.T.);
#1061=ADVANCED_FACE('',(#1643),#7773,.T.);
#1062=ADVANCED_FACE('',(#1644),#7774,.T.);
#1063=ADVANCED_FACE('',(#1645),#7775,.T.);
#1064=ADVANCED_FACE('',(#1646),#418,.T.);
#1065=ADVANCED_FACE('',(#1647),#7776,.T.);
#1066=ADVANCED_FACE('',(#1648),#7777,.T.);
#1067=ADVANCED_FACE('',(#1649),#7778,.T.);
#1068=ADVANCED_FACE('',(#1650),#7779,.T.);
#1069=ADVANCED_FACE('',(#1651),#419,.T.);
#1070=ADVANCED_FACE('',(#1652),#7780,.T.);
#1071=ADVANCED_FACE('',(#1653),#7781,.T.);
#1072=ADVANCED_FACE('',(#1654),#7782,.T.);
#1073=ADVANCED_FACE('',(#1655),#420,.T.);
#1074=ADVANCED_FACE('',(#1656),#7783,.T.);
#1075=ADVANCED_FACE('',(#1657),#7784,.T.);
#1076=ADVANCED_FACE('',(#1658),#421,.T.);
#1077=ADVANCED_FACE('',(#1659),#422,.T.);
#1078=ADVANCED_FACE('',(#1660),#7785,.T.);
#1079=ADVANCED_FACE('',(#1661),#7786,.T.);
#1080=ADVANCED_FACE('',(#1662),#7787,.T.);
#1081=ADVANCED_FACE('',(#1663),#7788,.T.);
#1082=ADVANCED_FACE('',(#1664),#423,.T.);
#1083=ADVANCED_FACE('',(#1665),#7789,.T.);
#1084=ADVANCED_FACE('',(#1666),#7790,.T.);
#1085=ADVANCED_FACE('',(#1667),#7791,.T.);
#1086=ADVANCED_FACE('',(#1668),#424,.T.);
#1087=ADVANCED_FACE('',(#1669),#7792,.T.);
#1088=ADVANCED_FACE('',(#1670),#7793,.T.);
#1089=ADVANCED_FACE('',(#1671),#425,.T.);
#1090=ADVANCED_FACE('',(#1672),#426,.T.);
#1091=ADVANCED_FACE('',(#1673),#7794,.T.);
#1092=ADVANCED_FACE('',(#1674),#7795,.T.);
#1093=ADVANCED_FACE('',(#1675),#427,.T.);
#1094=ADVANCED_FACE('',(#1676),#428,.T.);
#1095=ADVANCED_FACE('',(#1677),#7796,.T.);
#1096=ADVANCED_FACE('',(#1678),#7797,.T.);
#1097=ADVANCED_FACE('',(#1679),#7798,.T.);
#1098=ADVANCED_FACE('',(#1680),#429,.T.);
#1099=ADVANCED_FACE('',(#1681),#7799,.T.);
#1100=ADVANCED_FACE('',(#1682),#7800,.T.);
#1101=ADVANCED_FACE('',(#1683),#430,.T.);
#1102=ADVANCED_FACE('',(#1684),#431,.T.);
#1103=ADVANCED_FACE('',(#1685),#7801,.T.);
#1104=ADVANCED_FACE('',(#1686),#7802,.T.);
#1105=ADVANCED_FACE('',(#1687),#432,.T.);
#1106=ADVANCED_FACE('',(#1688),#433,.T.);
#1107=ADVANCED_FACE('',(#1689),#7803,.T.);
#1108=ADVANCED_FACE('',(#1690),#7804,.T.);
#1109=ADVANCED_FACE('',(#1691),#7805,.T.);
#1110=ADVANCED_FACE('',(#1692),#434,.T.);
#1111=ADVANCED_FACE('',(#1693),#7806,.T.);
#1112=ADVANCED_FACE('',(#1694),#7807,.T.);
#1113=ADVANCED_FACE('',(#1695),#435,.T.);
#1114=ADVANCED_FACE('',(#1696),#436,.T.);
#1115=ADVANCED_FACE('',(#1697),#437,.T.);
#1116=ADVANCED_FACE('',(#1698),#438,.F.);
#1117=ADVANCED_FACE('',(#1699),#7808,.T.);
#1118=ADVANCED_FACE('',(#1700),#439,.T.);
#1119=ADVANCED_FACE('',(#1701),#7809,.T.);
#1120=ADVANCED_FACE('',(#1702),#440,.F.);
#1121=ADVANCED_FACE('',(#1703),#7810,.T.);
#1122=ADVANCED_FACE('',(#1704),#441,.T.);
#1123=ADVANCED_FACE('',(#1705),#7811,.T.);
#1124=ADVANCED_FACE('',(#1706),#442,.T.);
#1125=ADVANCED_FACE('',(#1707),#7812,.T.);
#1126=ADVANCED_FACE('',(#1708),#443,.F.);
#1127=ADVANCED_FACE('',(#1709),#7813,.T.);
#1128=ADVANCED_FACE('',(#1710),#444,.T.);
#1129=ADVANCED_FACE('',(#1711),#7814,.T.);
#1130=ADVANCED_FACE('',(#1712),#445,.T.);
#1131=ADVANCED_FACE('',(#1713),#7815,.T.);
#1132=ADVANCED_FACE('',(#1714),#446,.F.);
#1133=ADVANCED_FACE('',(#1715),#7816,.T.);
#1134=ADVANCED_FACE('',(#1716),#447,.T.);
#1135=ADVANCED_FACE('',(#1717),#7817,.T.);
#1136=ADVANCED_FACE('',(#1718),#448,.F.);
#1137=ADVANCED_FACE('',(#1719),#7818,.T.);
#1138=ADVANCED_FACE('',(#1720),#449,.F.);
#1139=ADVANCED_FACE('',(#1721),#7819,.T.);
#1140=ADVANCED_FACE('',(#1722),#450,.T.);
#1141=ADVANCED_FACE('',(#1723),#7820,.T.);
#1142=ADVANCED_FACE('',(#1724),#451,.F.);
#1143=ADVANCED_FACE('',(#1725),#7821,.T.);
#1144=ADVANCED_FACE('',(#1726),#452,.T.);
#1145=ADVANCED_FACE('',(#1727),#7822,.T.);
#1146=ADVANCED_FACE('',(#1728),#453,.F.);
#1147=ADVANCED_FACE('',(#1729),#7823,.T.);
#1148=ADVANCED_FACE('',(#1730),#454,.F.);
#1149=ADVANCED_FACE('',(#1731),#7824,.T.);
#1150=ADVANCED_FACE('',(#1732),#455,.T.);
#1151=ADVANCED_FACE('',(#1733),#7825,.T.);
#1152=ADVANCED_FACE('',(#1734),#456,.F.);
#1153=ADVANCED_FACE('',(#1735),#7826,.T.);
#1154=ADVANCED_FACE('',(#1736),#457,.F.);
#1155=ADVANCED_FACE('',(#1737),#7827,.T.);
#1156=ADVANCED_FACE('',(#1738),#458,.T.);
#1157=ADVANCED_FACE('',(#1739),#7828,.T.);
#1158=ADVANCED_FACE('',(#1740),#459,.F.);
#1159=ADVANCED_FACE('',(#1741),#7829,.T.);
#1160=ADVANCED_FACE('',(#1742),#460,.T.);
#1161=ADVANCED_FACE('',(#1743),#7830,.T.);
#1162=ADVANCED_FACE('',(#1744),#461,.F.);
#1163=ADVANCED_FACE('',(#1745),#7831,.T.);
#1164=ADVANCED_FACE('',(#1746),#462,.F.);
#1165=ADVANCED_FACE('',(#1747),#7832,.T.);
#1166=ADVANCED_FACE('',(#1748),#463,.T.);
#1167=ADVANCED_FACE('',(#1749),#16,.T.);
#1168=ADVANCED_FACE('',(#1750),#464,.T.);
#1169=ADVANCED_FACE('',(#1751),#7833,.T.);
#1170=ADVANCED_FACE('',(#1752),#7834,.T.);
#1171=ADVANCED_FACE('',(#1753),#465,.T.);
#1172=ADVANCED_FACE('',(#1754),#7835,.T.);
#1173=ADVANCED_FACE('',(#1755),#466,.F.);
#1174=ADVANCED_FACE('',(#1756),#7836,.T.);
#1175=ADVANCED_FACE('',(#1757),#467,.T.);
#1176=ADVANCED_FACE('',(#1758),#7837,.T.);
#1177=ADVANCED_FACE('',(#1759),#468,.T.);
#1178=ADVANCED_FACE('',(#1760),#7838,.T.);
#1179=ADVANCED_FACE('',(#1761),#469,.F.);
#1180=ADVANCED_FACE('',(#1762),#7839,.T.);
#1181=ADVANCED_FACE('',(#1763),#470,.T.);
#1182=ADVANCED_FACE('',(#1764),#7840,.T.);
#1183=ADVANCED_FACE('',(#1765),#471,.F.);
#1184=ADVANCED_FACE('',(#1766),#7841,.T.);
#1185=ADVANCED_FACE('',(#1767),#472,.F.);
#1186=FACE_OUTER_BOUND('',#1768,.T.);
#1187=FACE_OUTER_BOUND('',#1769,.T.);
#1188=FACE_OUTER_BOUND('',#1770,.T.);
#1189=FACE_OUTER_BOUND('',#1771,.T.);
#1190=FACE_OUTER_BOUND('',#1772,.T.);
#1191=FACE_OUTER_BOUND('',#1773,.T.);
#1192=FACE_OUTER_BOUND('',#1774,.T.);
#1193=FACE_OUTER_BOUND('',#1775,.T.);
#1194=FACE_OUTER_BOUND('',#1776,.T.);
#1195=FACE_OUTER_BOUND('',#1777,.T.);
#1196=FACE_OUTER_BOUND('',#1778,.T.);
#1197=FACE_OUTER_BOUND('',#1779,.T.);
#1198=FACE_OUTER_BOUND('',#1780,.T.);
#1199=FACE_OUTER_BOUND('',#1781,.T.);
#1200=FACE_OUTER_BOUND('',#1782,.T.);
#1201=FACE_OUTER_BOUND('',#1783,.T.);
#1202=FACE_OUTER_BOUND('',#1784,.T.);
#1203=FACE_OUTER_BOUND('',#1785,.T.);
#1204=FACE_OUTER_BOUND('',#1786,.T.);
#1205=FACE_OUTER_BOUND('',#1787,.T.);
#1206=FACE_OUTER_BOUND('',#1788,.T.);
#1207=FACE_OUTER_BOUND('',#1789,.T.);
#1208=FACE_OUTER_BOUND('',#1790,.T.);
#1209=FACE_OUTER_BOUND('',#1791,.T.);
#1210=FACE_OUTER_BOUND('',#1792,.T.);
#1211=FACE_OUTER_BOUND('',#1793,.T.);
#1212=FACE_OUTER_BOUND('',#1794,.T.);
#1213=FACE_OUTER_BOUND('',#1795,.T.);
#1214=FACE_OUTER_BOUND('',#1796,.T.);
#1215=FACE_OUTER_BOUND('',#1797,.T.);
#1216=FACE_OUTER_BOUND('',#1798,.T.);
#1217=FACE_OUTER_BOUND('',#1799,.T.);
#1218=FACE_OUTER_BOUND('',#1800,.T.);
#1219=FACE_OUTER_BOUND('',#1801,.T.);
#1220=FACE_OUTER_BOUND('',#1802,.T.);
#1221=FACE_OUTER_BOUND('',#1803,.T.);
#1222=FACE_OUTER_BOUND('',#1804,.T.);
#1223=FACE_OUTER_BOUND('',#1805,.T.);
#1224=FACE_OUTER_BOUND('',#1806,.T.);
#1225=FACE_OUTER_BOUND('',#1807,.T.);
#1226=FACE_OUTER_BOUND('',#1808,.T.);
#1227=FACE_OUTER_BOUND('',#1809,.T.);
#1228=FACE_OUTER_BOUND('',#1810,.T.);
#1229=FACE_OUTER_BOUND('',#1811,.T.);
#1230=FACE_OUTER_BOUND('',#1812,.T.);
#1231=FACE_OUTER_BOUND('',#1813,.T.);
#1232=FACE_OUTER_BOUND('',#1814,.T.);
#1233=FACE_OUTER_BOUND('',#1815,.T.);
#1234=FACE_OUTER_BOUND('',#1816,.T.);
#1235=FACE_OUTER_BOUND('',#1817,.T.);
#1236=FACE_OUTER_BOUND('',#1818,.T.);
#1237=FACE_OUTER_BOUND('',#1819,.T.);
#1238=FACE_OUTER_BOUND('',#1820,.T.);
#1239=FACE_OUTER_BOUND('',#1821,.T.);
#1240=FACE_OUTER_BOUND('',#1822,.T.);
#1241=FACE_OUTER_BOUND('',#1823,.T.);
#1242=FACE_OUTER_BOUND('',#1824,.T.);
#1243=FACE_OUTER_BOUND('',#1825,.T.);
#1244=FACE_OUTER_BOUND('',#1826,.T.);
#1245=FACE_OUTER_BOUND('',#1827,.T.);
#1246=FACE_OUTER_BOUND('',#1828,.T.);
#1247=FACE_OUTER_BOUND('',#1829,.T.);
#1248=FACE_OUTER_BOUND('',#1830,.T.);
#1249=FACE_OUTER_BOUND('',#1831,.T.);
#1250=FACE_OUTER_BOUND('',#1832,.T.);
#1251=FACE_OUTER_BOUND('',#1833,.T.);
#1252=FACE_OUTER_BOUND('',#1834,.T.);
#1253=FACE_OUTER_BOUND('',#1835,.T.);
#1254=FACE_OUTER_BOUND('',#1836,.T.);
#1255=FACE_OUTER_BOUND('',#1837,.T.);
#1256=FACE_OUTER_BOUND('',#1838,.T.);
#1257=FACE_OUTER_BOUND('',#1839,.T.);
#1258=FACE_OUTER_BOUND('',#1840,.T.);
#1259=FACE_OUTER_BOUND('',#1841,.T.);
#1260=FACE_OUTER_BOUND('',#1842,.T.);
#1261=FACE_OUTER_BOUND('',#1843,.T.);
#1262=FACE_OUTER_BOUND('',#1844,.T.);
#1263=FACE_OUTER_BOUND('',#1845,.T.);
#1264=FACE_OUTER_BOUND('',#1846,.T.);
#1265=FACE_OUTER_BOUND('',#1847,.T.);
#1266=FACE_OUTER_BOUND('',#1848,.T.);
#1267=FACE_OUTER_BOUND('',#1849,.T.);
#1268=FACE_OUTER_BOUND('',#1850,.T.);
#1269=FACE_OUTER_BOUND('',#1851,.T.);
#1270=FACE_OUTER_BOUND('',#1852,.T.);
#1271=FACE_OUTER_BOUND('',#1853,.T.);
#1272=FACE_OUTER_BOUND('',#1854,.T.);
#1273=FACE_OUTER_BOUND('',#1855,.T.);
#1274=FACE_OUTER_BOUND('',#1856,.T.);
#1275=FACE_OUTER_BOUND('',#1857,.T.);
#1276=FACE_OUTER_BOUND('',#1858,.T.);
#1277=FACE_OUTER_BOUND('',#1859,.T.);
#1278=FACE_OUTER_BOUND('',#1860,.T.);
#1279=FACE_OUTER_BOUND('',#1861,.T.);
#1280=FACE_OUTER_BOUND('',#1862,.T.);
#1281=FACE_OUTER_BOUND('',#1863,.T.);
#1282=FACE_OUTER_BOUND('',#1864,.T.);
#1283=FACE_OUTER_BOUND('',#1865,.T.);
#1284=FACE_OUTER_BOUND('',#1866,.T.);
#1285=FACE_OUTER_BOUND('',#1867,.T.);
#1286=FACE_OUTER_BOUND('',#1868,.T.);
#1287=FACE_OUTER_BOUND('',#1869,.T.);
#1288=FACE_OUTER_BOUND('',#1870,.T.);
#1289=FACE_OUTER_BOUND('',#1871,.T.);
#1290=FACE_OUTER_BOUND('',#1872,.T.);
#1291=FACE_OUTER_BOUND('',#1873,.T.);
#1292=FACE_OUTER_BOUND('',#1874,.T.);
#1293=FACE_OUTER_BOUND('',#1875,.T.);
#1294=FACE_OUTER_BOUND('',#1876,.T.);
#1295=FACE_OUTER_BOUND('',#1877,.T.);
#1296=FACE_OUTER_BOUND('',#1878,.T.);
#1297=FACE_OUTER_BOUND('',#1879,.T.);
#1298=FACE_OUTER_BOUND('',#1880,.T.);
#1299=FACE_OUTER_BOUND('',#1881,.T.);
#1300=FACE_OUTER_BOUND('',#1882,.T.);
#1301=FACE_OUTER_BOUND('',#1883,.T.);
#1302=FACE_OUTER_BOUND('',#1884,.T.);
#1303=FACE_OUTER_BOUND('',#1885,.T.);
#1304=FACE_OUTER_BOUND('',#1886,.T.);
#1305=FACE_OUTER_BOUND('',#1887,.T.);
#1306=FACE_OUTER_BOUND('',#1888,.T.);
#1307=FACE_OUTER_BOUND('',#1889,.T.);
#1308=FACE_OUTER_BOUND('',#1890,.T.);
#1309=FACE_OUTER_BOUND('',#1891,.T.);
#1310=FACE_OUTER_BOUND('',#1892,.T.);
#1311=FACE_OUTER_BOUND('',#1893,.T.);
#1312=FACE_OUTER_BOUND('',#1894,.T.);
#1313=FACE_OUTER_BOUND('',#1895,.T.);
#1314=FACE_OUTER_BOUND('',#1896,.T.);
#1315=FACE_OUTER_BOUND('',#1897,.T.);
#1316=FACE_OUTER_BOUND('',#1898,.T.);
#1317=FACE_OUTER_BOUND('',#1899,.T.);
#1318=FACE_OUTER_BOUND('',#1900,.T.);
#1319=FACE_OUTER_BOUND('',#1901,.T.);
#1320=FACE_OUTER_BOUND('',#1902,.T.);
#1321=FACE_OUTER_BOUND('',#1903,.T.);
#1322=FACE_OUTER_BOUND('',#1904,.T.);
#1323=FACE_OUTER_BOUND('',#1905,.T.);
#1324=FACE_OUTER_BOUND('',#1906,.T.);
#1325=FACE_OUTER_BOUND('',#1907,.T.);
#1326=FACE_OUTER_BOUND('',#1908,.T.);
#1327=FACE_OUTER_BOUND('',#1909,.T.);
#1328=FACE_OUTER_BOUND('',#1910,.T.);
#1329=FACE_OUTER_BOUND('',#1911,.T.);
#1330=FACE_OUTER_BOUND('',#1912,.T.);
#1331=FACE_OUTER_BOUND('',#1913,.T.);
#1332=FACE_OUTER_BOUND('',#1914,.T.);
#1333=FACE_OUTER_BOUND('',#1915,.T.);
#1334=FACE_OUTER_BOUND('',#1916,.T.);
#1335=FACE_OUTER_BOUND('',#1917,.T.);
#1336=FACE_OUTER_BOUND('',#1918,.T.);
#1337=FACE_OUTER_BOUND('',#1919,.T.);
#1338=FACE_OUTER_BOUND('',#1920,.T.);
#1339=FACE_OUTER_BOUND('',#1921,.T.);
#1340=FACE_OUTER_BOUND('',#1922,.T.);
#1341=FACE_OUTER_BOUND('',#1923,.T.);
#1342=FACE_OUTER_BOUND('',#1924,.T.);
#1343=FACE_OUTER_BOUND('',#1925,.T.);
#1344=FACE_OUTER_BOUND('',#1926,.T.);
#1345=FACE_OUTER_BOUND('',#1927,.T.);
#1346=FACE_OUTER_BOUND('',#1928,.T.);
#1347=FACE_OUTER_BOUND('',#1929,.T.);
#1348=FACE_OUTER_BOUND('',#1930,.T.);
#1349=FACE_OUTER_BOUND('',#1931,.T.);
#1350=FACE_OUTER_BOUND('',#1932,.T.);
#1351=FACE_OUTER_BOUND('',#1933,.T.);
#1352=FACE_OUTER_BOUND('',#1934,.T.);
#1353=FACE_OUTER_BOUND('',#1935,.T.);
#1354=FACE_OUTER_BOUND('',#1936,.T.);
#1355=FACE_OUTER_BOUND('',#1937,.T.);
#1356=FACE_OUTER_BOUND('',#1938,.T.);
#1357=FACE_OUTER_BOUND('',#1939,.T.);
#1358=FACE_OUTER_BOUND('',#1940,.T.);
#1359=FACE_OUTER_BOUND('',#1941,.T.);
#1360=FACE_OUTER_BOUND('',#1942,.T.);
#1361=FACE_OUTER_BOUND('',#1943,.T.);
#1362=FACE_OUTER_BOUND('',#1944,.T.);
#1363=FACE_OUTER_BOUND('',#1945,.T.);
#1364=FACE_OUTER_BOUND('',#1946,.T.);
#1365=FACE_OUTER_BOUND('',#1947,.T.);
#1366=FACE_OUTER_BOUND('',#1948,.T.);
#1367=FACE_OUTER_BOUND('',#1949,.T.);
#1368=FACE_OUTER_BOUND('',#1950,.T.);
#1369=FACE_OUTER_BOUND('',#1951,.T.);
#1370=FACE_OUTER_BOUND('',#1952,.T.);
#1371=FACE_OUTER_BOUND('',#1953,.T.);
#1372=FACE_OUTER_BOUND('',#1954,.T.);
#1373=FACE_OUTER_BOUND('',#1955,.T.);
#1374=FACE_OUTER_BOUND('',#1956,.T.);
#1375=FACE_OUTER_BOUND('',#1957,.T.);
#1376=FACE_OUTER_BOUND('',#1958,.T.);
#1377=FACE_OUTER_BOUND('',#1959,.T.);
#1378=FACE_OUTER_BOUND('',#1960,.T.);
#1379=FACE_OUTER_BOUND('',#1961,.T.);
#1380=FACE_OUTER_BOUND('',#1962,.T.);
#1381=FACE_OUTER_BOUND('',#1963,.T.);
#1382=FACE_OUTER_BOUND('',#1964,.T.);
#1383=FACE_OUTER_BOUND('',#1965,.T.);
#1384=FACE_OUTER_BOUND('',#1966,.T.);
#1385=FACE_OUTER_BOUND('',#1967,.T.);
#1386=FACE_OUTER_BOUND('',#1968,.T.);
#1387=FACE_OUTER_BOUND('',#1969,.T.);
#1388=FACE_OUTER_BOUND('',#1970,.T.);
#1389=FACE_OUTER_BOUND('',#1971,.T.);
#1390=FACE_OUTER_BOUND('',#1972,.T.);
#1391=FACE_OUTER_BOUND('',#1973,.T.);
#1392=FACE_OUTER_BOUND('',#1974,.T.);
#1393=FACE_OUTER_BOUND('',#1975,.T.);
#1394=FACE_OUTER_BOUND('',#1976,.T.);
#1395=FACE_OUTER_BOUND('',#1977,.T.);
#1396=FACE_OUTER_BOUND('',#1978,.T.);
#1397=FACE_OUTER_BOUND('',#1979,.T.);
#1398=FACE_OUTER_BOUND('',#1980,.T.);
#1399=FACE_OUTER_BOUND('',#1981,.T.);
#1400=FACE_OUTER_BOUND('',#1982,.T.);
#1401=FACE_OUTER_BOUND('',#1983,.T.);
#1402=FACE_OUTER_BOUND('',#1984,.T.);
#1403=FACE_OUTER_BOUND('',#1985,.T.);
#1404=FACE_OUTER_BOUND('',#1986,.T.);
#1405=FACE_OUTER_BOUND('',#1987,.T.);
#1406=FACE_OUTER_BOUND('',#1988,.T.);
#1407=FACE_OUTER_BOUND('',#1989,.T.);
#1408=FACE_OUTER_BOUND('',#1990,.T.);
#1409=FACE_OUTER_BOUND('',#1991,.T.);
#1410=FACE_OUTER_BOUND('',#1992,.T.);
#1411=FACE_OUTER_BOUND('',#1993,.T.);
#1412=FACE_OUTER_BOUND('',#1994,.T.);
#1413=FACE_OUTER_BOUND('',#1995,.T.);
#1414=FACE_OUTER_BOUND('',#1996,.T.);
#1415=FACE_OUTER_BOUND('',#1997,.T.);
#1416=FACE_OUTER_BOUND('',#1998,.T.);
#1417=FACE_OUTER_BOUND('',#1999,.T.);
#1418=FACE_OUTER_BOUND('',#2000,.T.);
#1419=FACE_OUTER_BOUND('',#2001,.T.);
#1420=FACE_OUTER_BOUND('',#2002,.T.);
#1421=FACE_OUTER_BOUND('',#2003,.T.);
#1422=FACE_OUTER_BOUND('',#2004,.T.);
#1423=FACE_OUTER_BOUND('',#2005,.T.);
#1424=FACE_OUTER_BOUND('',#2006,.T.);
#1425=FACE_OUTER_BOUND('',#2007,.T.);
#1426=FACE_OUTER_BOUND('',#2008,.T.);
#1427=FACE_OUTER_BOUND('',#2009,.T.);
#1428=FACE_OUTER_BOUND('',#2010,.T.);
#1429=FACE_OUTER_BOUND('',#2011,.T.);
#1430=FACE_OUTER_BOUND('',#2012,.T.);
#1431=FACE_OUTER_BOUND('',#2013,.T.);
#1432=FACE_OUTER_BOUND('',#2014,.T.);
#1433=FACE_OUTER_BOUND('',#2015,.T.);
#1434=FACE_OUTER_BOUND('',#2016,.T.);
#1435=FACE_OUTER_BOUND('',#2017,.T.);
#1436=FACE_OUTER_BOUND('',#2018,.T.);
#1437=FACE_OUTER_BOUND('',#2019,.T.);
#1438=FACE_OUTER_BOUND('',#2020,.T.);
#1439=FACE_OUTER_BOUND('',#2021,.T.);
#1440=FACE_OUTER_BOUND('',#2022,.T.);
#1441=FACE_OUTER_BOUND('',#2023,.T.);
#1442=FACE_OUTER_BOUND('',#2024,.T.);
#1443=FACE_OUTER_BOUND('',#2025,.T.);
#1444=FACE_OUTER_BOUND('',#2026,.T.);
#1445=FACE_OUTER_BOUND('',#2027,.T.);
#1446=FACE_OUTER_BOUND('',#2028,.T.);
#1447=FACE_OUTER_BOUND('',#2029,.T.);
#1448=FACE_OUTER_BOUND('',#2030,.T.);
#1449=FACE_OUTER_BOUND('',#2031,.T.);
#1450=FACE_OUTER_BOUND('',#2032,.T.);
#1451=FACE_OUTER_BOUND('',#2033,.T.);
#1452=FACE_OUTER_BOUND('',#2034,.T.);
#1453=FACE_OUTER_BOUND('',#2035,.T.);
#1454=FACE_OUTER_BOUND('',#2036,.T.);
#1455=FACE_OUTER_BOUND('',#2037,.T.);
#1456=FACE_OUTER_BOUND('',#2038,.T.);
#1457=FACE_OUTER_BOUND('',#2039,.T.);
#1458=FACE_OUTER_BOUND('',#2040,.T.);
#1459=FACE_OUTER_BOUND('',#2041,.T.);
#1460=FACE_OUTER_BOUND('',#2042,.T.);
#1461=FACE_OUTER_BOUND('',#2043,.T.);
#1462=FACE_OUTER_BOUND('',#2044,.T.);
#1463=FACE_OUTER_BOUND('',#2045,.T.);
#1464=FACE_OUTER_BOUND('',#2046,.T.);
#1465=FACE_OUTER_BOUND('',#2047,.T.);
#1466=FACE_OUTER_BOUND('',#2048,.T.);
#1467=FACE_OUTER_BOUND('',#2049,.T.);
#1468=FACE_OUTER_BOUND('',#2050,.T.);
#1469=FACE_OUTER_BOUND('',#2051,.T.);
#1470=FACE_OUTER_BOUND('',#2052,.T.);
#1471=FACE_OUTER_BOUND('',#2053,.T.);
#1472=FACE_OUTER_BOUND('',#2054,.T.);
#1473=FACE_OUTER_BOUND('',#2055,.T.);
#1474=FACE_OUTER_BOUND('',#2056,.T.);
#1475=FACE_OUTER_BOUND('',#2057,.T.);
#1476=FACE_OUTER_BOUND('',#2058,.T.);
#1477=FACE_OUTER_BOUND('',#2059,.T.);
#1478=FACE_OUTER_BOUND('',#2060,.T.);
#1479=FACE_OUTER_BOUND('',#2061,.T.);
#1480=FACE_OUTER_BOUND('',#2062,.T.);
#1481=FACE_OUTER_BOUND('',#2063,.T.);
#1482=FACE_OUTER_BOUND('',#2064,.T.);
#1483=FACE_OUTER_BOUND('',#2065,.T.);
#1484=FACE_OUTER_BOUND('',#2066,.T.);
#1485=FACE_OUTER_BOUND('',#2067,.T.);
#1486=FACE_OUTER_BOUND('',#2068,.T.);
#1487=FACE_OUTER_BOUND('',#2069,.T.);
#1488=FACE_OUTER_BOUND('',#2070,.T.);
#1489=FACE_OUTER_BOUND('',#2071,.T.);
#1490=FACE_OUTER_BOUND('',#2072,.T.);
#1491=FACE_OUTER_BOUND('',#2073,.T.);
#1492=FACE_OUTER_BOUND('',#2074,.T.);
#1493=FACE_OUTER_BOUND('',#2075,.T.);
#1494=FACE_OUTER_BOUND('',#2076,.T.);
#1495=FACE_OUTER_BOUND('',#2077,.T.);
#1496=FACE_OUTER_BOUND('',#2078,.T.);
#1497=FACE_OUTER_BOUND('',#2079,.T.);
#1498=FACE_OUTER_BOUND('',#2080,.T.);
#1499=FACE_OUTER_BOUND('',#2081,.T.);
#1500=FACE_OUTER_BOUND('',#2082,.T.);
#1501=FACE_OUTER_BOUND('',#2083,.T.);
#1502=FACE_OUTER_BOUND('',#2084,.T.);
#1503=FACE_OUTER_BOUND('',#2085,.T.);
#1504=FACE_OUTER_BOUND('',#2086,.T.);
#1505=FACE_OUTER_BOUND('',#2087,.T.);
#1506=FACE_OUTER_BOUND('',#2088,.T.);
#1507=FACE_OUTER_BOUND('',#2089,.T.);
#1508=FACE_OUTER_BOUND('',#2090,.T.);
#1509=FACE_OUTER_BOUND('',#2091,.T.);
#1510=FACE_OUTER_BOUND('',#2092,.T.);
#1511=FACE_OUTER_BOUND('',#2093,.T.);
#1512=FACE_OUTER_BOUND('',#2094,.T.);
#1513=FACE_OUTER_BOUND('',#2095,.T.);
#1514=FACE_OUTER_BOUND('',#2096,.T.);
#1515=FACE_OUTER_BOUND('',#2097,.T.);
#1516=FACE_OUTER_BOUND('',#2098,.T.);
#1517=FACE_OUTER_BOUND('',#2099,.T.);
#1518=FACE_OUTER_BOUND('',#2100,.T.);
#1519=FACE_OUTER_BOUND('',#2101,.T.);
#1520=FACE_OUTER_BOUND('',#2102,.T.);
#1521=FACE_OUTER_BOUND('',#2104,.T.);
#1522=FACE_OUTER_BOUND('',#2106,.T.);
#1523=FACE_OUTER_BOUND('',#2107,.T.);
#1524=FACE_OUTER_BOUND('',#2108,.T.);
#1525=FACE_OUTER_BOUND('',#2109,.T.);
#1526=FACE_OUTER_BOUND('',#2110,.T.);
#1527=FACE_OUTER_BOUND('',#2111,.T.);
#1528=FACE_OUTER_BOUND('',#2112,.T.);
#1529=FACE_OUTER_BOUND('',#2113,.T.);
#1530=FACE_OUTER_BOUND('',#2114,.T.);
#1531=FACE_OUTER_BOUND('',#2115,.T.);
#1532=FACE_OUTER_BOUND('',#2116,.T.);
#1533=FACE_OUTER_BOUND('',#2117,.T.);
#1534=FACE_OUTER_BOUND('',#2118,.T.);
#1535=FACE_OUTER_BOUND('',#2119,.T.);
#1536=FACE_OUTER_BOUND('',#2120,.T.);
#1537=FACE_OUTER_BOUND('',#2121,.T.);
#1538=FACE_OUTER_BOUND('',#2122,.T.);
#1539=FACE_OUTER_BOUND('',#2123,.T.);
#1540=FACE_OUTER_BOUND('',#2124,.T.);
#1541=FACE_OUTER_BOUND('',#2125,.T.);
#1542=FACE_OUTER_BOUND('',#2126,.T.);
#1543=FACE_OUTER_BOUND('',#2127,.T.);
#1544=FACE_OUTER_BOUND('',#2128,.T.);
#1545=FACE_OUTER_BOUND('',#2129,.T.);
#1546=FACE_OUTER_BOUND('',#2130,.T.);
#1547=FACE_OUTER_BOUND('',#2131,.T.);
#1548=FACE_OUTER_BOUND('',#2132,.T.);
#1549=FACE_OUTER_BOUND('',#2133,.T.);
#1550=FACE_OUTER_BOUND('',#2134,.T.);
#1551=FACE_OUTER_BOUND('',#2135,.T.);
#1552=FACE_OUTER_BOUND('',#2136,.T.);
#1553=FACE_OUTER_BOUND('',#2137,.T.);
#1554=FACE_OUTER_BOUND('',#2138,.T.);
#1555=FACE_OUTER_BOUND('',#2139,.T.);
#1556=FACE_OUTER_BOUND('',#2140,.T.);
#1557=FACE_OUTER_BOUND('',#2141,.T.);
#1558=FACE_OUTER_BOUND('',#2142,.T.);
#1559=FACE_OUTER_BOUND('',#2143,.T.);
#1560=FACE_OUTER_BOUND('',#2144,.T.);
#1561=FACE_OUTER_BOUND('',#2146,.T.);
#1562=FACE_OUTER_BOUND('',#2148,.T.);
#1563=FACE_OUTER_BOUND('',#2149,.T.);
#1564=FACE_OUTER_BOUND('',#2150,.T.);
#1565=FACE_OUTER_BOUND('',#2151,.T.);
#1566=FACE_OUTER_BOUND('',#2152,.T.);
#1567=FACE_OUTER_BOUND('',#2153,.T.);
#1568=FACE_OUTER_BOUND('',#2154,.T.);
#1569=FACE_OUTER_BOUND('',#2155,.T.);
#1570=FACE_OUTER_BOUND('',#2156,.T.);
#1571=FACE_OUTER_BOUND('',#2157,.T.);
#1572=FACE_OUTER_BOUND('',#2158,.T.);
#1573=FACE_OUTER_BOUND('',#2159,.T.);
#1574=FACE_OUTER_BOUND('',#2160,.T.);
#1575=FACE_OUTER_BOUND('',#2161,.T.);
#1576=FACE_OUTER_BOUND('',#2162,.T.);
#1577=FACE_OUTER_BOUND('',#2163,.T.);
#1578=FACE_OUTER_BOUND('',#2164,.T.);
#1579=FACE_OUTER_BOUND('',#2165,.T.);
#1580=FACE_OUTER_BOUND('',#2166,.T.);
#1581=FACE_OUTER_BOUND('',#2167,.T.);
#1582=FACE_OUTER_BOUND('',#2168,.T.);
#1583=FACE_OUTER_BOUND('',#2169,.T.);
#1584=FACE_OUTER_BOUND('',#2170,.T.);
#1585=FACE_OUTER_BOUND('',#2171,.T.);
#1586=FACE_OUTER_BOUND('',#2172,.T.);
#1587=FACE_OUTER_BOUND('',#2173,.T.);
#1588=FACE_OUTER_BOUND('',#2174,.T.);
#1589=FACE_OUTER_BOUND('',#2175,.T.);
#1590=FACE_OUTER_BOUND('',#2176,.T.);
#1591=FACE_OUTER_BOUND('',#2177,.T.);
#1592=FACE_OUTER_BOUND('',#2178,.T.);
#1593=FACE_OUTER_BOUND('',#2179,.T.);
#1594=FACE_OUTER_BOUND('',#2180,.T.);
#1595=FACE_OUTER_BOUND('',#2181,.T.);
#1596=FACE_OUTER_BOUND('',#2182,.T.);
#1597=FACE_OUTER_BOUND('',#2183,.T.);
#1598=FACE_OUTER_BOUND('',#2184,.T.);
#1599=FACE_OUTER_BOUND('',#2185,.T.);
#1600=FACE_OUTER_BOUND('',#2186,.T.);
#1601=FACE_OUTER_BOUND('',#2187,.T.);
#1602=FACE_OUTER_BOUND('',#2188,.T.);
#1603=FACE_OUTER_BOUND('',#2189,.T.);
#1604=FACE_OUTER_BOUND('',#2190,.T.);
#1605=FACE_OUTER_BOUND('',#2191,.T.);
#1606=FACE_OUTER_BOUND('',#2192,.T.);
#1607=FACE_OUTER_BOUND('',#2193,.T.);
#1608=FACE_OUTER_BOUND('',#2194,.T.);
#1609=FACE_OUTER_BOUND('',#2195,.T.);
#1610=FACE_OUTER_BOUND('',#2196,.T.);
#1611=FACE_OUTER_BOUND('',#2197,.T.);
#1612=FACE_OUTER_BOUND('',#2198,.T.);
#1613=FACE_OUTER_BOUND('',#2199,.T.);
#1614=FACE_OUTER_BOUND('',#2200,.T.);
#1615=FACE_OUTER_BOUND('',#2201,.T.);
#1616=FACE_OUTER_BOUND('',#2202,.T.);
#1617=FACE_OUTER_BOUND('',#2203,.T.);
#1618=FACE_OUTER_BOUND('',#2204,.T.);
#1619=FACE_OUTER_BOUND('',#2205,.T.);
#1620=FACE_OUTER_BOUND('',#2206,.T.);
#1621=FACE_OUTER_BOUND('',#2207,.T.);
#1622=FACE_OUTER_BOUND('',#2208,.T.);
#1623=FACE_OUTER_BOUND('',#2209,.T.);
#1624=FACE_OUTER_BOUND('',#2210,.T.);
#1625=FACE_OUTER_BOUND('',#2211,.T.);
#1626=FACE_OUTER_BOUND('',#2212,.T.);
#1627=FACE_OUTER_BOUND('',#2213,.T.);
#1628=FACE_OUTER_BOUND('',#2214,.T.);
#1629=FACE_OUTER_BOUND('',#2215,.T.);
#1630=FACE_OUTER_BOUND('',#2216,.T.);
#1631=FACE_OUTER_BOUND('',#2217,.T.);
#1632=FACE_OUTER_BOUND('',#2218,.T.);
#1633=FACE_OUTER_BOUND('',#2219,.T.);
#1634=FACE_OUTER_BOUND('',#2220,.T.);
#1635=FACE_OUTER_BOUND('',#2221,.T.);
#1636=FACE_OUTER_BOUND('',#2222,.T.);
#1637=FACE_OUTER_BOUND('',#2223,.T.);
#1638=FACE_OUTER_BOUND('',#2224,.T.);
#1639=FACE_OUTER_BOUND('',#2225,.T.);
#1640=FACE_OUTER_BOUND('',#2226,.T.);
#1641=FACE_OUTER_BOUND('',#2227,.T.);
#1642=FACE_OUTER_BOUND('',#2228,.T.);
#1643=FACE_OUTER_BOUND('',#2229,.T.);
#1644=FACE_OUTER_BOUND('',#2230,.T.);
#1645=FACE_OUTER_BOUND('',#2231,.T.);
#1646=FACE_OUTER_BOUND('',#2232,.T.);
#1647=FACE_OUTER_BOUND('',#2233,.T.);
#1648=FACE_OUTER_BOUND('',#2234,.T.);
#1649=FACE_OUTER_BOUND('',#2235,.T.);
#1650=FACE_OUTER_BOUND('',#2236,.T.);
#1651=FACE_OUTER_BOUND('',#2237,.T.);
#1652=FACE_OUTER_BOUND('',#2238,.T.);
#1653=FACE_OUTER_BOUND('',#2239,.T.);
#1654=FACE_OUTER_BOUND('',#2240,.T.);
#1655=FACE_OUTER_BOUND('',#2241,.T.);
#1656=FACE_OUTER_BOUND('',#2242,.T.);
#1657=FACE_OUTER_BOUND('',#2243,.T.);
#1658=FACE_OUTER_BOUND('',#2244,.T.);
#1659=FACE_OUTER_BOUND('',#2245,.T.);
#1660=FACE_OUTER_BOUND('',#2246,.T.);
#1661=FACE_OUTER_BOUND('',#2247,.T.);
#1662=FACE_OUTER_BOUND('',#2248,.T.);
#1663=FACE_OUTER_BOUND('',#2249,.T.);
#1664=FACE_OUTER_BOUND('',#2250,.T.);
#1665=FACE_OUTER_BOUND('',#2251,.T.);
#1666=FACE_OUTER_BOUND('',#2252,.T.);
#1667=FACE_OUTER_BOUND('',#2253,.T.);
#1668=FACE_OUTER_BOUND('',#2254,.T.);
#1669=FACE_OUTER_BOUND('',#2255,.T.);
#1670=FACE_OUTER_BOUND('',#2256,.T.);
#1671=FACE_OUTER_BOUND('',#2257,.T.);
#1672=FACE_OUTER_BOUND('',#2258,.T.);
#1673=FACE_OUTER_BOUND('',#2259,.T.);
#1674=FACE_OUTER_BOUND('',#2260,.T.);
#1675=FACE_OUTER_BOUND('',#2261,.T.);
#1676=FACE_OUTER_BOUND('',#2262,.T.);
#1677=FACE_OUTER_BOUND('',#2263,.T.);
#1678=FACE_OUTER_BOUND('',#2264,.T.);
#1679=FACE_OUTER_BOUND('',#2265,.T.);
#1680=FACE_OUTER_BOUND('',#2266,.T.);
#1681=FACE_OUTER_BOUND('',#2267,.T.);
#1682=FACE_OUTER_BOUND('',#2268,.T.);
#1683=FACE_OUTER_BOUND('',#2269,.T.);
#1684=FACE_OUTER_BOUND('',#2270,.T.);
#1685=FACE_OUTER_BOUND('',#2271,.T.);
#1686=FACE_OUTER_BOUND('',#2272,.T.);
#1687=FACE_OUTER_BOUND('',#2273,.T.);
#1688=FACE_OUTER_BOUND('',#2274,.T.);
#1689=FACE_OUTER_BOUND('',#2275,.T.);
#1690=FACE_OUTER_BOUND('',#2276,.T.);
#1691=FACE_OUTER_BOUND('',#2277,.T.);
#1692=FACE_OUTER_BOUND('',#2278,.T.);
#1693=FACE_OUTER_BOUND('',#2279,.T.);
#1694=FACE_OUTER_BOUND('',#2280,.T.);
#1695=FACE_OUTER_BOUND('',#2281,.T.);
#1696=FACE_OUTER_BOUND('',#2282,.T.);
#1697=FACE_OUTER_BOUND('',#2283,.T.);
#1698=FACE_OUTER_BOUND('',#2284,.T.);
#1699=FACE_OUTER_BOUND('',#2285,.T.);
#1700=FACE_OUTER_BOUND('',#2286,.T.);
#1701=FACE_OUTER_BOUND('',#2287,.T.);
#1702=FACE_OUTER_BOUND('',#2288,.T.);
#1703=FACE_OUTER_BOUND('',#2289,.T.);
#1704=FACE_OUTER_BOUND('',#2290,.T.);
#1705=FACE_OUTER_BOUND('',#2291,.T.);
#1706=FACE_OUTER_BOUND('',#2292,.T.);
#1707=FACE_OUTER_BOUND('',#2293,.T.);
#1708=FACE_OUTER_BOUND('',#2294,.T.);
#1709=FACE_OUTER_BOUND('',#2295,.T.);
#1710=FACE_OUTER_BOUND('',#2296,.T.);
#1711=FACE_OUTER_BOUND('',#2297,.T.);
#1712=FACE_OUTER_BOUND('',#2298,.T.);
#1713=FACE_OUTER_BOUND('',#2299,.T.);
#1714=FACE_OUTER_BOUND('',#2300,.T.);
#1715=FACE_OUTER_BOUND('',#2301,.T.);
#1716=FACE_OUTER_BOUND('',#2302,.T.);
#1717=FACE_OUTER_BOUND('',#2303,.T.);
#1718=FACE_OUTER_BOUND('',#2304,.T.);
#1719=FACE_OUTER_BOUND('',#2305,.T.);
#1720=FACE_OUTER_BOUND('',#2306,.T.);
#1721=FACE_OUTER_BOUND('',#2307,.T.);
#1722=FACE_OUTER_BOUND('',#2308,.T.);
#1723=FACE_OUTER_BOUND('',#2309,.T.);
#1724=FACE_OUTER_BOUND('',#2310,.T.);
#1725=FACE_OUTER_BOUND('',#2311,.T.);
#1726=FACE_OUTER_BOUND('',#2312,.T.);
#1727=FACE_OUTER_BOUND('',#2313,.T.);
#1728=FACE_OUTER_BOUND('',#2314,.T.);
#1729=FACE_OUTER_BOUND('',#2315,.T.);
#1730=FACE_OUTER_BOUND('',#2316,.T.);
#1731=FACE_OUTER_BOUND('',#2317,.T.);
#1732=FACE_OUTER_BOUND('',#2318,.T.);
#1733=FACE_OUTER_BOUND('',#2319,.T.);
#1734=FACE_OUTER_BOUND('',#2320,.T.);
#1735=FACE_OUTER_BOUND('',#2321,.T.);
#1736=FACE_OUTER_BOUND('',#2322,.T.);
#1737=FACE_OUTER_BOUND('',#2323,.T.);
#1738=FACE_OUTER_BOUND('',#2324,.T.);
#1739=FACE_OUTER_BOUND('',#2325,.T.);
#1740=FACE_OUTER_BOUND('',#2326,.T.);
#1741=FACE_OUTER_BOUND('',#2327,.T.);
#1742=FACE_OUTER_BOUND('',#2328,.T.);
#1743=FACE_OUTER_BOUND('',#2329,.T.);
#1744=FACE_OUTER_BOUND('',#2330,.T.);
#1745=FACE_OUTER_BOUND('',#2331,.T.);
#1746=FACE_OUTER_BOUND('',#2332,.T.);
#1747=FACE_OUTER_BOUND('',#2333,.T.);
#1748=FACE_OUTER_BOUND('',#2334,.T.);
#1749=FACE_OUTER_BOUND('',#2335,.T.);
#1750=FACE_OUTER_BOUND('',#2336,.T.);
#1751=FACE_OUTER_BOUND('',#2337,.T.);
#1752=FACE_OUTER_BOUND('',#2338,.T.);
#1753=FACE_OUTER_BOUND('',#2339,.T.);
#1754=FACE_OUTER_BOUND('',#2340,.T.);
#1755=FACE_OUTER_BOUND('',#2341,.T.);
#1756=FACE_OUTER_BOUND('',#2342,.T.);
#1757=FACE_OUTER_BOUND('',#2343,.T.);
#1758=FACE_OUTER_BOUND('',#2344,.T.);
#1759=FACE_OUTER_BOUND('',#2345,.T.);
#1760=FACE_OUTER_BOUND('',#2346,.T.);
#1761=FACE_OUTER_BOUND('',#2347,.T.);
#1762=FACE_OUTER_BOUND('',#2348,.T.);
#1763=FACE_OUTER_BOUND('',#2349,.T.);
#1764=FACE_OUTER_BOUND('',#2350,.T.);
#1765=FACE_OUTER_BOUND('',#2351,.T.);
#1766=FACE_OUTER_BOUND('',#2352,.T.);
#1767=FACE_OUTER_BOUND('',#2353,.T.);
#1768=EDGE_LOOP('',(#2354,#2355,#2356,#2357));
#1769=EDGE_LOOP('',(#2358,#2359,#2360,#2361));
#1770=EDGE_LOOP('',(#2362,#2363,#2364,#2365));
#1771=EDGE_LOOP('',(#2366,#2367,#2368,#2369));
#1772=EDGE_LOOP('',(#2370,#2371,#2372,#2373));
#1773=EDGE_LOOP('',(#2374,#2375,#2376,#2377));
#1774=EDGE_LOOP('',(#2378,#2379,#2380,#2381));
#1775=EDGE_LOOP('',(#2382,#2383,#2384,#2385));
#1776=EDGE_LOOP('',(#2386,#2387,#2388,#2389));
#1777=EDGE_LOOP('',(#2390,#2391,#2392,#2393));
#1778=EDGE_LOOP('',(#2394,#2395,#2396,#2397));
#1779=EDGE_LOOP('',(#2398,#2399,#2400,#2401));
#1780=EDGE_LOOP('',(#2402,#2403,#2404,#2405));
#1781=EDGE_LOOP('',(#2406,#2407,#2408,#2409));
#1782=EDGE_LOOP('',(#2410,#2411,#2412,#2413));
#1783=EDGE_LOOP('',(#2414,#2415,#2416,#2417));
#1784=EDGE_LOOP('',(#2418,#2419,#2420,#2421));
#1785=EDGE_LOOP('',(#2422,#2423,#2424,#2425));
#1786=EDGE_LOOP('',(#2426,#2427,#2428,#2429));
#1787=EDGE_LOOP('',(#2430,#2431,#2432,#2433));
#1788=EDGE_LOOP('',(#2434,#2435,#2436,#2437));
#1789=EDGE_LOOP('',(#2438,#2439,#2440,#2441));
#1790=EDGE_LOOP('',(#2442,#2443,#2444,#2445));
#1791=EDGE_LOOP('',(#2446,#2447,#2448,#2449));
#1792=EDGE_LOOP('',(#2450,#2451,#2452,#2453));
#1793=EDGE_LOOP('',(#2454,#2455,#2456,#2457));
#1794=EDGE_LOOP('',(#2458,#2459,#2460,#2461));
#1795=EDGE_LOOP('',(#2462,#2463,#2464,#2465));
#1796=EDGE_LOOP('',(#2466,#2467,#2468,#2469));
#1797=EDGE_LOOP('',(#2470,#2471,#2472,#2473));
#1798=EDGE_LOOP('',(#2474,#2475,#2476,#2477));
#1799=EDGE_LOOP('',(#2478,#2479,#2480,#2481));
#1800=EDGE_LOOP('',(#2482,#2483,#2484,#2485));
#1801=EDGE_LOOP('',(#2486,#2487,#2488,#2489));
#1802=EDGE_LOOP('',(#2490,#2491,#2492,#2493));
#1803=EDGE_LOOP('',(#2494,#2495,#2496,#2497));
#1804=EDGE_LOOP('',(#2498,#2499,#2500,#2501));
#1805=EDGE_LOOP('',(#2502,#2503,#2504,#2505));
#1806=EDGE_LOOP('',(#2506,#2507,#2508,#2509));
#1807=EDGE_LOOP('',(#2510,#2511,#2512,#2513));
#1808=EDGE_LOOP('',(#2514,#2515,#2516,#2517));
#1809=EDGE_LOOP('',(#2518,#2519,#2520,#2521));
#1810=EDGE_LOOP('',(#2522,#2523,#2524,#2525));
#1811=EDGE_LOOP('',(#2526,#2527,#2528,#2529));
#1812=EDGE_LOOP('',(#2530,#2531,#2532,#2533));
#1813=EDGE_LOOP('',(#2534,#2535,#2536,#2537));
#1814=EDGE_LOOP('',(#2538,#2539,#2540,#2541));
#1815=EDGE_LOOP('',(#2542,#2543,#2544,#2545));
#1816=EDGE_LOOP('',(#2546,#2547,#2548,#2549));
#1817=EDGE_LOOP('',(#2550,#2551,#2552,#2553));
#1818=EDGE_LOOP('',(#2554,#2555,#2556,#2557));
#1819=EDGE_LOOP('',(#2558,#2559,#2560,#2561));
#1820=EDGE_LOOP('',(#2562,#2563,#2564,#2565));
#1821=EDGE_LOOP('',(#2566,#2567,#2568,#2569));
#1822=EDGE_LOOP('',(#2570,#2571,#2572,#2573));
#1823=EDGE_LOOP('',(#2574,#2575,#2576,#2577));
#1824=EDGE_LOOP('',(#2578,#2579,#2580,#2581));
#1825=EDGE_LOOP('',(#2582,#2583,#2584,#2585));
#1826=EDGE_LOOP('',(#2586,#2587,#2588,#2589));
#1827=EDGE_LOOP('',(#2590,#2591,#2592,#2593));
#1828=EDGE_LOOP('',(#2594,#2595,#2596,#2597));
#1829=EDGE_LOOP('',(#2598,#2599,#2600,#2601));
#1830=EDGE_LOOP('',(#2602,#2603,#2604,#2605));
#1831=EDGE_LOOP('',(#2606,#2607,#2608,#2609));
#1832=EDGE_LOOP('',(#2610,#2611,#2612,#2613));
#1833=EDGE_LOOP('',(#2614,#2615,#2616,#2617));
#1834=EDGE_LOOP('',(#2618,#2619,#2620,#2621));
#1835=EDGE_LOOP('',(#2622,#2623,#2624,#2625));
#1836=EDGE_LOOP('',(#2626,#2627,#2628,#2629));
#1837=EDGE_LOOP('',(#2630,#2631,#2632,#2633));
#1838=EDGE_LOOP('',(#2634,#2635,#2636,#2637));
#1839=EDGE_LOOP('',(#2638,#2639,#2640,#2641));
#1840=EDGE_LOOP('',(#2642,#2643,#2644,#2645));
#1841=EDGE_LOOP('',(#2646,#2647,#2648,#2649));
#1842=EDGE_LOOP('',(#2650,#2651,#2652,#2653));
#1843=EDGE_LOOP('',(#2654,#2655,#2656,#2657));
#1844=EDGE_LOOP('',(#2658,#2659,#2660,#2661));
#1845=EDGE_LOOP('',(#2662,#2663,#2664,#2665));
#1846=EDGE_LOOP('',(#2666,#2667,#2668,#2669,#2670,#2671));
#1847=EDGE_LOOP('',(#2672,#2673,#2674,#2675,#2676,#2677,#2678,#2679));
#1848=EDGE_LOOP('',(#2680,#2681,#2682,#2683,#2684,#2685));
#1849=EDGE_LOOP('',(#2686,#2687,#2688,#2689,#2690,#2691));
#1850=EDGE_LOOP('',(#2692,#2693,#2694,#2695,#2696,#2697));
#1851=EDGE_LOOP('',(#2698,#2699,#2700,#2701));
#1852=EDGE_LOOP('',(#2702,#2703,#2704,#2705,#2706,#2707));
#1853=EDGE_LOOP('',(#2708,#2709,#2710,#2711,#2712,#2713,#2714,#2715));
#1854=EDGE_LOOP('',(#2716,#2717,#2718,#2719,#2720,#2721));
#1855=EDGE_LOOP('',(#2722,#2723,#2724,#2725));
#1856=EDGE_LOOP('',(#2726,#2727,#2728,#2729));
#1857=EDGE_LOOP('',(#2730,#2731,#2732,#2733));
#1858=EDGE_LOOP('',(#2734,#2735,#2736,#2737,#2738,#2739));
#1859=EDGE_LOOP('',(#2740,#2741,#2742,#2743,#2744,#2745,#2746,#2747));
#1860=EDGE_LOOP('',(#2748,#2749,#2750,#2751,#2752,#2753));
#1861=EDGE_LOOP('',(#2754,#2755,#2756,#2757));
#1862=EDGE_LOOP('',(#2758,#2759,#2760,#2761,#2762,#2763));
#1863=EDGE_LOOP('',(#2764,#2765,#2766,#2767,#2768,#2769,#2770,#2771));
#1864=EDGE_LOOP('',(#2772,#2773,#2774,#2775,#2776,#2777));
#1865=EDGE_LOOP('',(#2778,#2779,#2780,#2781));
#1866=EDGE_LOOP('',(#2782,#2783,#2784,#2785,#2786,#2787));
#1867=EDGE_LOOP('',(#2788,#2789,#2790,#2791,#2792,#2793,#2794,#2795));
#1868=EDGE_LOOP('',(#2796,#2797,#2798,#2799,#2800,#2801));
#1869=EDGE_LOOP('',(#2802,#2803,#2804,#2805));
#1870=EDGE_LOOP('',(#2806,#2807,#2808,#2809));
#1871=EDGE_LOOP('',(#2810,#2811,#2812,#2813));
#1872=EDGE_LOOP('',(#2814,#2815,#2816,#2817,#2818,#2819));
#1873=EDGE_LOOP('',(#2820,#2821,#2822,#2823,#2824,#2825,#2826,#2827));
#1874=EDGE_LOOP('',(#2828,#2829,#2830,#2831,#2832,#2833));
#1875=EDGE_LOOP('',(#2834,#2835,#2836,#2837,#2838,#2839));
#1876=EDGE_LOOP('',(#2840,#2841,#2842,#2843,#2844,#2845));
#1877=EDGE_LOOP('',(#2846,#2847,#2848,#2849));
#1878=EDGE_LOOP('',(#2850,#2851,#2852,#2853));
#1879=EDGE_LOOP('',(#2854,#2855,#2856,#2857));
#1880=EDGE_LOOP('',(#2858,#2859,#2860,#2861));
#1881=EDGE_LOOP('',(#2862,#2863,#2864,#2865));
#1882=EDGE_LOOP('',(#2866,#2867,#2868,#2869));
#1883=EDGE_LOOP('',(#2870,#2871,#2872,#2873));
#1884=EDGE_LOOP('',(#2874,#2875,#2876,#2877));
#1885=EDGE_LOOP('',(#2878,#2879,#2880,#2881));
#1886=EDGE_LOOP('',(#2882,#2883,#2884,#2885));
#1887=EDGE_LOOP('',(#2886,#2887,#2888,#2889));
#1888=EDGE_LOOP('',(#2890,#2891,#2892,#2893));
#1889=EDGE_LOOP('',(#2894,#2895,#2896,#2897));
#1890=EDGE_LOOP('',(#2898,#2899,#2900,#2901));
#1891=EDGE_LOOP('',(#2902,#2903,#2904,#2905));
#1892=EDGE_LOOP('',(#2906,#2907,#2908,#2909));
#1893=EDGE_LOOP('',(#2910,#2911,#2912,#2913));
#1894=EDGE_LOOP('',(#2914,#2915,#2916,#2917));
#1895=EDGE_LOOP('',(#2918,#2919,#2920,#2921));
#1896=EDGE_LOOP('',(#2922,#2923,#2924,#2925));
#1897=EDGE_LOOP('',(#2926,#2927,#2928,#2929));
#1898=EDGE_LOOP('',(#2930,#2931,#2932,#2933));
#1899=EDGE_LOOP('',(#2934,#2935,#2936,#2937));
#1900=EDGE_LOOP('',(#2938,#2939,#2940,#2941));
#1901=EDGE_LOOP('',(#2942,#2943,#2944,#2945));
#1902=EDGE_LOOP('',(#2946,#2947,#2948,#2949));
#1903=EDGE_LOOP('',(#2950,#2951,#2952,#2953));
#1904=EDGE_LOOP('',(#2954,#2955,#2956,#2957));
#1905=EDGE_LOOP('',(#2958,#2959,#2960,#2961));
#1906=EDGE_LOOP('',(#2962,#2963,#2964,#2965));
#1907=EDGE_LOOP('',(#2966,#2967,#2968,#2969));
#1908=EDGE_LOOP('',(#2970,#2971,#2972,#2973));
#1909=EDGE_LOOP('',(#2974,#2975,#2976,#2977));
#1910=EDGE_LOOP('',(#2978,#2979,#2980,#2981));
#1911=EDGE_LOOP('',(#2982,#2983,#2984,#2985));
#1912=EDGE_LOOP('',(#2986,#2987,#2988,#2989));
#1913=EDGE_LOOP('',(#2990,#2991,#2992,#2993));
#1914=EDGE_LOOP('',(#2994,#2995,#2996,#2997));
#1915=EDGE_LOOP('',(#2998,#2999,#3000,#3001));
#1916=EDGE_LOOP('',(#3002,#3003,#3004,#3005));
#1917=EDGE_LOOP('',(#3006,#3007,#3008,#3009));
#1918=EDGE_LOOP('',(#3010,#3011,#3012,#3013));
#1919=EDGE_LOOP('',(#3014,#3015,#3016,#3017));
#1920=EDGE_LOOP('',(#3018,#3019,#3020,#3021));
#1921=EDGE_LOOP('',(#3022,#3023,#3024,#3025));
#1922=EDGE_LOOP('',(#3026,#3027,#3028,#3029));
#1923=EDGE_LOOP('',(#3030,#3031,#3032,#3033));
#1924=EDGE_LOOP('',(#3034,#3035,#3036,#3037));
#1925=EDGE_LOOP('',(#3038,#3039,#3040,#3041));
#1926=EDGE_LOOP('',(#3042,#3043,#3044,#3045));
#1927=EDGE_LOOP('',(#3046,#3047,#3048,#3049));
#1928=EDGE_LOOP('',(#3050,#3051,#3052,#3053));
#1929=EDGE_LOOP('',(#3054,#3055,#3056,#3057));
#1930=EDGE_LOOP('',(#3058,#3059,#3060,#3061));
#1931=EDGE_LOOP('',(#3062,#3063,#3064,#3065));
#1932=EDGE_LOOP('',(#3066,#3067,#3068,#3069));
#1933=EDGE_LOOP('',(#3070,#3071,#3072,#3073));
#1934=EDGE_LOOP('',(#3074,#3075,#3076,#3077));
#1935=EDGE_LOOP('',(#3078,#3079,#3080,#3081));
#1936=EDGE_LOOP('',(#3082,#3083,#3084,#3085));
#1937=EDGE_LOOP('',(#3086,#3087,#3088,#3089));
#1938=EDGE_LOOP('',(#3090,#3091,#3092,#3093));
#1939=EDGE_LOOP('',(#3094,#3095,#3096,#3097));
#1940=EDGE_LOOP('',(#3098,#3099,#3100,#3101));
#1941=EDGE_LOOP('',(#3102,#3103,#3104,#3105));
#1942=EDGE_LOOP('',(#3106,#3107,#3108,#3109));
#1943=EDGE_LOOP('',(#3110,#3111,#3112,#3113));
#1944=EDGE_LOOP('',(#3114,#3115,#3116,#3117));
#1945=EDGE_LOOP('',(#3118,#3119,#3120,#3121));
#1946=EDGE_LOOP('',(#3122,#3123,#3124,#3125));
#1947=EDGE_LOOP('',(#3126,#3127,#3128,#3129));
#1948=EDGE_LOOP('',(#3130,#3131,#3132,#3133));
#1949=EDGE_LOOP('',(#3134,#3135,#3136,#3137));
#1950=EDGE_LOOP('',(#3138,#3139,#3140,#3141));
#1951=EDGE_LOOP('',(#3142,#3143,#3144,#3145));
#1952=EDGE_LOOP('',(#3146,#3147,#3148,#3149));
#1953=EDGE_LOOP('',(#3150,#3151,#3152,#3153));
#1954=EDGE_LOOP('',(#3154,#3155,#3156,#3157));
#1955=EDGE_LOOP('',(#3158,#3159,#3160,#3161));
#1956=EDGE_LOOP('',(#3162,#3163,#3164,#3165));
#1957=EDGE_LOOP('',(#3166,#3167,#3168,#3169));
#1958=EDGE_LOOP('',(#3170,#3171,#3172,#3173));
#1959=EDGE_LOOP('',(#3174,#3175,#3176,#3177));
#1960=EDGE_LOOP('',(#3178,#3179,#3180,#3181));
#1961=EDGE_LOOP('',(#3182,#3183,#3184,#3185));
#1962=EDGE_LOOP('',(#3186,#3187,#3188,#3189));
#1963=EDGE_LOOP('',(#3190,#3191,#3192,#3193));
#1964=EDGE_LOOP('',(#3194,#3195,#3196,#3197));
#1965=EDGE_LOOP('',(#3198,#3199,#3200,#3201));
#1966=EDGE_LOOP('',(#3202,#3203,#3204,#3205));
#1967=EDGE_LOOP('',(#3206,#3207,#3208,#3209));
#1968=EDGE_LOOP('',(#3210,#3211,#3212,#3213));
#1969=EDGE_LOOP('',(#3214,#3215,#3216,#3217));
#1970=EDGE_LOOP('',(#3218,#3219,#3220,#3221));
#1971=EDGE_LOOP('',(#3222,#3223,#3224,#3225));
#1972=EDGE_LOOP('',(#3226,#3227,#3228,#3229));
#1973=EDGE_LOOP('',(#3230,#3231,#3232,#3233));
#1974=EDGE_LOOP('',(#3234,#3235,#3236,#3237));
#1975=EDGE_LOOP('',(#3238,#3239,#3240,#3241));
#1976=EDGE_LOOP('',(#3242,#3243,#3244,#3245));
#1977=EDGE_LOOP('',(#3246,#3247,#3248,#3249));
#1978=EDGE_LOOP('',(#3250,#3251,#3252,#3253));
#1979=EDGE_LOOP('',(#3254,#3255,#3256,#3257));
#1980=EDGE_LOOP('',(#3258,#3259,#3260,#3261));
#1981=EDGE_LOOP('',(#3262,#3263,#3264,#3265));
#1982=EDGE_LOOP('',(#3266,#3267,#3268,#3269));
#1983=EDGE_LOOP('',(#3270,#3271,#3272,#3273));
#1984=EDGE_LOOP('',(#3274,#3275,#3276,#3277));
#1985=EDGE_LOOP('',(#3278,#3279,#3280,#3281));
#1986=EDGE_LOOP('',(#3282,#3283,#3284,#3285));
#1987=EDGE_LOOP('',(#3286,#3287,#3288,#3289));
#1988=EDGE_LOOP('',(#3290,#3291,#3292,#3293));
#1989=EDGE_LOOP('',(#3294,#3295,#3296,#3297));
#1990=EDGE_LOOP('',(#3298,#3299,#3300,#3301));
#1991=EDGE_LOOP('',(#3302,#3303,#3304,#3305));
#1992=EDGE_LOOP('',(#3306,#3307,#3308,#3309));
#1993=EDGE_LOOP('',(#3310,#3311,#3312,#3313));
#1994=EDGE_LOOP('',(#3314,#3315,#3316));
#1995=EDGE_LOOP('',(#3317,#3318,#3319));
#1996=EDGE_LOOP('',(#3320,#3321,#3322,#3323));
#1997=EDGE_LOOP('',(#3324,#3325,#3326,#3327));
#1998=EDGE_LOOP('',(#3328,#3329,#3330));
#1999=EDGE_LOOP('',(#3331,#3332,#3333));
#2000=EDGE_LOOP('',(#3334,#3335,#3336));
#2001=EDGE_LOOP('',(#3337,#3338,#3339));
#2002=EDGE_LOOP('',(#3340,#3341,#3342,#3343));
#2003=EDGE_LOOP('',(#3344,#3345,#3346,#3347));
#2004=EDGE_LOOP('',(#3348,#3349,#3350,#3351));
#2005=EDGE_LOOP('',(#3352,#3353,#3354,#3355));
#2006=EDGE_LOOP('',(#3356,#3357,#3358));
#2007=EDGE_LOOP('',(#3359,#3360,#3361));
#2008=EDGE_LOOP('',(#3362,#3363,#3364));
#2009=EDGE_LOOP('',(#3365,#3366,#3367));
#2010=EDGE_LOOP('',(#3368,#3369,#3370));
#2011=EDGE_LOOP('',(#3371,#3372,#3373));
#2012=EDGE_LOOP('',(#3374,#3375,#3376));
#2013=EDGE_LOOP('',(#3377,#3378,#3379));
#2014=EDGE_LOOP('',(#3380,#3381,#3382,#3383));
#2015=EDGE_LOOP('',(#3384,#3385,#3386,#3387));
#2016=EDGE_LOOP('',(#3388,#3389,#3390,#3391));
#2017=EDGE_LOOP('',(#3392,#3393,#3394,#3395));
#2018=EDGE_LOOP('',(#3396,#3397,#3398));
#2019=EDGE_LOOP('',(#3399,#3400,#3401));
#2020=EDGE_LOOP('',(#3402,#3403,#3404));
#2021=EDGE_LOOP('',(#3405,#3406,#3407));
#2022=EDGE_LOOP('',(#3408,#3409,#3410,#3411));
#2023=EDGE_LOOP('',(#3412,#3413,#3414,#3415));
#2024=EDGE_LOOP('',(#3416,#3417,#3418,#3419));
#2025=EDGE_LOOP('',(#3420,#3421,#3422,#3423));
#2026=EDGE_LOOP('',(#3424,#3425,#3426));
#2027=EDGE_LOOP('',(#3427,#3428,#3429));
#2028=EDGE_LOOP('',(#3430,#3431,#3432));
#2029=EDGE_LOOP('',(#3433,#3434,#3435));
#2030=EDGE_LOOP('',(#3436,#3437,#3438,#3439));
#2031=EDGE_LOOP('',(#3440,#3441,#3442,#3443));
#2032=EDGE_LOOP('',(#3444,#3445,#3446,#3447));
#2033=EDGE_LOOP('',(#3448,#3449,#3450,#3451));
#2034=EDGE_LOOP('',(#3452,#3453,#3454));
#2035=EDGE_LOOP('',(#3455,#3456,#3457));
#2036=EDGE_LOOP('',(#3458,#3459,#3460));
#2037=EDGE_LOOP('',(#3461,#3462,#3463));
#2038=EDGE_LOOP('',(#3464,#3465,#3466));
#2039=EDGE_LOOP('',(#3467,#3468,#3469));
#2040=EDGE_LOOP('',(#3470,#3471,#3472));
#2041=EDGE_LOOP('',(#3473,#3474,#3475));
#2042=EDGE_LOOP('',(#3476,#3477,#3478,#3479));
#2043=EDGE_LOOP('',(#3480,#3481,#3482,#3483));
#2044=EDGE_LOOP('',(#3484,#3485,#3486,#3487));
#2045=EDGE_LOOP('',(#3488,#3489,#3490,#3491));
#2046=EDGE_LOOP('',(#3492,#3493,#3494));
#2047=EDGE_LOOP('',(#3495,#3496,#3497));
#2048=EDGE_LOOP('',(#3498,#3499,#3500,#3501));
#2049=EDGE_LOOP('',(#3502,#3503,#3504,#3505));
#2050=EDGE_LOOP('',(#3506,#3507,#3508,#3509));
#2051=EDGE_LOOP('',(#3510,#3511,#3512,#3513));
#2052=EDGE_LOOP('',(#3514,#3515,#3516,#3517));
#2053=EDGE_LOOP('',(#3518,#3519,#3520,#3521));
#2054=EDGE_LOOP('',(#3522,#3523,#3524,#3525));
#2055=EDGE_LOOP('',(#3526,#3527,#3528,#3529));
#2056=EDGE_LOOP('',(#3530,#3531,#3532,#3533));
#2057=EDGE_LOOP('',(#3534,#3535,#3536,#3537));
#2058=EDGE_LOOP('',(#3538,#3539,#3540,#3541));
#2059=EDGE_LOOP('',(#3542,#3543,#3544,#3545));
#2060=EDGE_LOOP('',(#3546,#3547,#3548,#3549));
#2061=EDGE_LOOP('',(#3550,#3551,#3552,#3553));
#2062=EDGE_LOOP('',(#3554,#3555,#3556,#3557));
#2063=EDGE_LOOP('',(#3558,#3559,#3560,#3561));
#2064=EDGE_LOOP('',(#3562,#3563,#3564,#3565));
#2065=EDGE_LOOP('',(#3566,#3567,#3568,#3569));
#2066=EDGE_LOOP('',(#3570,#3571,#3572,#3573));
#2067=EDGE_LOOP('',(#3574,#3575,#3576,#3577));
#2068=EDGE_LOOP('',(#3578,#3579,#3580,#3581));
#2069=EDGE_LOOP('',(#3582,#3583,#3584,#3585));
#2070=EDGE_LOOP('',(#3586,#3587,#3588,#3589));
#2071=EDGE_LOOP('',(#3590,#3591,#3592,#3593));
#2072=EDGE_LOOP('',(#3594,#3595,#3596,#3597));
#2073=EDGE_LOOP('',(#3598,#3599,#3600,#3601));
#2074=EDGE_LOOP('',(#3602,#3603,#3604,#3605));
#2075=EDGE_LOOP('',(#3606,#3607,#3608,#3609));
#2076=EDGE_LOOP('',(#3610,#3611,#3612,#3613));
#2077=EDGE_LOOP('',(#3614,#3615,#3616,#3617));
#2078=EDGE_LOOP('',(#3618,#3619,#3620,#3621));
#2079=EDGE_LOOP('',(#3622,#3623,#3624,#3625));
#2080=EDGE_LOOP('',(#3626,#3627,#3628,#3629));
#2081=EDGE_LOOP('',(#3630,#3631,#3632,#3633));
#2082=EDGE_LOOP('',(#3634,#3635,#3636,#3637));
#2083=EDGE_LOOP('',(#3638,#3639,#3640,#3641));
#2084=EDGE_LOOP('',(#3642,#3643,#3644,#3645));
#2085=EDGE_LOOP('',(#3646,#3647,#3648,#3649));
#2086=EDGE_LOOP('',(#3650,#3651,#3652,#3653));
#2087=EDGE_LOOP('',(#3654,#3655,#3656,#3657));
#2088=EDGE_LOOP('',(#3658,#3659));
#2089=EDGE_LOOP('',(#3660,#3661));
#2090=EDGE_LOOP('',(#3662,#3663,#3664,#3665));
#2091=EDGE_LOOP('',(#3666,#3667,#3668,#3669));
#2092=EDGE_LOOP('',(#3670,#3671,#3672,#3673));
#2093=EDGE_LOOP('',(#3674,#3675,#3676,#3677));
#2094=EDGE_LOOP('',(#3678,#3679,#3680,#3681));
#2095=EDGE_LOOP('',(#3682,#3683,#3684,#3685));
#2096=EDGE_LOOP('',(#3686,#3687,#3688,#3689));
#2097=EDGE_LOOP('',(#3690,#3691,#3692,#3693));
#2098=EDGE_LOOP('',(#3694,#3695));
#2099=EDGE_LOOP('',(#3696,#3697));
#2100=EDGE_LOOP('',(#3698,#3699,#3700,#3701));
#2101=EDGE_LOOP('',(#3702,#3703,#3704,#3705));
#2102=EDGE_LOOP('',(#3706,#3707));
#2103=EDGE_LOOP('',(#3708,#3709));
#2104=EDGE_LOOP('',(#3710,#3711));
#2105=EDGE_LOOP('',(#3712,#3713));
#2106=EDGE_LOOP('',(#3714,#3715,#3716,#3717));
#2107=EDGE_LOOP('',(#3718,#3719,#3720,#3721));
#2108=EDGE_LOOP('',(#3722,#3723,#3724,#3725));
#2109=EDGE_LOOP('',(#3726,#3727));
#2110=EDGE_LOOP('',(#3728,#3729));
#2111=EDGE_LOOP('',(#3730,#3731,#3732,#3733));
#2112=EDGE_LOOP('',(#3734,#3735,#3736,#3737));
#2113=EDGE_LOOP('',(#3738,#3739,#3740,#3741));
#2114=EDGE_LOOP('',(#3742,#3743));
#2115=EDGE_LOOP('',(#3744,#3745));
#2116=EDGE_LOOP('',(#3746,#3747,#3748,#3749));
#2117=EDGE_LOOP('',(#3750,#3751));
#2118=EDGE_LOOP('',(#3752,#3753));
#2119=EDGE_LOOP('',(#3754,#3755,#3756,#3757));
#2120=EDGE_LOOP('',(#3758,#3759,#3760,#3761));
#2121=EDGE_LOOP('',(#3762,#3763,#3764,#3765));
#2122=EDGE_LOOP('',(#3766,#3767,#3768,#3769));
#2123=EDGE_LOOP('',(#3770,#3771,#3772,#3773));
#2124=EDGE_LOOP('',(#3774,#3775,#3776,#3777));
#2125=EDGE_LOOP('',(#3778,#3779,#3780,#3781));
#2126=EDGE_LOOP('',(#3782,#3783,#3784,#3785));
#2127=EDGE_LOOP('',(#3786,#3787,#3788,#3789));
#2128=EDGE_LOOP('',(#3790,#3791,#3792,#3793,#3794,#3795,#3796,#3797));
#2129=EDGE_LOOP('',(#3798,#3799,#3800,#3801,#3802,#3803,#3804,#3805));
#2130=EDGE_LOOP('',(#3806,#3807,#3808,#3809));
#2131=EDGE_LOOP('',(#3810,#3811,#3812,#3813));
#2132=EDGE_LOOP('',(#3814,#3815));
#2133=EDGE_LOOP('',(#3816,#3817));
#2134=EDGE_LOOP('',(#3818,#3819,#3820,#3821));
#2135=EDGE_LOOP('',(#3822,#3823));
#2136=EDGE_LOOP('',(#3824,#3825));
#2137=EDGE_LOOP('',(#3826,#3827,#3828,#3829));
#2138=EDGE_LOOP('',(#3830,#3831,#3832,#3833));
#2139=EDGE_LOOP('',(#3834,#3835,#3836,#3837));
#2140=EDGE_LOOP('',(#3838,#3839));
#2141=EDGE_LOOP('',(#3840,#3841));
#2142=EDGE_LOOP('',(#3842,#3843,#3844,#3845));
#2143=EDGE_LOOP('',(#3846,#3847,#3848,#3849));
#2144=EDGE_LOOP('',(#3850,#3851));
#2145=EDGE_LOOP('',(#3852,#3853));
#2146=EDGE_LOOP('',(#3854,#3855));
#2147=EDGE_LOOP('',(#3856,#3857));
#2148=EDGE_LOOP('',(#3858,#3859,#3860,#3861));
#2149=EDGE_LOOP('',(#3862,#3863,#3864,#3865));
#2150=EDGE_LOOP('',(#3866,#3867,#3868,#3869));
#2151=EDGE_LOOP('',(#3870,#3871));
#2152=EDGE_LOOP('',(#3872,#3873));
#2153=EDGE_LOOP('',(#3874,#3875,#3876,#3877));
#2154=EDGE_LOOP('',(#3878,#3879,#3880,#3881));
#2155=EDGE_LOOP('',(#3882,#3883));
#2156=EDGE_LOOP('',(#3884,#3885));
#2157=EDGE_LOOP('',(#3886,#3887,#3888,#3889));
#2158=EDGE_LOOP('',(#3890,#3891,#3892,#3893));
#2159=EDGE_LOOP('',(#3894,#3895));
#2160=EDGE_LOOP('',(#3896,#3897));
#2161=EDGE_LOOP('',(#3898,#3899,#3900,#3901));
#2162=EDGE_LOOP('',(#3902,#3903,#3904,#3905));
#2163=EDGE_LOOP('',(#3906,#3907,#3908,#3909));
#2164=EDGE_LOOP('',(#3910,#3911,#3912,#3913));
#2165=EDGE_LOOP('',(#3914,#3915,#3916,#3917));
#2166=EDGE_LOOP('',(#3918,#3919,#3920,#3921));
#2167=EDGE_LOOP('',(#3922,#3923,#3924,#3925));
#2168=EDGE_LOOP('',(#3926,#3927,#3928,#3929,#3930,#3931));
#2169=EDGE_LOOP('',(#3932,#3933,#3934,#3935,#3936,#3937));
#2170=EDGE_LOOP('',(#3938,#3939,#3940,#3941));
#2171=EDGE_LOOP('',(#3942,#3943));
#2172=EDGE_LOOP('',(#3944,#3945));
#2173=EDGE_LOOP('',(#3946,#3947,#3948,#3949));
#2174=EDGE_LOOP('',(#3950,#3951,#3952,#3953));
#2175=EDGE_LOOP('',(#3954,#3955,#3956,#3957));
#2176=EDGE_LOOP('',(#3958,#3959));
#2177=EDGE_LOOP('',(#3960,#3961));
#2178=EDGE_LOOP('',(#3962,#3963,#3964,#3965));
#2179=EDGE_LOOP('',(#3966,#3967,#3968,#3969));
#2180=EDGE_LOOP('',(#3970,#3971));
#2181=EDGE_LOOP('',(#3972,#3973));
#2182=EDGE_LOOP('',(#3974,#3975,#3976,#3977));
#2183=EDGE_LOOP('',(#3978,#3979));
#2184=EDGE_LOOP('',(#3980,#3981));
#2185=EDGE_LOOP('',(#3982,#3983,#3984,#3985));
#2186=EDGE_LOOP('',(#3986,#3987,#3988,#3989));
#2187=EDGE_LOOP('',(#3990,#3991));
#2188=EDGE_LOOP('',(#3992,#3993));
#2189=EDGE_LOOP('',(#3994,#3995,#3996,#3997));
#2190=EDGE_LOOP('',(#3998,#3999,#4000,#4001));
#2191=EDGE_LOOP('',(#4002,#4003,#4004,#4005));
#2192=EDGE_LOOP('',(#4006,#4007,#4008,#4009));
#2193=EDGE_LOOP('',(#4010,#4011,#4012));
#2194=EDGE_LOOP('',(#4013,#4014,#4015));
#2195=EDGE_LOOP('',(#4016,#4017,#4018,#4019));
#2196=EDGE_LOOP('',(#4020,#4021));
#2197=EDGE_LOOP('',(#4022,#4023));
#2198=EDGE_LOOP('',(#4024,#4025,#4026,#4027));
#2199=EDGE_LOOP('',(#4028,#4029,#4030,#4031));
#2200=EDGE_LOOP('',(#4032,#4033,#4034,#4035));
#2201=EDGE_LOOP('',(#4036,#4037));
#2202=EDGE_LOOP('',(#4038,#4039));
#2203=EDGE_LOOP('',(#4040,#4041,#4042,#4043));
#2204=EDGE_LOOP('',(#4044,#4045,#4046,#4047));
#2205=EDGE_LOOP('',(#4048,#4049));
#2206=EDGE_LOOP('',(#4050,#4051));
#2207=EDGE_LOOP('',(#4052,#4053,#4054,#4055));
#2208=EDGE_LOOP('',(#4056,#4057));
#2209=EDGE_LOOP('',(#4058,#4059));
#2210=EDGE_LOOP('',(#4060,#4061,#4062,#4063));
#2211=EDGE_LOOP('',(#4064,#4065,#4066,#4067));
#2212=EDGE_LOOP('',(#4068,#4069,#4070,#4071));
#2213=EDGE_LOOP('',(#4072,#4073));
#2214=EDGE_LOOP('',(#4074,#4075));
#2215=EDGE_LOOP('',(#4076,#4077,#4078,#4079));
#2216=EDGE_LOOP('',(#4080,#4081));
#2217=EDGE_LOOP('',(#4082,#4083));
#2218=EDGE_LOOP('',(#4084,#4085,#4086,#4087));
#2219=EDGE_LOOP('',(#4088,#4089,#4090,#4091));
#2220=EDGE_LOOP('',(#4092,#4093,#4094,#4095));
#2221=EDGE_LOOP('',(#4096,#4097,#4098,#4099));
#2222=EDGE_LOOP('',(#4100,#4101,#4102,#4103));
#2223=EDGE_LOOP('',(#4104,#4105,#4106,#4107));
#2224=EDGE_LOOP('',(#4108,#4109,#4110,#4111));
#2225=EDGE_LOOP('',(#4112,#4113,#4114,#4115));
#2226=EDGE_LOOP('',(#4116,#4117,#4118,#4119));
#2227=EDGE_LOOP('',(#4120,#4121,#4122,#4123));
#2228=EDGE_LOOP('',(#4124,#4125,#4126,#4127));
#2229=EDGE_LOOP('',(#4128,#4129,#4130,#4131));
#2230=EDGE_LOOP('',(#4132,#4133,#4134,#4135,#4136));
#2231=EDGE_LOOP('',(#4137,#4138,#4139,#4140,#4141));
#2232=EDGE_LOOP('',(#4142,#4143,#4144,#4145));
#2233=EDGE_LOOP('',(#4146,#4147,#4148,#4149));
#2234=EDGE_LOOP('',(#4150,#4151,#4152,#4153));
#2235=EDGE_LOOP('',(#4154,#4155,#4156));
#2236=EDGE_LOOP('',(#4157,#4158,#4159));
#2237=EDGE_LOOP('',(#4160,#4161,#4162,#4163));
#2238=EDGE_LOOP('',(#4164,#4165,#4166,#4167));
#2239=EDGE_LOOP('',(#4168,#4169));
#2240=EDGE_LOOP('',(#4170,#4171));
#2241=EDGE_LOOP('',(#4172,#4173,#4174,#4175));
#2242=EDGE_LOOP('',(#4176,#4177));
#2243=EDGE_LOOP('',(#4178,#4179));
#2244=EDGE_LOOP('',(#4180,#4181,#4182,#4183));
#2245=EDGE_LOOP('',(#4184,#4185,#4186,#4187));
#2246=EDGE_LOOP('',(#4188,#4189,#4190,#4191));
#2247=EDGE_LOOP('',(#4192,#4193,#4194,#4195));
#2248=EDGE_LOOP('',(#4196,#4197,#4198));
#2249=EDGE_LOOP('',(#4199,#4200,#4201));
#2250=EDGE_LOOP('',(#4202,#4203,#4204,#4205));
#2251=EDGE_LOOP('',(#4206,#4207,#4208,#4209));
#2252=EDGE_LOOP('',(#4210,#4211));
#2253=EDGE_LOOP('',(#4212,#4213));
#2254=EDGE_LOOP('',(#4214,#4215,#4216,#4217));
#2255=EDGE_LOOP('',(#4218,#4219));
#2256=EDGE_LOOP('',(#4220,#4221));
#2257=EDGE_LOOP('',(#4222,#4223,#4224,#4225));
#2258=EDGE_LOOP('',(#4226,#4227,#4228,#4229));
#2259=EDGE_LOOP('',(#4230,#4231));
#2260=EDGE_LOOP('',(#4232,#4233));
#2261=EDGE_LOOP('',(#4234,#4235,#4236,#4237));
#2262=EDGE_LOOP('',(#4238,#4239,#4240,#4241));
#2263=EDGE_LOOP('',(#4242,#4243,#4244,#4245));
#2264=EDGE_LOOP('',(#4246,#4247));
#2265=EDGE_LOOP('',(#4248,#4249));
#2266=EDGE_LOOP('',(#4250,#4251,#4252,#4253));
#2267=EDGE_LOOP('',(#4254,#4255));
#2268=EDGE_LOOP('',(#4256,#4257));
#2269=EDGE_LOOP('',(#4258,#4259,#4260,#4261));
#2270=EDGE_LOOP('',(#4262,#4263,#4264,#4265));
#2271=EDGE_LOOP('',(#4266,#4267));
#2272=EDGE_LOOP('',(#4268,#4269));
#2273=EDGE_LOOP('',(#4270,#4271,#4272,#4273));
#2274=EDGE_LOOP('',(#4274,#4275,#4276,#4277));
#2275=EDGE_LOOP('',(#4278,#4279,#4280,#4281));
#2276=EDGE_LOOP('',(#4282,#4283));
#2277=EDGE_LOOP('',(#4284,#4285));
#2278=EDGE_LOOP('',(#4286,#4287,#4288,#4289));
#2279=EDGE_LOOP('',(#4290,#4291));
#2280=EDGE_LOOP('',(#4292,#4293));
#2281=EDGE_LOOP('',(#4294,#4295,#4296,#4297));
#2282=EDGE_LOOP('',(#4298,#4299,#4300,#4301));
#2283=EDGE_LOOP('',(#4302,#4303,#4304,#4305));
#2284=EDGE_LOOP('',(#4306,#4307,#4308,#4309));
#2285=EDGE_LOOP('',(#4310,#4311,#4312,#4313));
#2286=EDGE_LOOP('',(#4314,#4315,#4316,#4317));
#2287=EDGE_LOOP('',(#4318,#4319,#4320,#4321));
#2288=EDGE_LOOP('',(#4322,#4323,#4324,#4325));
#2289=EDGE_LOOP('',(#4326,#4327,#4328,#4329));
#2290=EDGE_LOOP('',(#4330,#4331,#4332,#4333));
#2291=EDGE_LOOP('',(#4334,#4335,#4336,#4337));
#2292=EDGE_LOOP('',(#4338,#4339,#4340,#4341));
#2293=EDGE_LOOP('',(#4342,#4343,#4344,#4345));
#2294=EDGE_LOOP('',(#4346,#4347,#4348,#4349));
#2295=EDGE_LOOP('',(#4350,#4351,#4352,#4353));
#2296=EDGE_LOOP('',(#4354,#4355,#4356,#4357));
#2297=EDGE_LOOP('',(#4358,#4359,#4360,#4361));
#2298=EDGE_LOOP('',(#4362,#4363,#4364,#4365));
#2299=EDGE_LOOP('',(#4366,#4367,#4368,#4369));
#2300=EDGE_LOOP('',(#4370,#4371,#4372,#4373));
#2301=EDGE_LOOP('',(#4374,#4375,#4376,#4377));
#2302=EDGE_LOOP('',(#4378,#4379,#4380,#4381));
#2303=EDGE_LOOP('',(#4382,#4383,#4384,#4385));
#2304=EDGE_LOOP('',(#4386,#4387,#4388,#4389));
#2305=EDGE_LOOP('',(#4390,#4391,#4392,#4393));
#2306=EDGE_LOOP('',(#4394,#4395,#4396,#4397));
#2307=EDGE_LOOP('',(#4398,#4399,#4400,#4401));
#2308=EDGE_LOOP('',(#4402,#4403,#4404,#4405));
#2309=EDGE_LOOP('',(#4406,#4407,#4408,#4409));
#2310=EDGE_LOOP('',(#4410,#4411,#4412,#4413));
#2311=EDGE_LOOP('',(#4414,#4415,#4416,#4417));
#2312=EDGE_LOOP('',(#4418,#4419,#4420,#4421));
#2313=EDGE_LOOP('',(#4422,#4423,#4424,#4425));
#2314=EDGE_LOOP('',(#4426,#4427,#4428,#4429));
#2315=EDGE_LOOP('',(#4430,#4431,#4432,#4433));
#2316=EDGE_LOOP('',(#4434,#4435,#4436,#4437));
#2317=EDGE_LOOP('',(#4438,#4439,#4440,#4441));
#2318=EDGE_LOOP('',(#4442,#4443,#4444,#4445));
#2319=EDGE_LOOP('',(#4446,#4447,#4448,#4449));
#2320=EDGE_LOOP('',(#4450,#4451,#4452,#4453));
#2321=EDGE_LOOP('',(#4454,#4455,#4456,#4457));
#2322=EDGE_LOOP('',(#4458,#4459,#4460,#4461));
#2323=EDGE_LOOP('',(#4462,#4463,#4464,#4465));
#2324=EDGE_LOOP('',(#4466,#4467,#4468,#4469));
#2325=EDGE_LOOP('',(#4470,#4471,#4472,#4473));
#2326=EDGE_LOOP('',(#4474,#4475,#4476,#4477));
#2327=EDGE_LOOP('',(#4478,#4479,#4480,#4481));
#2328=EDGE_LOOP('',(#4482,#4483,#4484,#4485));
#2329=EDGE_LOOP('',(#4486,#4487,#4488,#4489));
#2330=EDGE_LOOP('',(#4490,#4491,#4492,#4493));
#2331=EDGE_LOOP('',(#4494,#4495,#4496,#4497));
#2332=EDGE_LOOP('',(#4498,#4499,#4500,#4501));
#2333=EDGE_LOOP('',(#4502,#4503,#4504,#4505));
#2334=EDGE_LOOP('',(#4506,#4507,#4508,#4509));
#2335=EDGE_LOOP('',(#4510,#4511,#4512,#4513));
#2336=EDGE_LOOP('',(#4514,#4515,#4516,#4517));
#2337=EDGE_LOOP('',(#4518,#4519,#4520,#4521));
#2338=EDGE_LOOP('',(#4522,#4523,#4524,#4525));
#2339=EDGE_LOOP('',(#4526,#4527,#4528,#4529));
#2340=EDGE_LOOP('',(#4530,#4531,#4532,#4533));
#2341=EDGE_LOOP('',(#4534,#4535,#4536,#4537));
#2342=EDGE_LOOP('',(#4538,#4539,#4540,#4541));
#2343=EDGE_LOOP('',(#4542,#4543,#4544,#4545));
#2344=EDGE_LOOP('',(#4546,#4547,#4548,#4549));
#2345=EDGE_LOOP('',(#4550,#4551,#4552,#4553));
#2346=EDGE_LOOP('',(#4554,#4555,#4556,#4557));
#2347=EDGE_LOOP('',(#4558,#4559,#4560,#4561));
#2348=EDGE_LOOP('',(#4562,#4563,#4564,#4565));
#2349=EDGE_LOOP('',(#4566,#4567,#4568,#4569));
#2350=EDGE_LOOP('',(#4570,#4571,#4572,#4573));
#2351=EDGE_LOOP('',(#4574,#4575,#4576,#4577));
#2352=EDGE_LOOP('',(#4578,#4579,#4580,#4581));
#2353=EDGE_LOOP('',(#4582,#4583,#4584,#4585));
#2354=ORIENTED_EDGE('',*,*,#4586,.T.);
#2355=ORIENTED_EDGE('',*,*,#4587,.T.);
#2356=ORIENTED_EDGE('',*,*,#4588,.F.);
#2357=ORIENTED_EDGE('',*,*,#4589,.F.);
#2358=ORIENTED_EDGE('',*,*,#4590,.T.);
#2359=ORIENTED_EDGE('',*,*,#4591,.T.);
#2360=ORIENTED_EDGE('',*,*,#4592,.F.);
#2361=ORIENTED_EDGE('',*,*,#4587,.F.);
#2362=ORIENTED_EDGE('',*,*,#4593,.T.);
#2363=ORIENTED_EDGE('',*,*,#4594,.T.);
#2364=ORIENTED_EDGE('',*,*,#4595,.F.);
#2365=ORIENTED_EDGE('',*,*,#4591,.F.);
#2366=ORIENTED_EDGE('',*,*,#4596,.T.);
#2367=ORIENTED_EDGE('',*,*,#4589,.T.);
#2368=ORIENTED_EDGE('',*,*,#4597,.F.);
#2369=ORIENTED_EDGE('',*,*,#4594,.F.);
#2370=ORIENTED_EDGE('',*,*,#4596,.F.);
#2371=ORIENTED_EDGE('',*,*,#4593,.F.);
#2372=ORIENTED_EDGE('',*,*,#4590,.F.);
#2373=ORIENTED_EDGE('',*,*,#4586,.F.);
#2374=ORIENTED_EDGE('',*,*,#4588,.T.);
#2375=ORIENTED_EDGE('',*,*,#4592,.T.);
#2376=ORIENTED_EDGE('',*,*,#4595,.T.);
#2377=ORIENTED_EDGE('',*,*,#4597,.T.);
#2378=ORIENTED_EDGE('',*,*,#4598,.T.);
#2379=ORIENTED_EDGE('',*,*,#4599,.T.);
#2380=ORIENTED_EDGE('',*,*,#4600,.F.);
#2381=ORIENTED_EDGE('',*,*,#4601,.F.);
#2382=ORIENTED_EDGE('',*,*,#4602,.T.);
#2383=ORIENTED_EDGE('',*,*,#4603,.T.);
#2384=ORIENTED_EDGE('',*,*,#4604,.F.);
#2385=ORIENTED_EDGE('',*,*,#4599,.F.);
#2386=ORIENTED_EDGE('',*,*,#4605,.T.);
#2387=ORIENTED_EDGE('',*,*,#4606,.T.);
#2388=ORIENTED_EDGE('',*,*,#4607,.F.);
#2389=ORIENTED_EDGE('',*,*,#4603,.F.);
#2390=ORIENTED_EDGE('',*,*,#4608,.T.);
#2391=ORIENTED_EDGE('',*,*,#4601,.T.);
#2392=ORIENTED_EDGE('',*,*,#4609,.F.);
#2393=ORIENTED_EDGE('',*,*,#4606,.F.);
#2394=ORIENTED_EDGE('',*,*,#4608,.F.);
#2395=ORIENTED_EDGE('',*,*,#4605,.F.);
#2396=ORIENTED_EDGE('',*,*,#4602,.F.);
#2397=ORIENTED_EDGE('',*,*,#4598,.F.);
#2398=ORIENTED_EDGE('',*,*,#4600,.T.);
#2399=ORIENTED_EDGE('',*,*,#4604,.T.);
#2400=ORIENTED_EDGE('',*,*,#4607,.T.);
#2401=ORIENTED_EDGE('',*,*,#4609,.T.);
#2402=ORIENTED_EDGE('',*,*,#4610,.T.);
#2403=ORIENTED_EDGE('',*,*,#4611,.T.);
#2404=ORIENTED_EDGE('',*,*,#4612,.F.);
#2405=ORIENTED_EDGE('',*,*,#4613,.F.);
#2406=ORIENTED_EDGE('',*,*,#4614,.T.);
#2407=ORIENTED_EDGE('',*,*,#4615,.T.);
#2408=ORIENTED_EDGE('',*,*,#4616,.F.);
#2409=ORIENTED_EDGE('',*,*,#4611,.F.);
#2410=ORIENTED_EDGE('',*,*,#4617,.T.);
#2411=ORIENTED_EDGE('',*,*,#4618,.T.);
#2412=ORIENTED_EDGE('',*,*,#4619,.F.);
#2413=ORIENTED_EDGE('',*,*,#4615,.F.);
#2414=ORIENTED_EDGE('',*,*,#4620,.T.);
#2415=ORIENTED_EDGE('',*,*,#4613,.T.);
#2416=ORIENTED_EDGE('',*,*,#4621,.F.);
#2417=ORIENTED_EDGE('',*,*,#4618,.F.);
#2418=ORIENTED_EDGE('',*,*,#4620,.F.);
#2419=ORIENTED_EDGE('',*,*,#4617,.F.);
#2420=ORIENTED_EDGE('',*,*,#4614,.F.);
#2421=ORIENTED_EDGE('',*,*,#4610,.F.);
#2422=ORIENTED_EDGE('',*,*,#4612,.T.);
#2423=ORIENTED_EDGE('',*,*,#4616,.T.);
#2424=ORIENTED_EDGE('',*,*,#4619,.T.);
#2425=ORIENTED_EDGE('',*,*,#4621,.T.);
#2426=ORIENTED_EDGE('',*,*,#4622,.T.);
#2427=ORIENTED_EDGE('',*,*,#4623,.T.);
#2428=ORIENTED_EDGE('',*,*,#4624,.F.);
#2429=ORIENTED_EDGE('',*,*,#4625,.F.);
#2430=ORIENTED_EDGE('',*,*,#4626,.T.);
#2431=ORIENTED_EDGE('',*,*,#4627,.T.);
#2432=ORIENTED_EDGE('',*,*,#4628,.F.);
#2433=ORIENTED_EDGE('',*,*,#4623,.F.);
#2434=ORIENTED_EDGE('',*,*,#4629,.T.);
#2435=ORIENTED_EDGE('',*,*,#4630,.T.);
#2436=ORIENTED_EDGE('',*,*,#4631,.F.);
#2437=ORIENTED_EDGE('',*,*,#4627,.F.);
#2438=ORIENTED_EDGE('',*,*,#4632,.T.);
#2439=ORIENTED_EDGE('',*,*,#4625,.T.);
#2440=ORIENTED_EDGE('',*,*,#4633,.F.);
#2441=ORIENTED_EDGE('',*,*,#4630,.F.);
#2442=ORIENTED_EDGE('',*,*,#4632,.F.);
#2443=ORIENTED_EDGE('',*,*,#4629,.F.);
#2444=ORIENTED_EDGE('',*,*,#4626,.F.);
#2445=ORIENTED_EDGE('',*,*,#4622,.F.);
#2446=ORIENTED_EDGE('',*,*,#4624,.T.);
#2447=ORIENTED_EDGE('',*,*,#4628,.T.);
#2448=ORIENTED_EDGE('',*,*,#4631,.T.);
#2449=ORIENTED_EDGE('',*,*,#4633,.T.);
#2450=ORIENTED_EDGE('',*,*,#4634,.T.);
#2451=ORIENTED_EDGE('',*,*,#4635,.T.);
#2452=ORIENTED_EDGE('',*,*,#4636,.F.);
#2453=ORIENTED_EDGE('',*,*,#4637,.F.);
#2454=ORIENTED_EDGE('',*,*,#4638,.T.);
#2455=ORIENTED_EDGE('',*,*,#4639,.T.);
#2456=ORIENTED_EDGE('',*,*,#4640,.F.);
#2457=ORIENTED_EDGE('',*,*,#4635,.F.);
#2458=ORIENTED_EDGE('',*,*,#4641,.T.);
#2459=ORIENTED_EDGE('',*,*,#4642,.T.);
#2460=ORIENTED_EDGE('',*,*,#4643,.F.);
#2461=ORIENTED_EDGE('',*,*,#4639,.F.);
#2462=ORIENTED_EDGE('',*,*,#4644,.T.);
#2463=ORIENTED_EDGE('',*,*,#4637,.T.);
#2464=ORIENTED_EDGE('',*,*,#4645,.F.);
#2465=ORIENTED_EDGE('',*,*,#4642,.F.);
#2466=ORIENTED_EDGE('',*,*,#4644,.F.);
#2467=ORIENTED_EDGE('',*,*,#4641,.F.);
#2468=ORIENTED_EDGE('',*,*,#4638,.F.);
#2469=ORIENTED_EDGE('',*,*,#4634,.F.);
#2470=ORIENTED_EDGE('',*,*,#4636,.T.);
#2471=ORIENTED_EDGE('',*,*,#4640,.T.);
#2472=ORIENTED_EDGE('',*,*,#4643,.T.);
#2473=ORIENTED_EDGE('',*,*,#4645,.T.);
#2474=ORIENTED_EDGE('',*,*,#4646,.T.);
#2475=ORIENTED_EDGE('',*,*,#4647,.T.);
#2476=ORIENTED_EDGE('',*,*,#4648,.F.);
#2477=ORIENTED_EDGE('',*,*,#4649,.F.);
#2478=ORIENTED_EDGE('',*,*,#4650,.T.);
#2479=ORIENTED_EDGE('',*,*,#4651,.T.);
#2480=ORIENTED_EDGE('',*,*,#4652,.F.);
#2481=ORIENTED_EDGE('',*,*,#4647,.F.);
#2482=ORIENTED_EDGE('',*,*,#4653,.T.);
#2483=ORIENTED_EDGE('',*,*,#4654,.T.);
#2484=ORIENTED_EDGE('',*,*,#4655,.F.);
#2485=ORIENTED_EDGE('',*,*,#4651,.F.);
#2486=ORIENTED_EDGE('',*,*,#4656,.T.);
#2487=ORIENTED_EDGE('',*,*,#4649,.T.);
#2488=ORIENTED_EDGE('',*,*,#4657,.F.);
#2489=ORIENTED_EDGE('',*,*,#4654,.F.);
#2490=ORIENTED_EDGE('',*,*,#4656,.F.);
#2491=ORIENTED_EDGE('',*,*,#4653,.F.);
#2492=ORIENTED_EDGE('',*,*,#4650,.F.);
#2493=ORIENTED_EDGE('',*,*,#4646,.F.);
#2494=ORIENTED_EDGE('',*,*,#4648,.T.);
#2495=ORIENTED_EDGE('',*,*,#4652,.T.);
#2496=ORIENTED_EDGE('',*,*,#4655,.T.);
#2497=ORIENTED_EDGE('',*,*,#4657,.T.);
#2498=ORIENTED_EDGE('',*,*,#4658,.T.);
#2499=ORIENTED_EDGE('',*,*,#4659,.T.);
#2500=ORIENTED_EDGE('',*,*,#4660,.F.);
#2501=ORIENTED_EDGE('',*,*,#4661,.F.);
#2502=ORIENTED_EDGE('',*,*,#4662,.T.);
#2503=ORIENTED_EDGE('',*,*,#4663,.T.);
#2504=ORIENTED_EDGE('',*,*,#4664,.F.);
#2505=ORIENTED_EDGE('',*,*,#4659,.F.);
#2506=ORIENTED_EDGE('',*,*,#4665,.T.);
#2507=ORIENTED_EDGE('',*,*,#4666,.T.);
#2508=ORIENTED_EDGE('',*,*,#4667,.F.);
#2509=ORIENTED_EDGE('',*,*,#4663,.F.);
#2510=ORIENTED_EDGE('',*,*,#4668,.T.);
#2511=ORIENTED_EDGE('',*,*,#4661,.T.);
#2512=ORIENTED_EDGE('',*,*,#4669,.F.);
#2513=ORIENTED_EDGE('',*,*,#4666,.F.);
#2514=ORIENTED_EDGE('',*,*,#4668,.F.);
#2515=ORIENTED_EDGE('',*,*,#4665,.F.);
#2516=ORIENTED_EDGE('',*,*,#4662,.F.);
#2517=ORIENTED_EDGE('',*,*,#4658,.F.);
#2518=ORIENTED_EDGE('',*,*,#4660,.T.);
#2519=ORIENTED_EDGE('',*,*,#4664,.T.);
#2520=ORIENTED_EDGE('',*,*,#4667,.T.);
#2521=ORIENTED_EDGE('',*,*,#4669,.T.);
#2522=ORIENTED_EDGE('',*,*,#4670,.T.);
#2523=ORIENTED_EDGE('',*,*,#4671,.T.);
#2524=ORIENTED_EDGE('',*,*,#4672,.F.);
#2525=ORIENTED_EDGE('',*,*,#4673,.F.);
#2526=ORIENTED_EDGE('',*,*,#4674,.T.);
#2527=ORIENTED_EDGE('',*,*,#4675,.T.);
#2528=ORIENTED_EDGE('',*,*,#4676,.F.);
#2529=ORIENTED_EDGE('',*,*,#4671,.F.);
#2530=ORIENTED_EDGE('',*,*,#4677,.T.);
#2531=ORIENTED_EDGE('',*,*,#4678,.T.);
#2532=ORIENTED_EDGE('',*,*,#4679,.F.);
#2533=ORIENTED_EDGE('',*,*,#4675,.F.);
#2534=ORIENTED_EDGE('',*,*,#4680,.T.);
#2535=ORIENTED_EDGE('',*,*,#4673,.T.);
#2536=ORIENTED_EDGE('',*,*,#4681,.F.);
#2537=ORIENTED_EDGE('',*,*,#4678,.F.);
#2538=ORIENTED_EDGE('',*,*,#4680,.F.);
#2539=ORIENTED_EDGE('',*,*,#4677,.F.);
#2540=ORIENTED_EDGE('',*,*,#4674,.F.);
#2541=ORIENTED_EDGE('',*,*,#4670,.F.);
#2542=ORIENTED_EDGE('',*,*,#4672,.T.);
#2543=ORIENTED_EDGE('',*,*,#4676,.T.);
#2544=ORIENTED_EDGE('',*,*,#4679,.T.);
#2545=ORIENTED_EDGE('',*,*,#4681,.T.);
#2546=ORIENTED_EDGE('',*,*,#4682,.T.);
#2547=ORIENTED_EDGE('',*,*,#4683,.T.);
#2548=ORIENTED_EDGE('',*,*,#4684,.F.);
#2549=ORIENTED_EDGE('',*,*,#4685,.F.);
#2550=ORIENTED_EDGE('',*,*,#4686,.T.);
#2551=ORIENTED_EDGE('',*,*,#4687,.T.);
#2552=ORIENTED_EDGE('',*,*,#4688,.F.);
#2553=ORIENTED_EDGE('',*,*,#4683,.F.);
#2554=ORIENTED_EDGE('',*,*,#4689,.T.);
#2555=ORIENTED_EDGE('',*,*,#4690,.T.);
#2556=ORIENTED_EDGE('',*,*,#4691,.F.);
#2557=ORIENTED_EDGE('',*,*,#4687,.F.);
#2558=ORIENTED_EDGE('',*,*,#4692,.T.);
#2559=ORIENTED_EDGE('',*,*,#4685,.T.);
#2560=ORIENTED_EDGE('',*,*,#4693,.F.);
#2561=ORIENTED_EDGE('',*,*,#4690,.F.);
#2562=ORIENTED_EDGE('',*,*,#4692,.F.);
#2563=ORIENTED_EDGE('',*,*,#4689,.F.);
#2564=ORIENTED_EDGE('',*,*,#4686,.F.);
#2565=ORIENTED_EDGE('',*,*,#4682,.F.);
#2566=ORIENTED_EDGE('',*,*,#4684,.T.);
#2567=ORIENTED_EDGE('',*,*,#4688,.T.);
#2568=ORIENTED_EDGE('',*,*,#4691,.T.);
#2569=ORIENTED_EDGE('',*,*,#4693,.T.);
#2570=ORIENTED_EDGE('',*,*,#4694,.T.);
#2571=ORIENTED_EDGE('',*,*,#4695,.T.);
#2572=ORIENTED_EDGE('',*,*,#4696,.F.);
#2573=ORIENTED_EDGE('',*,*,#4697,.F.);
#2574=ORIENTED_EDGE('',*,*,#4698,.T.);
#2575=ORIENTED_EDGE('',*,*,#4699,.T.);
#2576=ORIENTED_EDGE('',*,*,#4700,.F.);
#2577=ORIENTED_EDGE('',*,*,#4695,.F.);
#2578=ORIENTED_EDGE('',*,*,#4701,.T.);
#2579=ORIENTED_EDGE('',*,*,#4702,.T.);
#2580=ORIENTED_EDGE('',*,*,#4703,.F.);
#2581=ORIENTED_EDGE('',*,*,#4699,.F.);
#2582=ORIENTED_EDGE('',*,*,#4704,.T.);
#2583=ORIENTED_EDGE('',*,*,#4697,.T.);
#2584=ORIENTED_EDGE('',*,*,#4705,.F.);
#2585=ORIENTED_EDGE('',*,*,#4702,.F.);
#2586=ORIENTED_EDGE('',*,*,#4704,.F.);
#2587=ORIENTED_EDGE('',*,*,#4701,.F.);
#2588=ORIENTED_EDGE('',*,*,#4698,.F.);
#2589=ORIENTED_EDGE('',*,*,#4694,.F.);
#2590=ORIENTED_EDGE('',*,*,#4696,.T.);
#2591=ORIENTED_EDGE('',*,*,#4700,.T.);
#2592=ORIENTED_EDGE('',*,*,#4703,.T.);
#2593=ORIENTED_EDGE('',*,*,#4705,.T.);
#2594=ORIENTED_EDGE('',*,*,#4706,.T.);
#2595=ORIENTED_EDGE('',*,*,#4707,.T.);
#2596=ORIENTED_EDGE('',*,*,#4708,.F.);
#2597=ORIENTED_EDGE('',*,*,#4709,.F.);
#2598=ORIENTED_EDGE('',*,*,#4710,.T.);
#2599=ORIENTED_EDGE('',*,*,#4711,.T.);
#2600=ORIENTED_EDGE('',*,*,#4712,.F.);
#2601=ORIENTED_EDGE('',*,*,#4707,.F.);
#2602=ORIENTED_EDGE('',*,*,#4713,.T.);
#2603=ORIENTED_EDGE('',*,*,#4714,.T.);
#2604=ORIENTED_EDGE('',*,*,#4715,.F.);
#2605=ORIENTED_EDGE('',*,*,#4711,.F.);
#2606=ORIENTED_EDGE('',*,*,#4716,.T.);
#2607=ORIENTED_EDGE('',*,*,#4709,.T.);
#2608=ORIENTED_EDGE('',*,*,#4717,.F.);
#2609=ORIENTED_EDGE('',*,*,#4714,.F.);
#2610=ORIENTED_EDGE('',*,*,#4716,.F.);
#2611=ORIENTED_EDGE('',*,*,#4713,.F.);
#2612=ORIENTED_EDGE('',*,*,#4710,.F.);
#2613=ORIENTED_EDGE('',*,*,#4706,.F.);
#2614=ORIENTED_EDGE('',*,*,#4708,.T.);
#2615=ORIENTED_EDGE('',*,*,#4712,.T.);
#2616=ORIENTED_EDGE('',*,*,#4715,.T.);
#2617=ORIENTED_EDGE('',*,*,#4717,.T.);
#2618=ORIENTED_EDGE('',*,*,#4718,.T.);
#2619=ORIENTED_EDGE('',*,*,#4719,.T.);
#2620=ORIENTED_EDGE('',*,*,#4720,.F.);
#2621=ORIENTED_EDGE('',*,*,#4721,.F.);
#2622=ORIENTED_EDGE('',*,*,#4722,.T.);
#2623=ORIENTED_EDGE('',*,*,#4723,.T.);
#2624=ORIENTED_EDGE('',*,*,#4724,.F.);
#2625=ORIENTED_EDGE('',*,*,#4719,.F.);
#2626=ORIENTED_EDGE('',*,*,#4725,.T.);
#2627=ORIENTED_EDGE('',*,*,#4726,.T.);
#2628=ORIENTED_EDGE('',*,*,#4727,.F.);
#2629=ORIENTED_EDGE('',*,*,#4723,.F.);
#2630=ORIENTED_EDGE('',*,*,#4728,.T.);
#2631=ORIENTED_EDGE('',*,*,#4721,.T.);
#2632=ORIENTED_EDGE('',*,*,#4729,.F.);
#2633=ORIENTED_EDGE('',*,*,#4726,.F.);
#2634=ORIENTED_EDGE('',*,*,#4728,.F.);
#2635=ORIENTED_EDGE('',*,*,#4725,.F.);
#2636=ORIENTED_EDGE('',*,*,#4722,.F.);
#2637=ORIENTED_EDGE('',*,*,#4718,.F.);
#2638=ORIENTED_EDGE('',*,*,#4720,.T.);
#2639=ORIENTED_EDGE('',*,*,#4724,.T.);
#2640=ORIENTED_EDGE('',*,*,#4727,.T.);
#2641=ORIENTED_EDGE('',*,*,#4729,.T.);
#2642=ORIENTED_EDGE('',*,*,#4730,.T.);
#2643=ORIENTED_EDGE('',*,*,#4731,.T.);
#2644=ORIENTED_EDGE('',*,*,#4732,.F.);
#2645=ORIENTED_EDGE('',*,*,#4733,.F.);
#2646=ORIENTED_EDGE('',*,*,#4734,.T.);
#2647=ORIENTED_EDGE('',*,*,#4735,.T.);
#2648=ORIENTED_EDGE('',*,*,#4736,.F.);
#2649=ORIENTED_EDGE('',*,*,#4731,.F.);
#2650=ORIENTED_EDGE('',*,*,#4737,.T.);
#2651=ORIENTED_EDGE('',*,*,#4738,.T.);
#2652=ORIENTED_EDGE('',*,*,#4739,.F.);
#2653=ORIENTED_EDGE('',*,*,#4735,.F.);
#2654=ORIENTED_EDGE('',*,*,#4740,.T.);
#2655=ORIENTED_EDGE('',*,*,#4733,.T.);
#2656=ORIENTED_EDGE('',*,*,#4741,.F.);
#2657=ORIENTED_EDGE('',*,*,#4738,.F.);
#2658=ORIENTED_EDGE('',*,*,#4740,.F.);
#2659=ORIENTED_EDGE('',*,*,#4737,.F.);
#2660=ORIENTED_EDGE('',*,*,#4734,.F.);
#2661=ORIENTED_EDGE('',*,*,#4730,.F.);
#2662=ORIENTED_EDGE('',*,*,#4732,.T.);
#2663=ORIENTED_EDGE('',*,*,#4736,.T.);
#2664=ORIENTED_EDGE('',*,*,#4739,.T.);
#2665=ORIENTED_EDGE('',*,*,#4741,.T.);
#2666=ORIENTED_EDGE('',*,*,#4743,.T.);
#2667=ORIENTED_EDGE('',*,*,#5077,.F.);
#2668=ORIENTED_EDGE('',*,*,#4823,.T.);
#2669=ORIENTED_EDGE('',*,*,#4742,.F.);
#2670=ORIENTED_EDGE('',*,*,#4822,.F.);
#2671=ORIENTED_EDGE('',*,*,#4995,.F.);
#2672=ORIENTED_EDGE('',*,*,#4742,.T.);
#2673=ORIENTED_EDGE('',*,*,#4746,.T.);
#2674=ORIENTED_EDGE('',*,*,#5080,.F.);
#2675=ORIENTED_EDGE('',*,*,#4825,.T.);
#2676=ORIENTED_EDGE('',*,*,#4745,.F.);
#2677=ORIENTED_EDGE('',*,*,#4824,.F.);
#2678=ORIENTED_EDGE('',*,*,#4997,.F.);
#2679=ORIENTED_EDGE('',*,*,#4744,.F.);
#2680=ORIENTED_EDGE('',*,*,#4745,.T.);
#2681=ORIENTED_EDGE('',*,*,#4749,.T.);
#2682=ORIENTED_EDGE('',*,*,#5083,.F.);
#2683=ORIENTED_EDGE('',*,*,#4748,.F.);
#2684=ORIENTED_EDGE('',*,*,#5000,.F.);
#2685=ORIENTED_EDGE('',*,*,#4747,.F.);
#2686=ORIENTED_EDGE('',*,*,#4748,.T.);
#2687=ORIENTED_EDGE('',*,*,#5086,.F.);
#2688=ORIENTED_EDGE('',*,*,#4827,.T.);
#2689=ORIENTED_EDGE('',*,*,#4750,.F.);
#2690=ORIENTED_EDGE('',*,*,#4826,.F.);
#2691=ORIENTED_EDGE('',*,*,#5003,.F.);
#2692=ORIENTED_EDGE('',*,*,#4750,.T.);
#2693=ORIENTED_EDGE('',*,*,#4753,.T.);
#2694=ORIENTED_EDGE('',*,*,#5089,.F.);
#2695=ORIENTED_EDGE('',*,*,#4752,.F.);
#2696=ORIENTED_EDGE('',*,*,#5006,.F.);
#2697=ORIENTED_EDGE('',*,*,#4751,.F.);
#2698=ORIENTED_EDGE('',*,*,#4752,.T.);
#2699=ORIENTED_EDGE('',*,*,#4756,.T.);
#2700=ORIENTED_EDGE('',*,*,#4755,.F.);
#2701=ORIENTED_EDGE('',*,*,#4754,.F.);
#2702=ORIENTED_EDGE('',*,*,#4755,.T.);
#2703=ORIENTED_EDGE('',*,*,#5094,.F.);
#2704=ORIENTED_EDGE('',*,*,#4829,.T.);
#2705=ORIENTED_EDGE('',*,*,#4757,.F.);
#2706=ORIENTED_EDGE('',*,*,#4828,.F.);
#2707=ORIENTED_EDGE('',*,*,#5011,.F.);
#2708=ORIENTED_EDGE('',*,*,#4757,.T.);
#2709=ORIENTED_EDGE('',*,*,#4760,.T.);
#2710=ORIENTED_EDGE('',*,*,#5097,.F.);
#2711=ORIENTED_EDGE('',*,*,#4831,.T.);
#2712=ORIENTED_EDGE('',*,*,#4759,.F.);
#2713=ORIENTED_EDGE('',*,*,#4830,.F.);
#2714=ORIENTED_EDGE('',*,*,#5014,.F.);
#2715=ORIENTED_EDGE('',*,*,#4758,.F.);
#2716=ORIENTED_EDGE('',*,*,#4759,.T.);
#2717=ORIENTED_EDGE('',*,*,#4763,.T.);
#2718=ORIENTED_EDGE('',*,*,#5100,.F.);
#2719=ORIENTED_EDGE('',*,*,#4762,.F.);
#2720=ORIENTED_EDGE('',*,*,#5017,.F.);
#2721=ORIENTED_EDGE('',*,*,#4761,.F.);
#2722=ORIENTED_EDGE('',*,*,#4762,.T.);
#2723=ORIENTED_EDGE('',*,*,#4766,.T.);
#2724=ORIENTED_EDGE('',*,*,#4765,.F.);
#2725=ORIENTED_EDGE('',*,*,#4764,.F.);
#2726=ORIENTED_EDGE('',*,*,#4765,.T.);
#2727=ORIENTED_EDGE('',*,*,#4769,.T.);
#2728=ORIENTED_EDGE('',*,*,#4768,.F.);
#2729=ORIENTED_EDGE('',*,*,#4767,.F.);
#2730=ORIENTED_EDGE('',*,*,#4768,.T.);
#2731=ORIENTED_EDGE('',*,*,#4772,.T.);
#2732=ORIENTED_EDGE('',*,*,#4771,.F.);
#2733=ORIENTED_EDGE('',*,*,#4770,.F.);
#2734=ORIENTED_EDGE('',*,*,#4771,.T.);
#2735=ORIENTED_EDGE('',*,*,#5109,.F.);
#2736=ORIENTED_EDGE('',*,*,#4833,.T.);
#2737=ORIENTED_EDGE('',*,*,#4773,.F.);
#2738=ORIENTED_EDGE('',*,*,#4832,.F.);
#2739=ORIENTED_EDGE('',*,*,#5026,.F.);
#2740=ORIENTED_EDGE('',*,*,#4773,.T.);
#2741=ORIENTED_EDGE('',*,*,#4776,.T.);
#2742=ORIENTED_EDGE('',*,*,#5112,.F.);
#2743=ORIENTED_EDGE('',*,*,#4835,.T.);
#2744=ORIENTED_EDGE('',*,*,#4775,.F.);
#2745=ORIENTED_EDGE('',*,*,#4834,.F.);
#2746=ORIENTED_EDGE('',*,*,#5029,.F.);
#2747=ORIENTED_EDGE('',*,*,#4774,.F.);
#2748=ORIENTED_EDGE('',*,*,#4775,.T.);
#2749=ORIENTED_EDGE('',*,*,#4779,.T.);
#2750=ORIENTED_EDGE('',*,*,#5115,.F.);
#2751=ORIENTED_EDGE('',*,*,#4778,.F.);
#2752=ORIENTED_EDGE('',*,*,#5032,.F.);
#2753=ORIENTED_EDGE('',*,*,#4777,.F.);
#2754=ORIENTED_EDGE('',*,*,#4778,.T.);
#2755=ORIENTED_EDGE('',*,*,#4782,.T.);
#2756=ORIENTED_EDGE('',*,*,#4781,.F.);
#2757=ORIENTED_EDGE('',*,*,#4780,.F.);
#2758=ORIENTED_EDGE('',*,*,#4781,.T.);
#2759=ORIENTED_EDGE('',*,*,#5120,.F.);
#2760=ORIENTED_EDGE('',*,*,#4837,.T.);
#2761=ORIENTED_EDGE('',*,*,#4783,.F.);
#2762=ORIENTED_EDGE('',*,*,#4836,.F.);
#2763=ORIENTED_EDGE('',*,*,#5037,.F.);
#2764=ORIENTED_EDGE('',*,*,#4783,.T.);
#2765=ORIENTED_EDGE('',*,*,#4786,.T.);
#2766=ORIENTED_EDGE('',*,*,#5123,.F.);
#2767=ORIENTED_EDGE('',*,*,#4839,.T.);
#2768=ORIENTED_EDGE('',*,*,#4785,.F.);
#2769=ORIENTED_EDGE('',*,*,#4838,.F.);
#2770=ORIENTED_EDGE('',*,*,#5040,.F.);
#2771=ORIENTED_EDGE('',*,*,#4784,.F.);
#2772=ORIENTED_EDGE('',*,*,#4785,.T.);
#2773=ORIENTED_EDGE('',*,*,#4789,.T.);
#2774=ORIENTED_EDGE('',*,*,#5126,.F.);
#2775=ORIENTED_EDGE('',*,*,#4788,.F.);
#2776=ORIENTED_EDGE('',*,*,#5043,.F.);
#2777=ORIENTED_EDGE('',*,*,#4787,.F.);
#2778=ORIENTED_EDGE('',*,*,#4788,.T.);
#2779=ORIENTED_EDGE('',*,*,#4792,.T.);
#2780=ORIENTED_EDGE('',*,*,#4791,.F.);
#2781=ORIENTED_EDGE('',*,*,#4790,.F.);
#2782=ORIENTED_EDGE('',*,*,#4791,.T.);
#2783=ORIENTED_EDGE('',*,*,#5131,.F.);
#2784=ORIENTED_EDGE('',*,*,#4841,.T.);
#2785=ORIENTED_EDGE('',*,*,#4793,.F.);
#2786=ORIENTED_EDGE('',*,*,#4840,.F.);
#2787=ORIENTED_EDGE('',*,*,#5048,.F.);
#2788=ORIENTED_EDGE('',*,*,#4793,.T.);
#2789=ORIENTED_EDGE('',*,*,#4796,.T.);
#2790=ORIENTED_EDGE('',*,*,#5134,.F.);
#2791=ORIENTED_EDGE('',*,*,#4843,.T.);
#2792=ORIENTED_EDGE('',*,*,#4795,.F.);
#2793=ORIENTED_EDGE('',*,*,#4842,.F.);
#2794=ORIENTED_EDGE('',*,*,#5051,.F.);
#2795=ORIENTED_EDGE('',*,*,#4794,.F.);
#2796=ORIENTED_EDGE('',*,*,#4795,.T.);
#2797=ORIENTED_EDGE('',*,*,#4799,.T.);
#2798=ORIENTED_EDGE('',*,*,#5137,.F.);
#2799=ORIENTED_EDGE('',*,*,#4798,.F.);
#2800=ORIENTED_EDGE('',*,*,#5054,.F.);
#2801=ORIENTED_EDGE('',*,*,#4797,.F.);
#2802=ORIENTED_EDGE('',*,*,#4798,.T.);
#2803=ORIENTED_EDGE('',*,*,#4802,.T.);
#2804=ORIENTED_EDGE('',*,*,#4801,.F.);
#2805=ORIENTED_EDGE('',*,*,#4800,.F.);
#2806=ORIENTED_EDGE('',*,*,#4801,.T.);
#2807=ORIENTED_EDGE('',*,*,#4805,.T.);
#2808=ORIENTED_EDGE('',*,*,#4804,.F.);
#2809=ORIENTED_EDGE('',*,*,#4803,.F.);
#2810=ORIENTED_EDGE('',*,*,#4804,.T.);
#2811=ORIENTED_EDGE('',*,*,#4808,.T.);
#2812=ORIENTED_EDGE('',*,*,#4807,.F.);
#2813=ORIENTED_EDGE('',*,*,#4806,.F.);
#2814=ORIENTED_EDGE('',*,*,#4807,.T.);
#2815=ORIENTED_EDGE('',*,*,#5146,.F.);
#2816=ORIENTED_EDGE('',*,*,#4845,.T.);
#2817=ORIENTED_EDGE('',*,*,#4809,.F.);
#2818=ORIENTED_EDGE('',*,*,#4844,.F.);
#2819=ORIENTED_EDGE('',*,*,#5063,.F.);
#2820=ORIENTED_EDGE('',*,*,#4809,.T.);
#2821=ORIENTED_EDGE('',*,*,#4812,.T.);
#2822=ORIENTED_EDGE('',*,*,#5149,.F.);
#2823=ORIENTED_EDGE('',*,*,#4847,.T.);
#2824=ORIENTED_EDGE('',*,*,#4811,.F.);
#2825=ORIENTED_EDGE('',*,*,#4846,.F.);
#2826=ORIENTED_EDGE('',*,*,#5066,.F.);
#2827=ORIENTED_EDGE('',*,*,#4810,.F.);
#2828=ORIENTED_EDGE('',*,*,#4811,.T.);
#2829=ORIENTED_EDGE('',*,*,#4815,.T.);
#2830=ORIENTED_EDGE('',*,*,#5152,.F.);
#2831=ORIENTED_EDGE('',*,*,#4814,.F.);
#2832=ORIENTED_EDGE('',*,*,#5069,.F.);
#2833=ORIENTED_EDGE('',*,*,#4813,.F.);
#2834=ORIENTED_EDGE('',*,*,#4814,.T.);
#2835=ORIENTED_EDGE('',*,*,#5155,.F.);
#2836=ORIENTED_EDGE('',*,*,#4849,.T.);
#2837=ORIENTED_EDGE('',*,*,#4816,.F.);
#2838=ORIENTED_EDGE('',*,*,#4848,.F.);
#2839=ORIENTED_EDGE('',*,*,#5072,.F.);
#2840=ORIENTED_EDGE('',*,*,#4816,.T.);
#2841=ORIENTED_EDGE('',*,*,#4819,.T.);
#2842=ORIENTED_EDGE('',*,*,#5158,.F.);
#2843=ORIENTED_EDGE('',*,*,#4818,.F.);
#2844=ORIENTED_EDGE('',*,*,#5075,.F.);
#2845=ORIENTED_EDGE('',*,*,#4817,.F.);
#2846=ORIENTED_EDGE('',*,*,#4818,.T.);
#2847=ORIENTED_EDGE('',*,*,#4821,.T.);
#2848=ORIENTED_EDGE('',*,*,#4743,.F.);
#2849=ORIENTED_EDGE('',*,*,#4820,.F.);
#2850=ORIENTED_EDGE('',*,*,#4853,.T.);
#2851=ORIENTED_EDGE('',*,*,#4851,.F.);
#2852=ORIENTED_EDGE('',*,*,#4852,.F.);
#2853=ORIENTED_EDGE('',*,*,#4850,.T.);
#2854=ORIENTED_EDGE('',*,*,#4853,.F.);
#2855=ORIENTED_EDGE('',*,*,#4855,.T.);
#2856=ORIENTED_EDGE('',*,*,#4854,.T.);
#2857=ORIENTED_EDGE('',*,*,#4856,.F.);
#2858=ORIENTED_EDGE('',*,*,#4854,.F.);
#2859=ORIENTED_EDGE('',*,*,#4858,.T.);
#2860=ORIENTED_EDGE('',*,*,#4857,.T.);
#2861=ORIENTED_EDGE('',*,*,#4859,.F.);
#2862=ORIENTED_EDGE('',*,*,#4863,.T.);
#2863=ORIENTED_EDGE('',*,*,#4862,.F.);
#2864=ORIENTED_EDGE('',*,*,#4860,.F.);
#2865=ORIENTED_EDGE('',*,*,#4861,.T.);
#2866=ORIENTED_EDGE('',*,*,#4863,.F.);
#2867=ORIENTED_EDGE('',*,*,#4865,.T.);
#2868=ORIENTED_EDGE('',*,*,#4864,.T.);
#2869=ORIENTED_EDGE('',*,*,#4866,.F.);
#2870=ORIENTED_EDGE('',*,*,#4868,.T.);
#2871=ORIENTED_EDGE('',*,*,#4869,.T.);
#2872=ORIENTED_EDGE('',*,*,#4870,.F.);
#2873=ORIENTED_EDGE('',*,*,#4867,.F.);
#2874=ORIENTED_EDGE('',*,*,#4874,.T.);
#2875=ORIENTED_EDGE('',*,*,#4873,.F.);
#2876=ORIENTED_EDGE('',*,*,#4871,.F.);
#2877=ORIENTED_EDGE('',*,*,#4872,.T.);
#2878=ORIENTED_EDGE('',*,*,#4874,.F.);
#2879=ORIENTED_EDGE('',*,*,#4876,.T.);
#2880=ORIENTED_EDGE('',*,*,#4875,.T.);
#2881=ORIENTED_EDGE('',*,*,#4877,.F.);
#2882=ORIENTED_EDGE('',*,*,#4875,.F.);
#2883=ORIENTED_EDGE('',*,*,#4879,.T.);
#2884=ORIENTED_EDGE('',*,*,#4878,.T.);
#2885=ORIENTED_EDGE('',*,*,#4880,.F.);
#2886=ORIENTED_EDGE('',*,*,#4882,.T.);
#2887=ORIENTED_EDGE('',*,*,#4883,.T.);
#2888=ORIENTED_EDGE('',*,*,#4884,.F.);
#2889=ORIENTED_EDGE('',*,*,#4881,.F.);
#2890=ORIENTED_EDGE('',*,*,#4886,.T.);
#2891=ORIENTED_EDGE('',*,*,#4887,.T.);
#2892=ORIENTED_EDGE('',*,*,#4888,.F.);
#2893=ORIENTED_EDGE('',*,*,#4885,.F.);
#2894=ORIENTED_EDGE('',*,*,#4890,.T.);
#2895=ORIENTED_EDGE('',*,*,#4891,.T.);
#2896=ORIENTED_EDGE('',*,*,#4892,.F.);
#2897=ORIENTED_EDGE('',*,*,#4889,.F.);
#2898=ORIENTED_EDGE('',*,*,#4896,.T.);
#2899=ORIENTED_EDGE('',*,*,#4895,.F.);
#2900=ORIENTED_EDGE('',*,*,#4893,.F.);
#2901=ORIENTED_EDGE('',*,*,#4894,.T.);
#2902=ORIENTED_EDGE('',*,*,#4896,.F.);
#2903=ORIENTED_EDGE('',*,*,#4898,.T.);
#2904=ORIENTED_EDGE('',*,*,#4897,.T.);
#2905=ORIENTED_EDGE('',*,*,#4899,.F.);
#2906=ORIENTED_EDGE('',*,*,#4897,.F.);
#2907=ORIENTED_EDGE('',*,*,#4901,.T.);
#2908=ORIENTED_EDGE('',*,*,#4900,.T.);
#2909=ORIENTED_EDGE('',*,*,#4902,.F.);
#2910=ORIENTED_EDGE('',*,*,#4904,.T.);
#2911=ORIENTED_EDGE('',*,*,#4905,.T.);
#2912=ORIENTED_EDGE('',*,*,#4906,.F.);
#2913=ORIENTED_EDGE('',*,*,#4903,.F.);
#2914=ORIENTED_EDGE('',*,*,#4910,.T.);
#2915=ORIENTED_EDGE('',*,*,#4909,.F.);
#2916=ORIENTED_EDGE('',*,*,#4907,.F.);
#2917=ORIENTED_EDGE('',*,*,#4908,.T.);
#2918=ORIENTED_EDGE('',*,*,#4910,.F.);
#2919=ORIENTED_EDGE('',*,*,#4912,.T.);
#2920=ORIENTED_EDGE('',*,*,#4911,.T.);
#2921=ORIENTED_EDGE('',*,*,#4913,.F.);
#2922=ORIENTED_EDGE('',*,*,#4911,.F.);
#2923=ORIENTED_EDGE('',*,*,#4915,.T.);
#2924=ORIENTED_EDGE('',*,*,#4914,.T.);
#2925=ORIENTED_EDGE('',*,*,#4916,.F.);
#2926=ORIENTED_EDGE('',*,*,#4918,.T.);
#2927=ORIENTED_EDGE('',*,*,#4919,.T.);
#2928=ORIENTED_EDGE('',*,*,#4920,.F.);
#2929=ORIENTED_EDGE('',*,*,#4917,.F.);
#2930=ORIENTED_EDGE('',*,*,#4924,.T.);
#2931=ORIENTED_EDGE('',*,*,#4923,.F.);
#2932=ORIENTED_EDGE('',*,*,#4921,.F.);
#2933=ORIENTED_EDGE('',*,*,#4922,.T.);
#2934=ORIENTED_EDGE('',*,*,#4924,.F.);
#2935=ORIENTED_EDGE('',*,*,#4926,.T.);
#2936=ORIENTED_EDGE('',*,*,#4925,.T.);
#2937=ORIENTED_EDGE('',*,*,#4927,.F.);
#2938=ORIENTED_EDGE('',*,*,#4925,.F.);
#2939=ORIENTED_EDGE('',*,*,#4929,.T.);
#2940=ORIENTED_EDGE('',*,*,#4928,.T.);
#2941=ORIENTED_EDGE('',*,*,#4930,.F.);
#2942=ORIENTED_EDGE('',*,*,#4932,.T.);
#2943=ORIENTED_EDGE('',*,*,#4933,.T.);
#2944=ORIENTED_EDGE('',*,*,#4934,.F.);
#2945=ORIENTED_EDGE('',*,*,#4931,.F.);
#2946=ORIENTED_EDGE('',*,*,#4936,.T.);
#2947=ORIENTED_EDGE('',*,*,#4937,.T.);
#2948=ORIENTED_EDGE('',*,*,#4938,.F.);
#2949=ORIENTED_EDGE('',*,*,#4935,.F.);
#2950=ORIENTED_EDGE('',*,*,#4940,.T.);
#2951=ORIENTED_EDGE('',*,*,#4941,.T.);
#2952=ORIENTED_EDGE('',*,*,#4942,.F.);
#2953=ORIENTED_EDGE('',*,*,#4939,.F.);
#2954=ORIENTED_EDGE('',*,*,#4946,.T.);
#2955=ORIENTED_EDGE('',*,*,#4945,.F.);
#2956=ORIENTED_EDGE('',*,*,#4943,.F.);
#2957=ORIENTED_EDGE('',*,*,#4944,.T.);
#2958=ORIENTED_EDGE('',*,*,#4946,.F.);
#2959=ORIENTED_EDGE('',*,*,#4948,.T.);
#2960=ORIENTED_EDGE('',*,*,#4947,.T.);
#2961=ORIENTED_EDGE('',*,*,#4949,.F.);
#2962=ORIENTED_EDGE('',*,*,#4947,.F.);
#2963=ORIENTED_EDGE('',*,*,#4951,.T.);
#2964=ORIENTED_EDGE('',*,*,#4950,.T.);
#2965=ORIENTED_EDGE('',*,*,#4952,.F.);
#2966=ORIENTED_EDGE('',*,*,#4956,.T.);
#2967=ORIENTED_EDGE('',*,*,#4955,.F.);
#2968=ORIENTED_EDGE('',*,*,#4953,.F.);
#2969=ORIENTED_EDGE('',*,*,#4954,.T.);
#2970=ORIENTED_EDGE('',*,*,#4956,.F.);
#2971=ORIENTED_EDGE('',*,*,#4958,.T.);
#2972=ORIENTED_EDGE('',*,*,#4957,.T.);
#2973=ORIENTED_EDGE('',*,*,#4959,.F.);
#2974=ORIENTED_EDGE('',*,*,#4993,.T.);
#2975=ORIENTED_EDGE('',*,*,#4852,.T.);
#2976=ORIENTED_EDGE('',*,*,#5161,.F.);
#2977=ORIENTED_EDGE('',*,*,#4957,.F.);
#2978=ORIENTED_EDGE('',*,*,#4961,.F.);
#2979=ORIENTED_EDGE('',*,*,#4860,.T.);
#2980=ORIENTED_EDGE('',*,*,#4960,.F.);
#2981=ORIENTED_EDGE('',*,*,#4857,.F.);
#2982=ORIENTED_EDGE('',*,*,#4963,.F.);
#2983=ORIENTED_EDGE('',*,*,#4867,.T.);
#2984=ORIENTED_EDGE('',*,*,#4962,.F.);
#2985=ORIENTED_EDGE('',*,*,#4864,.F.);
#2986=ORIENTED_EDGE('',*,*,#4965,.F.);
#2987=ORIENTED_EDGE('',*,*,#4871,.T.);
#2988=ORIENTED_EDGE('',*,*,#4964,.F.);
#2989=ORIENTED_EDGE('',*,*,#4869,.F.);
#2990=ORIENTED_EDGE('',*,*,#4967,.F.);
#2991=ORIENTED_EDGE('',*,*,#4881,.T.);
#2992=ORIENTED_EDGE('',*,*,#4966,.F.);
#2993=ORIENTED_EDGE('',*,*,#4878,.F.);
#2994=ORIENTED_EDGE('',*,*,#4969,.F.);
#2995=ORIENTED_EDGE('',*,*,#4885,.T.);
#2996=ORIENTED_EDGE('',*,*,#4968,.F.);
#2997=ORIENTED_EDGE('',*,*,#4883,.F.);
#2998=ORIENTED_EDGE('',*,*,#4971,.F.);
#2999=ORIENTED_EDGE('',*,*,#4889,.T.);
#3000=ORIENTED_EDGE('',*,*,#4970,.F.);
#3001=ORIENTED_EDGE('',*,*,#4887,.F.);
#3002=ORIENTED_EDGE('',*,*,#4973,.F.);
#3003=ORIENTED_EDGE('',*,*,#4893,.T.);
#3004=ORIENTED_EDGE('',*,*,#4972,.F.);
#3005=ORIENTED_EDGE('',*,*,#4891,.F.);
#3006=ORIENTED_EDGE('',*,*,#4975,.F.);
#3007=ORIENTED_EDGE('',*,*,#4903,.T.);
#3008=ORIENTED_EDGE('',*,*,#4974,.F.);
#3009=ORIENTED_EDGE('',*,*,#4900,.F.);
#3010=ORIENTED_EDGE('',*,*,#4977,.F.);
#3011=ORIENTED_EDGE('',*,*,#4907,.T.);
#3012=ORIENTED_EDGE('',*,*,#4976,.F.);
#3013=ORIENTED_EDGE('',*,*,#4905,.F.);
#3014=ORIENTED_EDGE('',*,*,#4979,.F.);
#3015=ORIENTED_EDGE('',*,*,#4917,.T.);
#3016=ORIENTED_EDGE('',*,*,#4978,.F.);
#3017=ORIENTED_EDGE('',*,*,#4914,.F.);
#3018=ORIENTED_EDGE('',*,*,#4981,.F.);
#3019=ORIENTED_EDGE('',*,*,#4921,.T.);
#3020=ORIENTED_EDGE('',*,*,#4980,.F.);
#3021=ORIENTED_EDGE('',*,*,#4919,.F.);
#3022=ORIENTED_EDGE('',*,*,#4983,.F.);
#3023=ORIENTED_EDGE('',*,*,#4931,.T.);
#3024=ORIENTED_EDGE('',*,*,#4982,.F.);
#3025=ORIENTED_EDGE('',*,*,#4928,.F.);
#3026=ORIENTED_EDGE('',*,*,#4985,.F.);
#3027=ORIENTED_EDGE('',*,*,#4935,.T.);
#3028=ORIENTED_EDGE('',*,*,#4984,.F.);
#3029=ORIENTED_EDGE('',*,*,#4933,.F.);
#3030=ORIENTED_EDGE('',*,*,#4987,.F.);
#3031=ORIENTED_EDGE('',*,*,#4939,.T.);
#3032=ORIENTED_EDGE('',*,*,#4986,.F.);
#3033=ORIENTED_EDGE('',*,*,#4937,.F.);
#3034=ORIENTED_EDGE('',*,*,#4989,.F.);
#3035=ORIENTED_EDGE('',*,*,#4943,.T.);
#3036=ORIENTED_EDGE('',*,*,#4988,.F.);
#3037=ORIENTED_EDGE('',*,*,#4941,.F.);
#3038=ORIENTED_EDGE('',*,*,#4991,.F.);
#3039=ORIENTED_EDGE('',*,*,#4953,.T.);
#3040=ORIENTED_EDGE('',*,*,#4990,.F.);
#3041=ORIENTED_EDGE('',*,*,#4950,.F.);
#3042=ORIENTED_EDGE('',*,*,#4820,.T.);
#3043=ORIENTED_EDGE('',*,*,#4992,.T.);
#3044=ORIENTED_EDGE('',*,*,#4993,.F.);
#3045=ORIENTED_EDGE('',*,*,#4994,.T.);
#3046=ORIENTED_EDGE('',*,*,#4995,.T.);
#3047=ORIENTED_EDGE('',*,*,#4996,.T.);
#3048=ORIENTED_EDGE('',*,*,#4850,.F.);
#3049=ORIENTED_EDGE('',*,*,#4992,.F.);
#3050=ORIENTED_EDGE('',*,*,#4997,.T.);
#3051=ORIENTED_EDGE('',*,*,#4998,.T.);
#3052=ORIENTED_EDGE('',*,*,#4855,.F.);
#3053=ORIENTED_EDGE('',*,*,#4999,.T.);
#3054=ORIENTED_EDGE('',*,*,#5000,.T.);
#3055=ORIENTED_EDGE('',*,*,#5001,.T.);
#3056=ORIENTED_EDGE('',*,*,#4858,.F.);
#3057=ORIENTED_EDGE('',*,*,#5002,.T.);
#3058=ORIENTED_EDGE('',*,*,#5003,.T.);
#3059=ORIENTED_EDGE('',*,*,#5004,.T.);
#3060=ORIENTED_EDGE('',*,*,#4861,.F.);
#3061=ORIENTED_EDGE('',*,*,#5005,.T.);
#3062=ORIENTED_EDGE('',*,*,#5006,.T.);
#3063=ORIENTED_EDGE('',*,*,#5007,.T.);
#3064=ORIENTED_EDGE('',*,*,#4865,.F.);
#3065=ORIENTED_EDGE('',*,*,#5008,.T.);
#3066=ORIENTED_EDGE('',*,*,#4754,.T.);
#3067=ORIENTED_EDGE('',*,*,#5009,.T.);
#3068=ORIENTED_EDGE('',*,*,#4868,.F.);
#3069=ORIENTED_EDGE('',*,*,#5010,.T.);
#3070=ORIENTED_EDGE('',*,*,#5011,.T.);
#3071=ORIENTED_EDGE('',*,*,#5012,.T.);
#3072=ORIENTED_EDGE('',*,*,#4872,.F.);
#3073=ORIENTED_EDGE('',*,*,#5013,.T.);
#3074=ORIENTED_EDGE('',*,*,#5014,.T.);
#3075=ORIENTED_EDGE('',*,*,#5015,.T.);
#3076=ORIENTED_EDGE('',*,*,#4876,.F.);
#3077=ORIENTED_EDGE('',*,*,#5016,.T.);
#3078=ORIENTED_EDGE('',*,*,#5017,.T.);
#3079=ORIENTED_EDGE('',*,*,#5018,.T.);
#3080=ORIENTED_EDGE('',*,*,#4879,.F.);
#3081=ORIENTED_EDGE('',*,*,#5019,.T.);
#3082=ORIENTED_EDGE('',*,*,#4764,.T.);
#3083=ORIENTED_EDGE('',*,*,#5020,.T.);
#3084=ORIENTED_EDGE('',*,*,#4882,.F.);
#3085=ORIENTED_EDGE('',*,*,#5021,.T.);
#3086=ORIENTED_EDGE('',*,*,#4767,.T.);
#3087=ORIENTED_EDGE('',*,*,#5022,.T.);
#3088=ORIENTED_EDGE('',*,*,#4886,.F.);
#3089=ORIENTED_EDGE('',*,*,#5023,.T.);
#3090=ORIENTED_EDGE('',*,*,#4770,.T.);
#3091=ORIENTED_EDGE('',*,*,#5024,.T.);
#3092=ORIENTED_EDGE('',*,*,#4890,.F.);
#3093=ORIENTED_EDGE('',*,*,#5025,.T.);
#3094=ORIENTED_EDGE('',*,*,#5026,.T.);
#3095=ORIENTED_EDGE('',*,*,#5027,.T.);
#3096=ORIENTED_EDGE('',*,*,#4894,.F.);
#3097=ORIENTED_EDGE('',*,*,#5028,.T.);
#3098=ORIENTED_EDGE('',*,*,#5029,.T.);
#3099=ORIENTED_EDGE('',*,*,#5030,.T.);
#3100=ORIENTED_EDGE('',*,*,#4898,.F.);
#3101=ORIENTED_EDGE('',*,*,#5031,.T.);
#3102=ORIENTED_EDGE('',*,*,#5032,.T.);
#3103=ORIENTED_EDGE('',*,*,#5033,.T.);
#3104=ORIENTED_EDGE('',*,*,#4901,.F.);
#3105=ORIENTED_EDGE('',*,*,#5034,.T.);
#3106=ORIENTED_EDGE('',*,*,#4780,.T.);
#3107=ORIENTED_EDGE('',*,*,#5035,.T.);
#3108=ORIENTED_EDGE('',*,*,#4904,.F.);
#3109=ORIENTED_EDGE('',*,*,#5036,.T.);
#3110=ORIENTED_EDGE('',*,*,#5037,.T.);
#3111=ORIENTED_EDGE('',*,*,#5038,.T.);
#3112=ORIENTED_EDGE('',*,*,#4908,.F.);
#3113=ORIENTED_EDGE('',*,*,#5039,.T.);
#3114=ORIENTED_EDGE('',*,*,#5040,.T.);
#3115=ORIENTED_EDGE('',*,*,#5041,.T.);
#3116=ORIENTED_EDGE('',*,*,#4912,.F.);
#3117=ORIENTED_EDGE('',*,*,#5042,.T.);
#3118=ORIENTED_EDGE('',*,*,#5043,.T.);
#3119=ORIENTED_EDGE('',*,*,#5044,.T.);
#3120=ORIENTED_EDGE('',*,*,#4915,.F.);
#3121=ORIENTED_EDGE('',*,*,#5045,.T.);
#3122=ORIENTED_EDGE('',*,*,#4790,.T.);
#3123=ORIENTED_EDGE('',*,*,#5046,.T.);
#3124=ORIENTED_EDGE('',*,*,#4918,.F.);
#3125=ORIENTED_EDGE('',*,*,#5047,.T.);
#3126=ORIENTED_EDGE('',*,*,#5048,.T.);
#3127=ORIENTED_EDGE('',*,*,#5049,.T.);
#3128=ORIENTED_EDGE('',*,*,#4922,.F.);
#3129=ORIENTED_EDGE('',*,*,#5050,.T.);
#3130=ORIENTED_EDGE('',*,*,#5051,.T.);
#3131=ORIENTED_EDGE('',*,*,#5052,.T.);
#3132=ORIENTED_EDGE('',*,*,#4926,.F.);
#3133=ORIENTED_EDGE('',*,*,#5053,.T.);
#3134=ORIENTED_EDGE('',*,*,#5054,.T.);
#3135=ORIENTED_EDGE('',*,*,#5055,.T.);
#3136=ORIENTED_EDGE('',*,*,#4929,.F.);
#3137=ORIENTED_EDGE('',*,*,#5056,.T.);
#3138=ORIENTED_EDGE('',*,*,#4800,.T.);
#3139=ORIENTED_EDGE('',*,*,#5057,.T.);
#3140=ORIENTED_EDGE('',*,*,#4932,.F.);
#3141=ORIENTED_EDGE('',*,*,#5058,.T.);
#3142=ORIENTED_EDGE('',*,*,#4803,.T.);
#3143=ORIENTED_EDGE('',*,*,#5059,.T.);
#3144=ORIENTED_EDGE('',*,*,#4936,.F.);
#3145=ORIENTED_EDGE('',*,*,#5060,.T.);
#3146=ORIENTED_EDGE('',*,*,#4806,.T.);
#3147=ORIENTED_EDGE('',*,*,#5061,.T.);
#3148=ORIENTED_EDGE('',*,*,#4940,.F.);
#3149=ORIENTED_EDGE('',*,*,#5062,.T.);
#3150=ORIENTED_EDGE('',*,*,#5063,.T.);
#3151=ORIENTED_EDGE('',*,*,#5064,.T.);
#3152=ORIENTED_EDGE('',*,*,#4944,.F.);
#3153=ORIENTED_EDGE('',*,*,#5065,.T.);
#3154=ORIENTED_EDGE('',*,*,#5066,.T.);
#3155=ORIENTED_EDGE('',*,*,#5067,.T.);
#3156=ORIENTED_EDGE('',*,*,#4948,.F.);
#3157=ORIENTED_EDGE('',*,*,#5068,.T.);
#3158=ORIENTED_EDGE('',*,*,#5069,.T.);
#3159=ORIENTED_EDGE('',*,*,#5070,.T.);
#3160=ORIENTED_EDGE('',*,*,#4951,.F.);
#3161=ORIENTED_EDGE('',*,*,#5071,.T.);
#3162=ORIENTED_EDGE('',*,*,#5072,.T.);
#3163=ORIENTED_EDGE('',*,*,#5073,.T.);
#3164=ORIENTED_EDGE('',*,*,#4954,.F.);
#3165=ORIENTED_EDGE('',*,*,#5074,.T.);
#3166=ORIENTED_EDGE('',*,*,#5075,.T.);
#3167=ORIENTED_EDGE('',*,*,#4994,.F.);
#3168=ORIENTED_EDGE('',*,*,#4958,.F.);
#3169=ORIENTED_EDGE('',*,*,#5076,.T.);
#3170=ORIENTED_EDGE('',*,*,#5077,.T.);
#3171=ORIENTED_EDGE('',*,*,#5078,.T.);
#3172=ORIENTED_EDGE('',*,*,#4851,.T.);
#3173=ORIENTED_EDGE('',*,*,#5079,.T.);
#3174=ORIENTED_EDGE('',*,*,#5080,.T.);
#3175=ORIENTED_EDGE('',*,*,#5081,.T.);
#3176=ORIENTED_EDGE('',*,*,#4856,.T.);
#3177=ORIENTED_EDGE('',*,*,#5082,.T.);
#3178=ORIENTED_EDGE('',*,*,#5083,.T.);
#3179=ORIENTED_EDGE('',*,*,#5084,.T.);
#3180=ORIENTED_EDGE('',*,*,#4859,.T.);
#3181=ORIENTED_EDGE('',*,*,#5085,.T.);
#3182=ORIENTED_EDGE('',*,*,#5086,.T.);
#3183=ORIENTED_EDGE('',*,*,#5087,.T.);
#3184=ORIENTED_EDGE('',*,*,#4862,.T.);
#3185=ORIENTED_EDGE('',*,*,#5088,.T.);
#3186=ORIENTED_EDGE('',*,*,#5089,.T.);
#3187=ORIENTED_EDGE('',*,*,#5090,.T.);
#3188=ORIENTED_EDGE('',*,*,#4866,.T.);
#3189=ORIENTED_EDGE('',*,*,#5091,.T.);
#3190=ORIENTED_EDGE('',*,*,#4756,.F.);
#3191=ORIENTED_EDGE('',*,*,#5092,.T.);
#3192=ORIENTED_EDGE('',*,*,#4870,.T.);
#3193=ORIENTED_EDGE('',*,*,#5093,.T.);
#3194=ORIENTED_EDGE('',*,*,#5094,.T.);
#3195=ORIENTED_EDGE('',*,*,#5095,.T.);
#3196=ORIENTED_EDGE('',*,*,#4873,.T.);
#3197=ORIENTED_EDGE('',*,*,#5096,.T.);
#3198=ORIENTED_EDGE('',*,*,#5097,.T.);
#3199=ORIENTED_EDGE('',*,*,#5098,.T.);
#3200=ORIENTED_EDGE('',*,*,#4877,.T.);
#3201=ORIENTED_EDGE('',*,*,#5099,.T.);
#3202=ORIENTED_EDGE('',*,*,#5100,.T.);
#3203=ORIENTED_EDGE('',*,*,#5101,.T.);
#3204=ORIENTED_EDGE('',*,*,#4880,.T.);
#3205=ORIENTED_EDGE('',*,*,#5102,.T.);
#3206=ORIENTED_EDGE('',*,*,#4766,.F.);
#3207=ORIENTED_EDGE('',*,*,#5103,.T.);
#3208=ORIENTED_EDGE('',*,*,#4884,.T.);
#3209=ORIENTED_EDGE('',*,*,#5104,.T.);
#3210=ORIENTED_EDGE('',*,*,#4769,.F.);
#3211=ORIENTED_EDGE('',*,*,#5105,.T.);
#3212=ORIENTED_EDGE('',*,*,#4888,.T.);
#3213=ORIENTED_EDGE('',*,*,#5106,.T.);
#3214=ORIENTED_EDGE('',*,*,#4772,.F.);
#3215=ORIENTED_EDGE('',*,*,#5107,.T.);
#3216=ORIENTED_EDGE('',*,*,#4892,.T.);
#3217=ORIENTED_EDGE('',*,*,#5108,.T.);
#3218=ORIENTED_EDGE('',*,*,#5109,.T.);
#3219=ORIENTED_EDGE('',*,*,#5110,.T.);
#3220=ORIENTED_EDGE('',*,*,#4895,.T.);
#3221=ORIENTED_EDGE('',*,*,#5111,.T.);
#3222=ORIENTED_EDGE('',*,*,#5112,.T.);
#3223=ORIENTED_EDGE('',*,*,#5113,.T.);
#3224=ORIENTED_EDGE('',*,*,#4899,.T.);
#3225=ORIENTED_EDGE('',*,*,#5114,.T.);
#3226=ORIENTED_EDGE('',*,*,#5115,.T.);
#3227=ORIENTED_EDGE('',*,*,#5116,.T.);
#3228=ORIENTED_EDGE('',*,*,#4902,.T.);
#3229=ORIENTED_EDGE('',*,*,#5117,.T.);
#3230=ORIENTED_EDGE('',*,*,#4782,.F.);
#3231=ORIENTED_EDGE('',*,*,#5118,.T.);
#3232=ORIENTED_EDGE('',*,*,#4906,.T.);
#3233=ORIENTED_EDGE('',*,*,#5119,.T.);
#3234=ORIENTED_EDGE('',*,*,#5120,.T.);
#3235=ORIENTED_EDGE('',*,*,#5121,.T.);
#3236=ORIENTED_EDGE('',*,*,#4909,.T.);
#3237=ORIENTED_EDGE('',*,*,#5122,.T.);
#3238=ORIENTED_EDGE('',*,*,#5123,.T.);
#3239=ORIENTED_EDGE('',*,*,#5124,.T.);
#3240=ORIENTED_EDGE('',*,*,#4913,.T.);
#3241=ORIENTED_EDGE('',*,*,#5125,.T.);
#3242=ORIENTED_EDGE('',*,*,#5126,.T.);
#3243=ORIENTED_EDGE('',*,*,#5127,.T.);
#3244=ORIENTED_EDGE('',*,*,#4916,.T.);
#3245=ORIENTED_EDGE('',*,*,#5128,.T.);
#3246=ORIENTED_EDGE('',*,*,#4792,.F.);
#3247=ORIENTED_EDGE('',*,*,#5129,.T.);
#3248=ORIENTED_EDGE('',*,*,#4920,.T.);
#3249=ORIENTED_EDGE('',*,*,#5130,.T.);
#3250=ORIENTED_EDGE('',*,*,#5131,.T.);
#3251=ORIENTED_EDGE('',*,*,#5132,.T.);
#3252=ORIENTED_EDGE('',*,*,#4923,.T.);
#3253=ORIENTED_EDGE('',*,*,#5133,.T.);
#3254=ORIENTED_EDGE('',*,*,#5134,.T.);
#3255=ORIENTED_EDGE('',*,*,#5135,.T.);
#3256=ORIENTED_EDGE('',*,*,#4927,.T.);
#3257=ORIENTED_EDGE('',*,*,#5136,.T.);
#3258=ORIENTED_EDGE('',*,*,#5137,.T.);
#3259=ORIENTED_EDGE('',*,*,#5138,.T.);
#3260=ORIENTED_EDGE('',*,*,#4930,.T.);
#3261=ORIENTED_EDGE('',*,*,#5139,.T.);
#3262=ORIENTED_EDGE('',*,*,#4802,.F.);
#3263=ORIENTED_EDGE('',*,*,#5140,.T.);
#3264=ORIENTED_EDGE('',*,*,#4934,.T.);
#3265=ORIENTED_EDGE('',*,*,#5141,.T.);
#3266=ORIENTED_EDGE('',*,*,#4805,.F.);
#3267=ORIENTED_EDGE('',*,*,#5142,.T.);
#3268=ORIENTED_EDGE('',*,*,#4938,.T.);
#3269=ORIENTED_EDGE('',*,*,#5143,.T.);
#3270=ORIENTED_EDGE('',*,*,#4808,.F.);
#3271=ORIENTED_EDGE('',*,*,#5144,.T.);
#3272=ORIENTED_EDGE('',*,*,#4942,.T.);
#3273=ORIENTED_EDGE('',*,*,#5145,.T.);
#3274=ORIENTED_EDGE('',*,*,#5146,.T.);
#3275=ORIENTED_EDGE('',*,*,#5147,.T.);
#3276=ORIENTED_EDGE('',*,*,#4945,.T.);
#3277=ORIENTED_EDGE('',*,*,#5148,.T.);
#3278=ORIENTED_EDGE('',*,*,#5149,.T.);
#3279=ORIENTED_EDGE('',*,*,#5150,.T.);
#3280=ORIENTED_EDGE('',*,*,#4949,.T.);
#3281=ORIENTED_EDGE('',*,*,#5151,.T.);
#3282=ORIENTED_EDGE('',*,*,#5152,.T.);
#3283=ORIENTED_EDGE('',*,*,#5153,.T.);
#3284=ORIENTED_EDGE('',*,*,#4952,.T.);
#3285=ORIENTED_EDGE('',*,*,#5154,.T.);
#3286=ORIENTED_EDGE('',*,*,#5155,.T.);
#3287=ORIENTED_EDGE('',*,*,#5156,.T.);
#3288=ORIENTED_EDGE('',*,*,#4955,.T.);
#3289=ORIENTED_EDGE('',*,*,#5157,.T.);
#3290=ORIENTED_EDGE('',*,*,#5158,.T.);
#3291=ORIENTED_EDGE('',*,*,#5159,.T.);
#3292=ORIENTED_EDGE('',*,*,#4959,.T.);
#3293=ORIENTED_EDGE('',*,*,#5160,.T.);
#3294=ORIENTED_EDGE('',*,*,#5160,.F.);
#3295=ORIENTED_EDGE('',*,*,#5161,.T.);
#3296=ORIENTED_EDGE('',*,*,#5078,.F.);
#3297=ORIENTED_EDGE('',*,*,#4821,.F.);
#3298=ORIENTED_EDGE('',*,*,#4822,.T.);
#3299=ORIENTED_EDGE('',*,*,#4744,.T.);
#3300=ORIENTED_EDGE('',*,*,#4999,.F.);
#3301=ORIENTED_EDGE('',*,*,#4996,.F.);
#3302=ORIENTED_EDGE('',*,*,#5079,.F.);
#3303=ORIENTED_EDGE('',*,*,#5081,.F.);
#3304=ORIENTED_EDGE('',*,*,#4746,.F.);
#3305=ORIENTED_EDGE('',*,*,#4823,.F.);
#3306=ORIENTED_EDGE('',*,*,#4824,.T.);
#3307=ORIENTED_EDGE('',*,*,#4747,.T.);
#3308=ORIENTED_EDGE('',*,*,#5002,.F.);
#3309=ORIENTED_EDGE('',*,*,#4998,.F.);
#3310=ORIENTED_EDGE('',*,*,#5082,.F.);
#3311=ORIENTED_EDGE('',*,*,#5084,.F.);
#3312=ORIENTED_EDGE('',*,*,#4749,.F.);
#3313=ORIENTED_EDGE('',*,*,#4825,.F.);
#3314=ORIENTED_EDGE('',*,*,#4961,.T.);
#3315=ORIENTED_EDGE('',*,*,#5001,.F.);
#3316=ORIENTED_EDGE('',*,*,#5005,.F.);
#3317=ORIENTED_EDGE('',*,*,#4960,.T.);
#3318=ORIENTED_EDGE('',*,*,#5087,.F.);
#3319=ORIENTED_EDGE('',*,*,#5085,.F.);
#3320=ORIENTED_EDGE('',*,*,#4826,.T.);
#3321=ORIENTED_EDGE('',*,*,#4751,.T.);
#3322=ORIENTED_EDGE('',*,*,#5008,.F.);
#3323=ORIENTED_EDGE('',*,*,#5004,.F.);
#3324=ORIENTED_EDGE('',*,*,#5088,.F.);
#3325=ORIENTED_EDGE('',*,*,#5090,.F.);
#3326=ORIENTED_EDGE('',*,*,#4753,.F.);
#3327=ORIENTED_EDGE('',*,*,#4827,.F.);
#3328=ORIENTED_EDGE('',*,*,#4963,.T.);
#3329=ORIENTED_EDGE('',*,*,#5007,.F.);
#3330=ORIENTED_EDGE('',*,*,#5010,.F.);
#3331=ORIENTED_EDGE('',*,*,#4962,.T.);
#3332=ORIENTED_EDGE('',*,*,#5092,.F.);
#3333=ORIENTED_EDGE('',*,*,#5091,.F.);
#3334=ORIENTED_EDGE('',*,*,#4965,.T.);
#3335=ORIENTED_EDGE('',*,*,#5009,.F.);
#3336=ORIENTED_EDGE('',*,*,#5013,.F.);
#3337=ORIENTED_EDGE('',*,*,#4964,.T.);
#3338=ORIENTED_EDGE('',*,*,#5095,.F.);
#3339=ORIENTED_EDGE('',*,*,#5093,.F.);
#3340=ORIENTED_EDGE('',*,*,#4828,.T.);
#3341=ORIENTED_EDGE('',*,*,#4758,.T.);
#3342=ORIENTED_EDGE('',*,*,#5016,.F.);
#3343=ORIENTED_EDGE('',*,*,#5012,.F.);
#3344=ORIENTED_EDGE('',*,*,#5096,.F.);
#3345=ORIENTED_EDGE('',*,*,#5098,.F.);
#3346=ORIENTED_EDGE('',*,*,#4760,.F.);
#3347=ORIENTED_EDGE('',*,*,#4829,.F.);
#3348=ORIENTED_EDGE('',*,*,#4830,.T.);
#3349=ORIENTED_EDGE('',*,*,#4761,.T.);
#3350=ORIENTED_EDGE('',*,*,#5019,.F.);
#3351=ORIENTED_EDGE('',*,*,#5015,.F.);
#3352=ORIENTED_EDGE('',*,*,#5099,.F.);
#3353=ORIENTED_EDGE('',*,*,#5101,.F.);
#3354=ORIENTED_EDGE('',*,*,#4763,.F.);
#3355=ORIENTED_EDGE('',*,*,#4831,.F.);
#3356=ORIENTED_EDGE('',*,*,#4967,.T.);
#3357=ORIENTED_EDGE('',*,*,#5018,.F.);
#3358=ORIENTED_EDGE('',*,*,#5021,.F.);
#3359=ORIENTED_EDGE('',*,*,#4966,.T.);
#3360=ORIENTED_EDGE('',*,*,#5103,.F.);
#3361=ORIENTED_EDGE('',*,*,#5102,.F.);
#3362=ORIENTED_EDGE('',*,*,#4969,.T.);
#3363=ORIENTED_EDGE('',*,*,#5020,.F.);
#3364=ORIENTED_EDGE('',*,*,#5023,.F.);
#3365=ORIENTED_EDGE('',*,*,#4968,.T.);
#3366=ORIENTED_EDGE('',*,*,#5105,.F.);
#3367=ORIENTED_EDGE('',*,*,#5104,.F.);
#3368=ORIENTED_EDGE('',*,*,#4971,.T.);
#3369=ORIENTED_EDGE('',*,*,#5022,.F.);
#3370=ORIENTED_EDGE('',*,*,#5025,.F.);
#3371=ORIENTED_EDGE('',*,*,#4970,.T.);
#3372=ORIENTED_EDGE('',*,*,#5107,.F.);
#3373=ORIENTED_EDGE('',*,*,#5106,.F.);
#3374=ORIENTED_EDGE('',*,*,#4973,.T.);
#3375=ORIENTED_EDGE('',*,*,#5024,.F.);
#3376=ORIENTED_EDGE('',*,*,#5028,.F.);
#3377=ORIENTED_EDGE('',*,*,#4972,.T.);
#3378=ORIENTED_EDGE('',*,*,#5110,.F.);
#3379=ORIENTED_EDGE('',*,*,#5108,.F.);
#3380=ORIENTED_EDGE('',*,*,#4832,.T.);
#3381=ORIENTED_EDGE('',*,*,#4774,.T.);
#3382=ORIENTED_EDGE('',*,*,#5031,.F.);
#3383=ORIENTED_EDGE('',*,*,#5027,.F.);
#3384=ORIENTED_EDGE('',*,*,#5111,.F.);
#3385=ORIENTED_EDGE('',*,*,#5113,.F.);
#3386=ORIENTED_EDGE('',*,*,#4776,.F.);
#3387=ORIENTED_EDGE('',*,*,#4833,.F.);
#3388=ORIENTED_EDGE('',*,*,#4834,.T.);
#3389=ORIENTED_EDGE('',*,*,#4777,.T.);
#3390=ORIENTED_EDGE('',*,*,#5034,.F.);
#3391=ORIENTED_EDGE('',*,*,#5030,.F.);
#3392=ORIENTED_EDGE('',*,*,#5114,.F.);
#3393=ORIENTED_EDGE('',*,*,#5116,.F.);
#3394=ORIENTED_EDGE('',*,*,#4779,.F.);
#3395=ORIENTED_EDGE('',*,*,#4835,.F.);
#3396=ORIENTED_EDGE('',*,*,#4975,.T.);
#3397=ORIENTED_EDGE('',*,*,#5033,.F.);
#3398=ORIENTED_EDGE('',*,*,#5036,.F.);
#3399=ORIENTED_EDGE('',*,*,#4974,.T.);
#3400=ORIENTED_EDGE('',*,*,#5118,.F.);
#3401=ORIENTED_EDGE('',*,*,#5117,.F.);
#3402=ORIENTED_EDGE('',*,*,#4977,.T.);
#3403=ORIENTED_EDGE('',*,*,#5035,.F.);
#3404=ORIENTED_EDGE('',*,*,#5039,.F.);
#3405=ORIENTED_EDGE('',*,*,#4976,.T.);
#3406=ORIENTED_EDGE('',*,*,#5121,.F.);
#3407=ORIENTED_EDGE('',*,*,#5119,.F.);
#3408=ORIENTED_EDGE('',*,*,#4836,.T.);
#3409=ORIENTED_EDGE('',*,*,#4784,.T.);
#3410=ORIENTED_EDGE('',*,*,#5042,.F.);
#3411=ORIENTED_EDGE('',*,*,#5038,.F.);
#3412=ORIENTED_EDGE('',*,*,#5122,.F.);
#3413=ORIENTED_EDGE('',*,*,#5124,.F.);
#3414=ORIENTED_EDGE('',*,*,#4786,.F.);
#3415=ORIENTED_EDGE('',*,*,#4837,.F.);
#3416=ORIENTED_EDGE('',*,*,#4838,.T.);
#3417=ORIENTED_EDGE('',*,*,#4787,.T.);
#3418=ORIENTED_EDGE('',*,*,#5045,.F.);
#3419=ORIENTED_EDGE('',*,*,#5041,.F.);
#3420=ORIENTED_EDGE('',*,*,#5125,.F.);
#3421=ORIENTED_EDGE('',*,*,#5127,.F.);
#3422=ORIENTED_EDGE('',*,*,#4789,.F.);
#3423=ORIENTED_EDGE('',*,*,#4839,.F.);
#3424=ORIENTED_EDGE('',*,*,#4979,.T.);
#3425=ORIENTED_EDGE('',*,*,#5044,.F.);
#3426=ORIENTED_EDGE('',*,*,#5047,.F.);
#3427=ORIENTED_EDGE('',*,*,#4978,.T.);
#3428=ORIENTED_EDGE('',*,*,#5129,.F.);
#3429=ORIENTED_EDGE('',*,*,#5128,.F.);
#3430=ORIENTED_EDGE('',*,*,#4981,.T.);
#3431=ORIENTED_EDGE('',*,*,#5046,.F.);
#3432=ORIENTED_EDGE('',*,*,#5050,.F.);
#3433=ORIENTED_EDGE('',*,*,#4980,.T.);
#3434=ORIENTED_EDGE('',*,*,#5132,.F.);
#3435=ORIENTED_EDGE('',*,*,#5130,.F.);
#3436=ORIENTED_EDGE('',*,*,#4840,.T.);
#3437=ORIENTED_EDGE('',*,*,#4794,.T.);
#3438=ORIENTED_EDGE('',*,*,#5053,.F.);
#3439=ORIENTED_EDGE('',*,*,#5049,.F.);
#3440=ORIENTED_EDGE('',*,*,#5133,.F.);
#3441=ORIENTED_EDGE('',*,*,#5135,.F.);
#3442=ORIENTED_EDGE('',*,*,#4796,.F.);
#3443=ORIENTED_EDGE('',*,*,#4841,.F.);
#3444=ORIENTED_EDGE('',*,*,#4842,.T.);
#3445=ORIENTED_EDGE('',*,*,#4797,.T.);
#3446=ORIENTED_EDGE('',*,*,#5056,.F.);
#3447=ORIENTED_EDGE('',*,*,#5052,.F.);
#3448=ORIENTED_EDGE('',*,*,#5136,.F.);
#3449=ORIENTED_EDGE('',*,*,#5138,.F.);
#3450=ORIENTED_EDGE('',*,*,#4799,.F.);
#3451=ORIENTED_EDGE('',*,*,#4843,.F.);
#3452=ORIENTED_EDGE('',*,*,#4983,.T.);
#3453=ORIENTED_EDGE('',*,*,#5055,.F.);
#3454=ORIENTED_EDGE('',*,*,#5058,.F.);
#3455=ORIENTED_EDGE('',*,*,#4982,.T.);
#3456=ORIENTED_EDGE('',*,*,#5140,.F.);
#3457=ORIENTED_EDGE('',*,*,#5139,.F.);
#3458=ORIENTED_EDGE('',*,*,#4985,.T.);
#3459=ORIENTED_EDGE('',*,*,#5057,.F.);
#3460=ORIENTED_EDGE('',*,*,#5060,.F.);
#3461=ORIENTED_EDGE('',*,*,#4984,.T.);
#3462=ORIENTED_EDGE('',*,*,#5142,.F.);
#3463=ORIENTED_EDGE('',*,*,#5141,.F.);
#3464=ORIENTED_EDGE('',*,*,#4987,.T.);
#3465=ORIENTED_EDGE('',*,*,#5059,.F.);
#3466=ORIENTED_EDGE('',*,*,#5062,.F.);
#3467=ORIENTED_EDGE('',*,*,#4986,.T.);
#3468=ORIENTED_EDGE('',*,*,#5144,.F.);
#3469=ORIENTED_EDGE('',*,*,#5143,.F.);
#3470=ORIENTED_EDGE('',*,*,#4989,.T.);
#3471=ORIENTED_EDGE('',*,*,#5061,.F.);
#3472=ORIENTED_EDGE('',*,*,#5065,.F.);
#3473=ORIENTED_EDGE('',*,*,#4988,.T.);
#3474=ORIENTED_EDGE('',*,*,#5147,.F.);
#3475=ORIENTED_EDGE('',*,*,#5145,.F.);
#3476=ORIENTED_EDGE('',*,*,#4844,.T.);
#3477=ORIENTED_EDGE('',*,*,#4810,.T.);
#3478=ORIENTED_EDGE('',*,*,#5068,.F.);
#3479=ORIENTED_EDGE('',*,*,#5064,.F.);
#3480=ORIENTED_EDGE('',*,*,#5148,.F.);
#3481=ORIENTED_EDGE('',*,*,#5150,.F.);
#3482=ORIENTED_EDGE('',*,*,#4812,.F.);
#3483=ORIENTED_EDGE('',*,*,#4845,.F.);
#3484=ORIENTED_EDGE('',*,*,#4846,.T.);
#3485=ORIENTED_EDGE('',*,*,#4813,.T.);
#3486=ORIENTED_EDGE('',*,*,#5071,.F.);
#3487=ORIENTED_EDGE('',*,*,#5067,.F.);
#3488=ORIENTED_EDGE('',*,*,#5151,.F.);
#3489=ORIENTED_EDGE('',*,*,#5153,.F.);
#3490=ORIENTED_EDGE('',*,*,#4815,.F.);
#3491=ORIENTED_EDGE('',*,*,#4847,.F.);
#3492=ORIENTED_EDGE('',*,*,#4991,.T.);
#3493=ORIENTED_EDGE('',*,*,#5070,.F.);
#3494=ORIENTED_EDGE('',*,*,#5074,.F.);
#3495=ORIENTED_EDGE('',*,*,#4990,.T.);
#3496=ORIENTED_EDGE('',*,*,#5156,.F.);
#3497=ORIENTED_EDGE('',*,*,#5154,.F.);
#3498=ORIENTED_EDGE('',*,*,#4848,.T.);
#3499=ORIENTED_EDGE('',*,*,#4817,.T.);
#3500=ORIENTED_EDGE('',*,*,#5076,.F.);
#3501=ORIENTED_EDGE('',*,*,#5073,.F.);
#3502=ORIENTED_EDGE('',*,*,#5157,.F.);
#3503=ORIENTED_EDGE('',*,*,#5159,.F.);
#3504=ORIENTED_EDGE('',*,*,#4819,.F.);
#3505=ORIENTED_EDGE('',*,*,#4849,.F.);
#3506=ORIENTED_EDGE('',*,*,#5162,.T.);
#3507=ORIENTED_EDGE('',*,*,#5163,.T.);
#3508=ORIENTED_EDGE('',*,*,#5164,.T.);
#3509=ORIENTED_EDGE('',*,*,#5165,.T.);
#3510=ORIENTED_EDGE('',*,*,#5166,.T.);
#3511=ORIENTED_EDGE('',*,*,#5165,.F.);
#3512=ORIENTED_EDGE('',*,*,#5167,.T.);
#3513=ORIENTED_EDGE('',*,*,#5168,.T.);
#3514=ORIENTED_EDGE('',*,*,#5168,.F.);
#3515=ORIENTED_EDGE('',*,*,#5170,.F.);
#3516=ORIENTED_EDGE('',*,*,#5171,.F.);
#3517=ORIENTED_EDGE('',*,*,#5169,.F.);
#3518=ORIENTED_EDGE('',*,*,#5172,.T.);
#3519=ORIENTED_EDGE('',*,*,#5171,.T.);
#3520=ORIENTED_EDGE('',*,*,#5173,.T.);
#3521=ORIENTED_EDGE('',*,*,#5163,.F.);
#3522=ORIENTED_EDGE('',*,*,#5172,.F.);
#3523=ORIENTED_EDGE('',*,*,#5162,.F.);
#3524=ORIENTED_EDGE('',*,*,#5166,.F.);
#3525=ORIENTED_EDGE('',*,*,#5169,.T.);
#3526=ORIENTED_EDGE('',*,*,#5170,.T.);
#3527=ORIENTED_EDGE('',*,*,#5167,.F.);
#3528=ORIENTED_EDGE('',*,*,#5164,.F.);
#3529=ORIENTED_EDGE('',*,*,#5173,.F.);
#3530=ORIENTED_EDGE('',*,*,#5174,.T.);
#3531=ORIENTED_EDGE('',*,*,#5175,.T.);
#3532=ORIENTED_EDGE('',*,*,#5176,.T.);
#3533=ORIENTED_EDGE('',*,*,#5177,.T.);
#3534=ORIENTED_EDGE('',*,*,#5178,.T.);
#3535=ORIENTED_EDGE('',*,*,#5177,.F.);
#3536=ORIENTED_EDGE('',*,*,#5179,.T.);
#3537=ORIENTED_EDGE('',*,*,#5180,.T.);
#3538=ORIENTED_EDGE('',*,*,#5180,.F.);
#3539=ORIENTED_EDGE('',*,*,#5182,.F.);
#3540=ORIENTED_EDGE('',*,*,#5183,.F.);
#3541=ORIENTED_EDGE('',*,*,#5181,.F.);
#3542=ORIENTED_EDGE('',*,*,#5184,.T.);
#3543=ORIENTED_EDGE('',*,*,#5183,.T.);
#3544=ORIENTED_EDGE('',*,*,#5185,.T.);
#3545=ORIENTED_EDGE('',*,*,#5175,.F.);
#3546=ORIENTED_EDGE('',*,*,#5184,.F.);
#3547=ORIENTED_EDGE('',*,*,#5174,.F.);
#3548=ORIENTED_EDGE('',*,*,#5178,.F.);
#3549=ORIENTED_EDGE('',*,*,#5181,.T.);
#3550=ORIENTED_EDGE('',*,*,#5182,.T.);
#3551=ORIENTED_EDGE('',*,*,#5179,.F.);
#3552=ORIENTED_EDGE('',*,*,#5176,.F.);
#3553=ORIENTED_EDGE('',*,*,#5185,.F.);
#3554=ORIENTED_EDGE('',*,*,#5186,.T.);
#3555=ORIENTED_EDGE('',*,*,#5187,.T.);
#3556=ORIENTED_EDGE('',*,*,#5188,.T.);
#3557=ORIENTED_EDGE('',*,*,#5189,.T.);
#3558=ORIENTED_EDGE('',*,*,#5190,.T.);
#3559=ORIENTED_EDGE('',*,*,#5189,.F.);
#3560=ORIENTED_EDGE('',*,*,#5191,.T.);
#3561=ORIENTED_EDGE('',*,*,#5192,.T.);
#3562=ORIENTED_EDGE('',*,*,#5192,.F.);
#3563=ORIENTED_EDGE('',*,*,#5194,.F.);
#3564=ORIENTED_EDGE('',*,*,#5195,.F.);
#3565=ORIENTED_EDGE('',*,*,#5193,.F.);
#3566=ORIENTED_EDGE('',*,*,#5196,.F.);
#3567=ORIENTED_EDGE('',*,*,#5195,.T.);
#3568=ORIENTED_EDGE('',*,*,#5197,.T.);
#3569=ORIENTED_EDGE('',*,*,#5187,.F.);
#3570=ORIENTED_EDGE('',*,*,#5196,.T.);
#3571=ORIENTED_EDGE('',*,*,#5186,.F.);
#3572=ORIENTED_EDGE('',*,*,#5190,.F.);
#3573=ORIENTED_EDGE('',*,*,#5193,.T.);
#3574=ORIENTED_EDGE('',*,*,#5194,.T.);
#3575=ORIENTED_EDGE('',*,*,#5191,.F.);
#3576=ORIENTED_EDGE('',*,*,#5188,.F.);
#3577=ORIENTED_EDGE('',*,*,#5197,.F.);
#3578=ORIENTED_EDGE('',*,*,#5198,.T.);
#3579=ORIENTED_EDGE('',*,*,#5199,.T.);
#3580=ORIENTED_EDGE('',*,*,#5200,.T.);
#3581=ORIENTED_EDGE('',*,*,#5201,.T.);
#3582=ORIENTED_EDGE('',*,*,#5202,.T.);
#3583=ORIENTED_EDGE('',*,*,#5201,.F.);
#3584=ORIENTED_EDGE('',*,*,#5203,.T.);
#3585=ORIENTED_EDGE('',*,*,#5204,.T.);
#3586=ORIENTED_EDGE('',*,*,#5204,.F.);
#3587=ORIENTED_EDGE('',*,*,#5206,.F.);
#3588=ORIENTED_EDGE('',*,*,#5207,.F.);
#3589=ORIENTED_EDGE('',*,*,#5205,.F.);
#3590=ORIENTED_EDGE('',*,*,#5208,.F.);
#3591=ORIENTED_EDGE('',*,*,#5207,.T.);
#3592=ORIENTED_EDGE('',*,*,#5209,.T.);
#3593=ORIENTED_EDGE('',*,*,#5199,.F.);
#3594=ORIENTED_EDGE('',*,*,#5208,.T.);
#3595=ORIENTED_EDGE('',*,*,#5198,.F.);
#3596=ORIENTED_EDGE('',*,*,#5202,.F.);
#3597=ORIENTED_EDGE('',*,*,#5205,.T.);
#3598=ORIENTED_EDGE('',*,*,#5206,.T.);
#3599=ORIENTED_EDGE('',*,*,#5203,.F.);
#3600=ORIENTED_EDGE('',*,*,#5200,.F.);
#3601=ORIENTED_EDGE('',*,*,#5209,.F.);
#3602=ORIENTED_EDGE('',*,*,#5210,.T.);
#3603=ORIENTED_EDGE('',*,*,#5211,.T.);
#3604=ORIENTED_EDGE('',*,*,#5212,.T.);
#3605=ORIENTED_EDGE('',*,*,#5213,.T.);
#3606=ORIENTED_EDGE('',*,*,#5213,.F.);
#3607=ORIENTED_EDGE('',*,*,#5215,.F.);
#3608=ORIENTED_EDGE('',*,*,#5216,.F.);
#3609=ORIENTED_EDGE('',*,*,#5214,.F.);
#3610=ORIENTED_EDGE('',*,*,#5217,.T.);
#3611=ORIENTED_EDGE('',*,*,#5216,.T.);
#3612=ORIENTED_EDGE('',*,*,#5218,.T.);
#3613=ORIENTED_EDGE('',*,*,#5219,.T.);
#3614=ORIENTED_EDGE('',*,*,#5220,.T.);
#3615=ORIENTED_EDGE('',*,*,#5219,.F.);
#3616=ORIENTED_EDGE('',*,*,#5221,.T.);
#3617=ORIENTED_EDGE('',*,*,#5211,.F.);
#3618=ORIENTED_EDGE('',*,*,#5220,.F.);
#3619=ORIENTED_EDGE('',*,*,#5210,.F.);
#3620=ORIENTED_EDGE('',*,*,#5214,.T.);
#3621=ORIENTED_EDGE('',*,*,#5217,.F.);
#3622=ORIENTED_EDGE('',*,*,#5218,.F.);
#3623=ORIENTED_EDGE('',*,*,#5215,.T.);
#3624=ORIENTED_EDGE('',*,*,#5212,.F.);
#3625=ORIENTED_EDGE('',*,*,#5221,.F.);
#3626=ORIENTED_EDGE('',*,*,#5222,.T.);
#3627=ORIENTED_EDGE('',*,*,#5223,.T.);
#3628=ORIENTED_EDGE('',*,*,#5224,.T.);
#3629=ORIENTED_EDGE('',*,*,#5225,.T.);
#3630=ORIENTED_EDGE('',*,*,#5226,.T.);
#3631=ORIENTED_EDGE('',*,*,#5225,.F.);
#3632=ORIENTED_EDGE('',*,*,#5227,.T.);
#3633=ORIENTED_EDGE('',*,*,#5228,.T.);
#3634=ORIENTED_EDGE('',*,*,#5228,.F.);
#3635=ORIENTED_EDGE('',*,*,#5230,.F.);
#3636=ORIENTED_EDGE('',*,*,#5231,.F.);
#3637=ORIENTED_EDGE('',*,*,#5229,.F.);
#3638=ORIENTED_EDGE('',*,*,#5232,.T.);
#3639=ORIENTED_EDGE('',*,*,#5231,.T.);
#3640=ORIENTED_EDGE('',*,*,#5233,.T.);
#3641=ORIENTED_EDGE('',*,*,#5223,.F.);
#3642=ORIENTED_EDGE('',*,*,#5232,.F.);
#3643=ORIENTED_EDGE('',*,*,#5222,.F.);
#3644=ORIENTED_EDGE('',*,*,#5226,.F.);
#3645=ORIENTED_EDGE('',*,*,#5229,.T.);
#3646=ORIENTED_EDGE('',*,*,#5230,.T.);
#3647=ORIENTED_EDGE('',*,*,#5227,.F.);
#3648=ORIENTED_EDGE('',*,*,#5224,.F.);
#3649=ORIENTED_EDGE('',*,*,#5233,.F.);
#3650=ORIENTED_EDGE('',*,*,#5234,.T.);
#3651=ORIENTED_EDGE('',*,*,#5235,.T.);
#3652=ORIENTED_EDGE('',*,*,#5236,.T.);
#3653=ORIENTED_EDGE('',*,*,#5237,.T.);
#3654=ORIENTED_EDGE('',*,*,#5238,.T.);
#3655=ORIENTED_EDGE('',*,*,#5237,.F.);
#3656=ORIENTED_EDGE('',*,*,#5239,.T.);
#3657=ORIENTED_EDGE('',*,*,#5235,.F.);
#3658=ORIENTED_EDGE('',*,*,#5239,.F.);
#3659=ORIENTED_EDGE('',*,*,#5236,.F.);
#3660=ORIENTED_EDGE('',*,*,#5234,.F.);
#3661=ORIENTED_EDGE('',*,*,#5238,.F.);
#3662=ORIENTED_EDGE('',*,*,#5240,.T.);
#3663=ORIENTED_EDGE('',*,*,#5241,.T.);
#3664=ORIENTED_EDGE('',*,*,#5242,.T.);
#3665=ORIENTED_EDGE('',*,*,#5243,.T.);
#3666=ORIENTED_EDGE('',*,*,#5244,.T.);
#3667=ORIENTED_EDGE('',*,*,#5243,.F.);
#3668=ORIENTED_EDGE('',*,*,#5245,.T.);
#3669=ORIENTED_EDGE('',*,*,#5246,.T.);
#3670=ORIENTED_EDGE('',*,*,#5247,.T.);
#3671=ORIENTED_EDGE('',*,*,#5246,.F.);
#3672=ORIENTED_EDGE('',*,*,#5248,.T.);
#3673=ORIENTED_EDGE('',*,*,#5249,.T.);
#3674=ORIENTED_EDGE('',*,*,#5250,.T.);
#3675=ORIENTED_EDGE('',*,*,#5249,.F.);
#3676=ORIENTED_EDGE('',*,*,#5251,.T.);
#3677=ORIENTED_EDGE('',*,*,#5241,.F.);
#3678=ORIENTED_EDGE('',*,*,#5251,.F.);
#3679=ORIENTED_EDGE('',*,*,#5248,.F.);
#3680=ORIENTED_EDGE('',*,*,#5245,.F.);
#3681=ORIENTED_EDGE('',*,*,#5242,.F.);
#3682=ORIENTED_EDGE('',*,*,#5240,.F.);
#3683=ORIENTED_EDGE('',*,*,#5244,.F.);
#3684=ORIENTED_EDGE('',*,*,#5247,.F.);
#3685=ORIENTED_EDGE('',*,*,#5250,.F.);
#3686=ORIENTED_EDGE('',*,*,#5252,.T.);
#3687=ORIENTED_EDGE('',*,*,#5253,.T.);
#3688=ORIENTED_EDGE('',*,*,#5254,.T.);
#3689=ORIENTED_EDGE('',*,*,#5255,.T.);
#3690=ORIENTED_EDGE('',*,*,#5256,.T.);
#3691=ORIENTED_EDGE('',*,*,#5255,.F.);
#3692=ORIENTED_EDGE('',*,*,#5257,.T.);
#3693=ORIENTED_EDGE('',*,*,#5253,.F.);
#3694=ORIENTED_EDGE('',*,*,#5257,.F.);
#3695=ORIENTED_EDGE('',*,*,#5254,.F.);
#3696=ORIENTED_EDGE('',*,*,#5252,.F.);
#3697=ORIENTED_EDGE('',*,*,#5256,.F.);
#3698=ORIENTED_EDGE('',*,*,#5258,.F.);
#3699=ORIENTED_EDGE('',*,*,#5260,.T.);
#3700=ORIENTED_EDGE('',*,*,#5266,.F.);
#3701=ORIENTED_EDGE('',*,*,#5264,.F.);
#3702=ORIENTED_EDGE('',*,*,#5267,.T.);
#3703=ORIENTED_EDGE('',*,*,#5269,.T.);
#3704=ORIENTED_EDGE('',*,*,#5263,.F.);
#3705=ORIENTED_EDGE('',*,*,#5261,.T.);
#3706=ORIENTED_EDGE('',*,*,#5269,.F.);
#3707=ORIENTED_EDGE('',*,*,#5262,.F.);
#3708=ORIENTED_EDGE('',*,*,#5259,.T.);
#3709=ORIENTED_EDGE('',*,*,#5266,.T.);
#3710=ORIENTED_EDGE('',*,*,#5268,.F.);
#3711=ORIENTED_EDGE('',*,*,#5261,.F.);
#3712=ORIENTED_EDGE('',*,*,#5258,.T.);
#3713=ORIENTED_EDGE('',*,*,#5265,.T.);
#3714=ORIENTED_EDGE('',*,*,#5264,.T.);
#3715=ORIENTED_EDGE('',*,*,#5259,.F.);
#3716=ORIENTED_EDGE('',*,*,#5260,.F.);
#3717=ORIENTED_EDGE('',*,*,#5265,.F.);
#3718=ORIENTED_EDGE('',*,*,#5268,.T.);
#3719=ORIENTED_EDGE('',*,*,#5263,.T.);
#3720=ORIENTED_EDGE('',*,*,#5262,.T.);
#3721=ORIENTED_EDGE('',*,*,#5267,.F.);
#3722=ORIENTED_EDGE('',*,*,#5273,.T.);
#3723=ORIENTED_EDGE('',*,*,#5275,.T.);
#3724=ORIENTED_EDGE('',*,*,#5272,.F.);
#3725=ORIENTED_EDGE('',*,*,#5270,.T.);
#3726=ORIENTED_EDGE('',*,*,#5275,.F.);
#3727=ORIENTED_EDGE('',*,*,#5271,.F.);
#3728=ORIENTED_EDGE('',*,*,#5274,.F.);
#3729=ORIENTED_EDGE('',*,*,#5270,.F.);
#3730=ORIENTED_EDGE('',*,*,#5274,.T.);
#3731=ORIENTED_EDGE('',*,*,#5272,.T.);
#3732=ORIENTED_EDGE('',*,*,#5271,.T.);
#3733=ORIENTED_EDGE('',*,*,#5273,.F.);
#3734=ORIENTED_EDGE('',*,*,#5276,.T.);
#3735=ORIENTED_EDGE('',*,*,#5277,.T.);
#3736=ORIENTED_EDGE('',*,*,#5278,.T.);
#3737=ORIENTED_EDGE('',*,*,#5279,.T.);
#3738=ORIENTED_EDGE('',*,*,#5280,.T.);
#3739=ORIENTED_EDGE('',*,*,#5279,.F.);
#3740=ORIENTED_EDGE('',*,*,#5281,.F.);
#3741=ORIENTED_EDGE('',*,*,#5277,.F.);
#3742=ORIENTED_EDGE('',*,*,#5281,.T.);
#3743=ORIENTED_EDGE('',*,*,#5278,.F.);
#3744=ORIENTED_EDGE('',*,*,#5276,.F.);
#3745=ORIENTED_EDGE('',*,*,#5280,.F.);
#3746=ORIENTED_EDGE('',*,*,#5285,.T.);
#3747=ORIENTED_EDGE('',*,*,#5287,.T.);
#3748=ORIENTED_EDGE('',*,*,#5284,.F.);
#3749=ORIENTED_EDGE('',*,*,#5282,.T.);
#3750=ORIENTED_EDGE('',*,*,#5287,.F.);
#3751=ORIENTED_EDGE('',*,*,#5283,.F.);
#3752=ORIENTED_EDGE('',*,*,#5286,.F.);
#3753=ORIENTED_EDGE('',*,*,#5282,.F.);
#3754=ORIENTED_EDGE('',*,*,#5286,.T.);
#3755=ORIENTED_EDGE('',*,*,#5284,.T.);
#3756=ORIENTED_EDGE('',*,*,#5283,.T.);
#3757=ORIENTED_EDGE('',*,*,#5285,.F.);
#3758=ORIENTED_EDGE('',*,*,#5288,.T.);
#3759=ORIENTED_EDGE('',*,*,#5289,.T.);
#3760=ORIENTED_EDGE('',*,*,#5290,.T.);
#3761=ORIENTED_EDGE('',*,*,#5291,.T.);
#3762=ORIENTED_EDGE('',*,*,#5292,.T.);
#3763=ORIENTED_EDGE('',*,*,#5291,.F.);
#3764=ORIENTED_EDGE('',*,*,#5293,.T.);
#3765=ORIENTED_EDGE('',*,*,#5294,.T.);
#3766=ORIENTED_EDGE('',*,*,#5295,.T.);
#3767=ORIENTED_EDGE('',*,*,#5294,.F.);
#3768=ORIENTED_EDGE('',*,*,#5296,.T.);
#3769=ORIENTED_EDGE('',*,*,#5297,.T.);
#3770=ORIENTED_EDGE('',*,*,#5298,.T.);
#3771=ORIENTED_EDGE('',*,*,#5297,.F.);
#3772=ORIENTED_EDGE('',*,*,#5299,.T.);
#3773=ORIENTED_EDGE('',*,*,#5300,.T.);
#3774=ORIENTED_EDGE('',*,*,#5311,.T.);
#3775=ORIENTED_EDGE('',*,*,#5300,.F.);
#3776=ORIENTED_EDGE('',*,*,#5309,.T.);
#3777=ORIENTED_EDGE('',*,*,#5301,.T.);
#3778=ORIENTED_EDGE('',*,*,#5302,.T.);
#3779=ORIENTED_EDGE('',*,*,#5301,.F.);
#3780=ORIENTED_EDGE('',*,*,#5303,.T.);
#3781=ORIENTED_EDGE('',*,*,#5304,.T.);
#3782=ORIENTED_EDGE('',*,*,#5305,.T.);
#3783=ORIENTED_EDGE('',*,*,#5304,.F.);
#3784=ORIENTED_EDGE('',*,*,#5306,.T.);
#3785=ORIENTED_EDGE('',*,*,#5307,.T.);
#3786=ORIENTED_EDGE('',*,*,#5310,.T.);
#3787=ORIENTED_EDGE('',*,*,#5307,.F.);
#3788=ORIENTED_EDGE('',*,*,#5308,.F.);
#3789=ORIENTED_EDGE('',*,*,#5289,.F.);
#3790=ORIENTED_EDGE('',*,*,#5308,.T.);
#3791=ORIENTED_EDGE('',*,*,#5306,.F.);
#3792=ORIENTED_EDGE('',*,*,#5303,.F.);
#3793=ORIENTED_EDGE('',*,*,#5309,.F.);
#3794=ORIENTED_EDGE('',*,*,#5299,.F.);
#3795=ORIENTED_EDGE('',*,*,#5296,.F.);
#3796=ORIENTED_EDGE('',*,*,#5293,.F.);
#3797=ORIENTED_EDGE('',*,*,#5290,.F.);
#3798=ORIENTED_EDGE('',*,*,#5288,.F.);
#3799=ORIENTED_EDGE('',*,*,#5292,.F.);
#3800=ORIENTED_EDGE('',*,*,#5295,.F.);
#3801=ORIENTED_EDGE('',*,*,#5298,.F.);
#3802=ORIENTED_EDGE('',*,*,#5311,.F.);
#3803=ORIENTED_EDGE('',*,*,#5302,.F.);
#3804=ORIENTED_EDGE('',*,*,#5305,.F.);
#3805=ORIENTED_EDGE('',*,*,#5310,.F.);
#3806=ORIENTED_EDGE('',*,*,#5312,.T.);
#3807=ORIENTED_EDGE('',*,*,#5313,.T.);
#3808=ORIENTED_EDGE('',*,*,#5314,.T.);
#3809=ORIENTED_EDGE('',*,*,#5315,.T.);
#3810=ORIENTED_EDGE('',*,*,#5316,.T.);
#3811=ORIENTED_EDGE('',*,*,#5315,.F.);
#3812=ORIENTED_EDGE('',*,*,#5317,.F.);
#3813=ORIENTED_EDGE('',*,*,#5313,.F.);
#3814=ORIENTED_EDGE('',*,*,#5317,.T.);
#3815=ORIENTED_EDGE('',*,*,#5314,.F.);
#3816=ORIENTED_EDGE('',*,*,#5312,.F.);
#3817=ORIENTED_EDGE('',*,*,#5316,.F.);
#3818=ORIENTED_EDGE('',*,*,#5321,.T.);
#3819=ORIENTED_EDGE('',*,*,#5323,.T.);
#3820=ORIENTED_EDGE('',*,*,#5320,.F.);
#3821=ORIENTED_EDGE('',*,*,#5318,.T.);
#3822=ORIENTED_EDGE('',*,*,#5323,.F.);
#3823=ORIENTED_EDGE('',*,*,#5319,.F.);
#3824=ORIENTED_EDGE('',*,*,#5322,.F.);
#3825=ORIENTED_EDGE('',*,*,#5318,.F.);
#3826=ORIENTED_EDGE('',*,*,#5322,.T.);
#3827=ORIENTED_EDGE('',*,*,#5320,.T.);
#3828=ORIENTED_EDGE('',*,*,#5319,.T.);
#3829=ORIENTED_EDGE('',*,*,#5321,.F.);
#3830=ORIENTED_EDGE('',*,*,#5324,.T.);
#3831=ORIENTED_EDGE('',*,*,#5325,.T.);
#3832=ORIENTED_EDGE('',*,*,#5326,.T.);
#3833=ORIENTED_EDGE('',*,*,#5327,.T.);
#3834=ORIENTED_EDGE('',*,*,#5328,.T.);
#3835=ORIENTED_EDGE('',*,*,#5327,.F.);
#3836=ORIENTED_EDGE('',*,*,#5329,.F.);
#3837=ORIENTED_EDGE('',*,*,#5325,.F.);
#3838=ORIENTED_EDGE('',*,*,#5329,.T.);
#3839=ORIENTED_EDGE('',*,*,#5326,.F.);
#3840=ORIENTED_EDGE('',*,*,#5324,.F.);
#3841=ORIENTED_EDGE('',*,*,#5328,.F.);
#3842=ORIENTED_EDGE('',*,*,#5330,.F.);
#3843=ORIENTED_EDGE('',*,*,#5332,.T.);
#3844=ORIENTED_EDGE('',*,*,#5338,.F.);
#3845=ORIENTED_EDGE('',*,*,#5336,.F.);
#3846=ORIENTED_EDGE('',*,*,#5339,.T.);
#3847=ORIENTED_EDGE('',*,*,#5341,.T.);
#3848=ORIENTED_EDGE('',*,*,#5335,.F.);
#3849=ORIENTED_EDGE('',*,*,#5333,.T.);
#3850=ORIENTED_EDGE('',*,*,#5341,.F.);
#3851=ORIENTED_EDGE('',*,*,#5334,.F.);
#3852=ORIENTED_EDGE('',*,*,#5331,.T.);
#3853=ORIENTED_EDGE('',*,*,#5338,.T.);
#3854=ORIENTED_EDGE('',*,*,#5340,.F.);
#3855=ORIENTED_EDGE('',*,*,#5333,.F.);
#3856=ORIENTED_EDGE('',*,*,#5330,.T.);
#3857=ORIENTED_EDGE('',*,*,#5337,.T.);
#3858=ORIENTED_EDGE('',*,*,#5336,.T.);
#3859=ORIENTED_EDGE('',*,*,#5331,.F.);
#3860=ORIENTED_EDGE('',*,*,#5332,.F.);
#3861=ORIENTED_EDGE('',*,*,#5337,.F.);
#3862=ORIENTED_EDGE('',*,*,#5340,.T.);
#3863=ORIENTED_EDGE('',*,*,#5335,.T.);
#3864=ORIENTED_EDGE('',*,*,#5334,.T.);
#3865=ORIENTED_EDGE('',*,*,#5339,.F.);
#3866=ORIENTED_EDGE('',*,*,#5345,.T.);
#3867=ORIENTED_EDGE('',*,*,#5347,.T.);
#3868=ORIENTED_EDGE('',*,*,#5344,.F.);
#3869=ORIENTED_EDGE('',*,*,#5342,.T.);
#3870=ORIENTED_EDGE('',*,*,#5347,.F.);
#3871=ORIENTED_EDGE('',*,*,#5343,.F.);
#3872=ORIENTED_EDGE('',*,*,#5346,.F.);
#3873=ORIENTED_EDGE('',*,*,#5342,.F.);
#3874=ORIENTED_EDGE('',*,*,#5346,.T.);
#3875=ORIENTED_EDGE('',*,*,#5344,.T.);
#3876=ORIENTED_EDGE('',*,*,#5343,.T.);
#3877=ORIENTED_EDGE('',*,*,#5345,.F.);
#3878=ORIENTED_EDGE('',*,*,#5351,.T.);
#3879=ORIENTED_EDGE('',*,*,#5353,.T.);
#3880=ORIENTED_EDGE('',*,*,#5350,.F.);
#3881=ORIENTED_EDGE('',*,*,#5348,.T.);
#3882=ORIENTED_EDGE('',*,*,#5353,.F.);
#3883=ORIENTED_EDGE('',*,*,#5349,.F.);
#3884=ORIENTED_EDGE('',*,*,#5352,.F.);
#3885=ORIENTED_EDGE('',*,*,#5348,.F.);
#3886=ORIENTED_EDGE('',*,*,#5352,.T.);
#3887=ORIENTED_EDGE('',*,*,#5350,.T.);
#3888=ORIENTED_EDGE('',*,*,#5349,.T.);
#3889=ORIENTED_EDGE('',*,*,#5351,.F.);
#3890=ORIENTED_EDGE('',*,*,#5357,.T.);
#3891=ORIENTED_EDGE('',*,*,#5359,.T.);
#3892=ORIENTED_EDGE('',*,*,#5356,.F.);
#3893=ORIENTED_EDGE('',*,*,#5354,.T.);
#3894=ORIENTED_EDGE('',*,*,#5359,.F.);
#3895=ORIENTED_EDGE('',*,*,#5355,.F.);
#3896=ORIENTED_EDGE('',*,*,#5358,.F.);
#3897=ORIENTED_EDGE('',*,*,#5354,.F.);
#3898=ORIENTED_EDGE('',*,*,#5358,.T.);
#3899=ORIENTED_EDGE('',*,*,#5356,.T.);
#3900=ORIENTED_EDGE('',*,*,#5355,.T.);
#3901=ORIENTED_EDGE('',*,*,#5357,.F.);
#3902=ORIENTED_EDGE('',*,*,#5360,.T.);
#3903=ORIENTED_EDGE('',*,*,#5361,.T.);
#3904=ORIENTED_EDGE('',*,*,#5362,.T.);
#3905=ORIENTED_EDGE('',*,*,#5363,.T.);
#3906=ORIENTED_EDGE('',*,*,#5364,.T.);
#3907=ORIENTED_EDGE('',*,*,#5363,.F.);
#3908=ORIENTED_EDGE('',*,*,#5365,.T.);
#3909=ORIENTED_EDGE('',*,*,#5366,.T.);
#3910=ORIENTED_EDGE('',*,*,#5367,.T.);
#3911=ORIENTED_EDGE('',*,*,#5366,.F.);
#3912=ORIENTED_EDGE('',*,*,#5368,.T.);
#3913=ORIENTED_EDGE('',*,*,#5369,.T.);
#3914=ORIENTED_EDGE('',*,*,#5370,.T.);
#3915=ORIENTED_EDGE('',*,*,#5369,.F.);
#3916=ORIENTED_EDGE('',*,*,#5371,.T.);
#3917=ORIENTED_EDGE('',*,*,#5372,.T.);
#3918=ORIENTED_EDGE('',*,*,#5373,.T.);
#3919=ORIENTED_EDGE('',*,*,#5372,.F.);
#3920=ORIENTED_EDGE('',*,*,#5374,.T.);
#3921=ORIENTED_EDGE('',*,*,#5375,.T.);
#3922=ORIENTED_EDGE('',*,*,#5376,.T.);
#3923=ORIENTED_EDGE('',*,*,#5375,.F.);
#3924=ORIENTED_EDGE('',*,*,#5377,.F.);
#3925=ORIENTED_EDGE('',*,*,#5361,.F.);
#3926=ORIENTED_EDGE('',*,*,#5377,.T.);
#3927=ORIENTED_EDGE('',*,*,#5374,.F.);
#3928=ORIENTED_EDGE('',*,*,#5371,.F.);
#3929=ORIENTED_EDGE('',*,*,#5368,.F.);
#3930=ORIENTED_EDGE('',*,*,#5365,.F.);
#3931=ORIENTED_EDGE('',*,*,#5362,.F.);
#3932=ORIENTED_EDGE('',*,*,#5360,.F.);
#3933=ORIENTED_EDGE('',*,*,#5364,.F.);
#3934=ORIENTED_EDGE('',*,*,#5367,.F.);
#3935=ORIENTED_EDGE('',*,*,#5370,.F.);
#3936=ORIENTED_EDGE('',*,*,#5373,.F.);
#3937=ORIENTED_EDGE('',*,*,#5376,.F.);
#3938=ORIENTED_EDGE('',*,*,#5381,.T.);
#3939=ORIENTED_EDGE('',*,*,#5383,.T.);
#3940=ORIENTED_EDGE('',*,*,#5380,.F.);
#3941=ORIENTED_EDGE('',*,*,#5378,.T.);
#3942=ORIENTED_EDGE('',*,*,#5383,.F.);
#3943=ORIENTED_EDGE('',*,*,#5379,.F.);
#3944=ORIENTED_EDGE('',*,*,#5382,.F.);
#3945=ORIENTED_EDGE('',*,*,#5378,.F.);
#3946=ORIENTED_EDGE('',*,*,#5382,.T.);
#3947=ORIENTED_EDGE('',*,*,#5380,.T.);
#3948=ORIENTED_EDGE('',*,*,#5379,.T.);
#3949=ORIENTED_EDGE('',*,*,#5381,.F.);
#3950=ORIENTED_EDGE('',*,*,#5384,.T.);
#3951=ORIENTED_EDGE('',*,*,#5385,.T.);
#3952=ORIENTED_EDGE('',*,*,#5386,.T.);
#3953=ORIENTED_EDGE('',*,*,#5387,.T.);
#3954=ORIENTED_EDGE('',*,*,#5388,.T.);
#3955=ORIENTED_EDGE('',*,*,#5387,.F.);
#3956=ORIENTED_EDGE('',*,*,#5389,.T.);
#3957=ORIENTED_EDGE('',*,*,#5385,.F.);
#3958=ORIENTED_EDGE('',*,*,#5389,.F.);
#3959=ORIENTED_EDGE('',*,*,#5386,.F.);
#3960=ORIENTED_EDGE('',*,*,#5384,.F.);
#3961=ORIENTED_EDGE('',*,*,#5388,.F.);
#3962=ORIENTED_EDGE('',*,*,#5390,.T.);
#3963=ORIENTED_EDGE('',*,*,#5391,.T.);
#3964=ORIENTED_EDGE('',*,*,#5392,.T.);
#3965=ORIENTED_EDGE('',*,*,#5393,.T.);
#3966=ORIENTED_EDGE('',*,*,#5394,.T.);
#3967=ORIENTED_EDGE('',*,*,#5393,.F.);
#3968=ORIENTED_EDGE('',*,*,#5395,.F.);
#3969=ORIENTED_EDGE('',*,*,#5391,.F.);
#3970=ORIENTED_EDGE('',*,*,#5395,.T.);
#3971=ORIENTED_EDGE('',*,*,#5392,.F.);
#3972=ORIENTED_EDGE('',*,*,#5390,.F.);
#3973=ORIENTED_EDGE('',*,*,#5394,.F.);
#3974=ORIENTED_EDGE('',*,*,#5399,.T.);
#3975=ORIENTED_EDGE('',*,*,#5401,.T.);
#3976=ORIENTED_EDGE('',*,*,#5398,.F.);
#3977=ORIENTED_EDGE('',*,*,#5396,.T.);
#3978=ORIENTED_EDGE('',*,*,#5401,.F.);
#3979=ORIENTED_EDGE('',*,*,#5397,.F.);
#3980=ORIENTED_EDGE('',*,*,#5400,.F.);
#3981=ORIENTED_EDGE('',*,*,#5396,.F.);
#3982=ORIENTED_EDGE('',*,*,#5400,.T.);
#3983=ORIENTED_EDGE('',*,*,#5398,.T.);
#3984=ORIENTED_EDGE('',*,*,#5397,.T.);
#3985=ORIENTED_EDGE('',*,*,#5399,.F.);
#3986=ORIENTED_EDGE('',*,*,#5405,.T.);
#3987=ORIENTED_EDGE('',*,*,#5407,.T.);
#3988=ORIENTED_EDGE('',*,*,#5404,.F.);
#3989=ORIENTED_EDGE('',*,*,#5402,.T.);
#3990=ORIENTED_EDGE('',*,*,#5407,.F.);
#3991=ORIENTED_EDGE('',*,*,#5403,.F.);
#3992=ORIENTED_EDGE('',*,*,#5406,.F.);
#3993=ORIENTED_EDGE('',*,*,#5402,.F.);
#3994=ORIENTED_EDGE('',*,*,#5406,.T.);
#3995=ORIENTED_EDGE('',*,*,#5404,.T.);
#3996=ORIENTED_EDGE('',*,*,#5403,.T.);
#3997=ORIENTED_EDGE('',*,*,#5405,.F.);
#3998=ORIENTED_EDGE('',*,*,#5408,.T.);
#3999=ORIENTED_EDGE('',*,*,#5409,.T.);
#4000=ORIENTED_EDGE('',*,*,#5410,.T.);
#4001=ORIENTED_EDGE('',*,*,#5411,.T.);
#4002=ORIENTED_EDGE('',*,*,#5412,.T.);
#4003=ORIENTED_EDGE('',*,*,#5411,.F.);
#4004=ORIENTED_EDGE('',*,*,#5413,.T.);
#4005=ORIENTED_EDGE('',*,*,#5414,.T.);
#4006=ORIENTED_EDGE('',*,*,#5415,.T.);
#4007=ORIENTED_EDGE('',*,*,#5414,.F.);
#4008=ORIENTED_EDGE('',*,*,#5416,.T.);
#4009=ORIENTED_EDGE('',*,*,#5409,.F.);
#4010=ORIENTED_EDGE('',*,*,#5416,.F.);
#4011=ORIENTED_EDGE('',*,*,#5413,.F.);
#4012=ORIENTED_EDGE('',*,*,#5410,.F.);
#4013=ORIENTED_EDGE('',*,*,#5408,.F.);
#4014=ORIENTED_EDGE('',*,*,#5412,.F.);
#4015=ORIENTED_EDGE('',*,*,#5415,.F.);
#4016=ORIENTED_EDGE('',*,*,#5420,.T.);
#4017=ORIENTED_EDGE('',*,*,#5422,.T.);
#4018=ORIENTED_EDGE('',*,*,#5419,.F.);
#4019=ORIENTED_EDGE('',*,*,#5417,.T.);
#4020=ORIENTED_EDGE('',*,*,#5422,.F.);
#4021=ORIENTED_EDGE('',*,*,#5418,.F.);
#4022=ORIENTED_EDGE('',*,*,#5421,.F.);
#4023=ORIENTED_EDGE('',*,*,#5417,.F.);
#4024=ORIENTED_EDGE('',*,*,#5421,.T.);
#4025=ORIENTED_EDGE('',*,*,#5419,.T.);
#4026=ORIENTED_EDGE('',*,*,#5418,.T.);
#4027=ORIENTED_EDGE('',*,*,#5420,.F.);
#4028=ORIENTED_EDGE('',*,*,#5423,.T.);
#4029=ORIENTED_EDGE('',*,*,#5424,.T.);
#4030=ORIENTED_EDGE('',*,*,#5425,.T.);
#4031=ORIENTED_EDGE('',*,*,#5426,.T.);
#4032=ORIENTED_EDGE('',*,*,#5427,.T.);
#4033=ORIENTED_EDGE('',*,*,#5426,.F.);
#4034=ORIENTED_EDGE('',*,*,#5428,.F.);
#4035=ORIENTED_EDGE('',*,*,#5424,.F.);
#4036=ORIENTED_EDGE('',*,*,#5428,.T.);
#4037=ORIENTED_EDGE('',*,*,#5425,.F.);
#4038=ORIENTED_EDGE('',*,*,#5423,.F.);
#4039=ORIENTED_EDGE('',*,*,#5427,.F.);
#4040=ORIENTED_EDGE('',*,*,#5429,.T.);
#4041=ORIENTED_EDGE('',*,*,#5430,.T.);
#4042=ORIENTED_EDGE('',*,*,#5431,.T.);
#4043=ORIENTED_EDGE('',*,*,#5432,.T.);
#4044=ORIENTED_EDGE('',*,*,#5433,.T.);
#4045=ORIENTED_EDGE('',*,*,#5432,.F.);
#4046=ORIENTED_EDGE('',*,*,#5434,.F.);
#4047=ORIENTED_EDGE('',*,*,#5430,.F.);
#4048=ORIENTED_EDGE('',*,*,#5434,.T.);
#4049=ORIENTED_EDGE('',*,*,#5431,.F.);
#4050=ORIENTED_EDGE('',*,*,#5429,.F.);
#4051=ORIENTED_EDGE('',*,*,#5433,.F.);
#4052=ORIENTED_EDGE('',*,*,#5438,.T.);
#4053=ORIENTED_EDGE('',*,*,#5440,.T.);
#4054=ORIENTED_EDGE('',*,*,#5437,.F.);
#4055=ORIENTED_EDGE('',*,*,#5435,.T.);
#4056=ORIENTED_EDGE('',*,*,#5440,.F.);
#4057=ORIENTED_EDGE('',*,*,#5436,.F.);
#4058=ORIENTED_EDGE('',*,*,#5439,.F.);
#4059=ORIENTED_EDGE('',*,*,#5435,.F.);
#4060=ORIENTED_EDGE('',*,*,#5439,.T.);
#4061=ORIENTED_EDGE('',*,*,#5437,.T.);
#4062=ORIENTED_EDGE('',*,*,#5436,.T.);
#4063=ORIENTED_EDGE('',*,*,#5438,.F.);
#4064=ORIENTED_EDGE('',*,*,#5441,.T.);
#4065=ORIENTED_EDGE('',*,*,#5442,.T.);
#4066=ORIENTED_EDGE('',*,*,#5443,.T.);
#4067=ORIENTED_EDGE('',*,*,#5444,.T.);
#4068=ORIENTED_EDGE('',*,*,#5445,.T.);
#4069=ORIENTED_EDGE('',*,*,#5444,.F.);
#4070=ORIENTED_EDGE('',*,*,#5446,.T.);
#4071=ORIENTED_EDGE('',*,*,#5442,.F.);
#4072=ORIENTED_EDGE('',*,*,#5446,.F.);
#4073=ORIENTED_EDGE('',*,*,#5443,.F.);
#4074=ORIENTED_EDGE('',*,*,#5441,.F.);
#4075=ORIENTED_EDGE('',*,*,#5445,.F.);
#4076=ORIENTED_EDGE('',*,*,#5450,.T.);
#4077=ORIENTED_EDGE('',*,*,#5452,.T.);
#4078=ORIENTED_EDGE('',*,*,#5449,.F.);
#4079=ORIENTED_EDGE('',*,*,#5447,.T.);
#4080=ORIENTED_EDGE('',*,*,#5452,.F.);
#4081=ORIENTED_EDGE('',*,*,#5448,.F.);
#4082=ORIENTED_EDGE('',*,*,#5451,.F.);
#4083=ORIENTED_EDGE('',*,*,#5447,.F.);
#4084=ORIENTED_EDGE('',*,*,#5451,.T.);
#4085=ORIENTED_EDGE('',*,*,#5449,.T.);
#4086=ORIENTED_EDGE('',*,*,#5448,.T.);
#4087=ORIENTED_EDGE('',*,*,#5450,.F.);
#4088=ORIENTED_EDGE('',*,*,#5453,.T.);
#4089=ORIENTED_EDGE('',*,*,#5454,.T.);
#4090=ORIENTED_EDGE('',*,*,#5455,.T.);
#4091=ORIENTED_EDGE('',*,*,#5456,.T.);
#4092=ORIENTED_EDGE('',*,*,#5457,.T.);
#4093=ORIENTED_EDGE('',*,*,#5456,.F.);
#4094=ORIENTED_EDGE('',*,*,#5458,.T.);
#4095=ORIENTED_EDGE('',*,*,#5459,.T.);
#4096=ORIENTED_EDGE('',*,*,#5460,.T.);
#4097=ORIENTED_EDGE('',*,*,#5459,.F.);
#4098=ORIENTED_EDGE('',*,*,#5461,.T.);
#4099=ORIENTED_EDGE('',*,*,#5462,.T.);
#4100=ORIENTED_EDGE('',*,*,#5463,.T.);
#4101=ORIENTED_EDGE('',*,*,#5462,.F.);
#4102=ORIENTED_EDGE('',*,*,#5464,.F.);
#4103=ORIENTED_EDGE('',*,*,#5454,.F.);
#4104=ORIENTED_EDGE('',*,*,#5464,.T.);
#4105=ORIENTED_EDGE('',*,*,#5461,.F.);
#4106=ORIENTED_EDGE('',*,*,#5458,.F.);
#4107=ORIENTED_EDGE('',*,*,#5455,.F.);
#4108=ORIENTED_EDGE('',*,*,#5453,.F.);
#4109=ORIENTED_EDGE('',*,*,#5457,.F.);
#4110=ORIENTED_EDGE('',*,*,#5460,.F.);
#4111=ORIENTED_EDGE('',*,*,#5463,.F.);
#4112=ORIENTED_EDGE('',*,*,#5465,.T.);
#4113=ORIENTED_EDGE('',*,*,#5466,.T.);
#4114=ORIENTED_EDGE('',*,*,#5467,.T.);
#4115=ORIENTED_EDGE('',*,*,#5468,.T.);
#4116=ORIENTED_EDGE('',*,*,#5466,.F.);
#4117=ORIENTED_EDGE('',*,*,#5469,.T.);
#4118=ORIENTED_EDGE('',*,*,#5470,.T.);
#4119=ORIENTED_EDGE('',*,*,#5471,.T.);
#4120=ORIENTED_EDGE('',*,*,#5472,.T.);
#4121=ORIENTED_EDGE('',*,*,#5473,.T.);
#4122=ORIENTED_EDGE('',*,*,#5474,.T.);
#4123=ORIENTED_EDGE('',*,*,#5470,.F.);
#4124=ORIENTED_EDGE('',*,*,#5473,.F.);
#4125=ORIENTED_EDGE('',*,*,#5478,.T.);
#4126=ORIENTED_EDGE('',*,*,#5476,.T.);
#4127=ORIENTED_EDGE('',*,*,#5479,.T.);
#4128=ORIENTED_EDGE('',*,*,#5475,.T.);
#4129=ORIENTED_EDGE('',*,*,#5476,.F.);
#4130=ORIENTED_EDGE('',*,*,#5477,.T.);
#4131=ORIENTED_EDGE('',*,*,#5468,.F.);
#4132=ORIENTED_EDGE('',*,*,#5478,.F.);
#4133=ORIENTED_EDGE('',*,*,#5472,.F.);
#4134=ORIENTED_EDGE('',*,*,#5469,.F.);
#4135=ORIENTED_EDGE('',*,*,#5465,.F.);
#4136=ORIENTED_EDGE('',*,*,#5477,.F.);
#4137=ORIENTED_EDGE('',*,*,#5467,.F.);
#4138=ORIENTED_EDGE('',*,*,#5471,.F.);
#4139=ORIENTED_EDGE('',*,*,#5474,.F.);
#4140=ORIENTED_EDGE('',*,*,#5479,.F.);
#4141=ORIENTED_EDGE('',*,*,#5475,.F.);
#4142=ORIENTED_EDGE('',*,*,#5480,.T.);
#4143=ORIENTED_EDGE('',*,*,#5481,.T.);
#4144=ORIENTED_EDGE('',*,*,#5482,.T.);
#4145=ORIENTED_EDGE('',*,*,#5483,.T.);
#4146=ORIENTED_EDGE('',*,*,#5484,.T.);
#4147=ORIENTED_EDGE('',*,*,#5483,.F.);
#4148=ORIENTED_EDGE('',*,*,#5485,.T.);
#4149=ORIENTED_EDGE('',*,*,#5486,.T.);
#4150=ORIENTED_EDGE('',*,*,#5487,.T.);
#4151=ORIENTED_EDGE('',*,*,#5486,.F.);
#4152=ORIENTED_EDGE('',*,*,#5488,.T.);
#4153=ORIENTED_EDGE('',*,*,#5481,.F.);
#4154=ORIENTED_EDGE('',*,*,#5488,.F.);
#4155=ORIENTED_EDGE('',*,*,#5485,.F.);
#4156=ORIENTED_EDGE('',*,*,#5482,.F.);
#4157=ORIENTED_EDGE('',*,*,#5480,.F.);
#4158=ORIENTED_EDGE('',*,*,#5484,.F.);
#4159=ORIENTED_EDGE('',*,*,#5487,.F.);
#4160=ORIENTED_EDGE('',*,*,#5489,.T.);
#4161=ORIENTED_EDGE('',*,*,#5490,.T.);
#4162=ORIENTED_EDGE('',*,*,#5491,.T.);
#4163=ORIENTED_EDGE('',*,*,#5492,.T.);
#4164=ORIENTED_EDGE('',*,*,#5493,.T.);
#4165=ORIENTED_EDGE('',*,*,#5492,.F.);
#4166=ORIENTED_EDGE('',*,*,#5494,.F.);
#4167=ORIENTED_EDGE('',*,*,#5490,.F.);
#4168=ORIENTED_EDGE('',*,*,#5494,.T.);
#4169=ORIENTED_EDGE('',*,*,#5491,.F.);
#4170=ORIENTED_EDGE('',*,*,#5489,.F.);
#4171=ORIENTED_EDGE('',*,*,#5493,.F.);
#4172=ORIENTED_EDGE('',*,*,#5498,.T.);
#4173=ORIENTED_EDGE('',*,*,#5500,.T.);
#4174=ORIENTED_EDGE('',*,*,#5497,.F.);
#4175=ORIENTED_EDGE('',*,*,#5495,.T.);
#4176=ORIENTED_EDGE('',*,*,#5500,.F.);
#4177=ORIENTED_EDGE('',*,*,#5496,.F.);
#4178=ORIENTED_EDGE('',*,*,#5499,.F.);
#4179=ORIENTED_EDGE('',*,*,#5495,.F.);
#4180=ORIENTED_EDGE('',*,*,#5499,.T.);
#4181=ORIENTED_EDGE('',*,*,#5497,.T.);
#4182=ORIENTED_EDGE('',*,*,#5496,.T.);
#4183=ORIENTED_EDGE('',*,*,#5498,.F.);
#4184=ORIENTED_EDGE('',*,*,#5501,.T.);
#4185=ORIENTED_EDGE('',*,*,#5502,.T.);
#4186=ORIENTED_EDGE('',*,*,#5503,.T.);
#4187=ORIENTED_EDGE('',*,*,#5504,.T.);
#4188=ORIENTED_EDGE('',*,*,#5505,.T.);
#4189=ORIENTED_EDGE('',*,*,#5504,.F.);
#4190=ORIENTED_EDGE('',*,*,#5506,.T.);
#4191=ORIENTED_EDGE('',*,*,#5507,.T.);
#4192=ORIENTED_EDGE('',*,*,#5508,.T.);
#4193=ORIENTED_EDGE('',*,*,#5507,.F.);
#4194=ORIENTED_EDGE('',*,*,#5509,.T.);
#4195=ORIENTED_EDGE('',*,*,#5502,.F.);
#4196=ORIENTED_EDGE('',*,*,#5509,.F.);
#4197=ORIENTED_EDGE('',*,*,#5506,.F.);
#4198=ORIENTED_EDGE('',*,*,#5503,.F.);
#4199=ORIENTED_EDGE('',*,*,#5501,.F.);
#4200=ORIENTED_EDGE('',*,*,#5505,.F.);
#4201=ORIENTED_EDGE('',*,*,#5508,.F.);
#4202=ORIENTED_EDGE('',*,*,#5510,.T.);
#4203=ORIENTED_EDGE('',*,*,#5511,.T.);
#4204=ORIENTED_EDGE('',*,*,#5512,.T.);
#4205=ORIENTED_EDGE('',*,*,#5513,.T.);
#4206=ORIENTED_EDGE('',*,*,#5514,.T.);
#4207=ORIENTED_EDGE('',*,*,#5513,.F.);
#4208=ORIENTED_EDGE('',*,*,#5515,.F.);
#4209=ORIENTED_EDGE('',*,*,#5511,.F.);
#4210=ORIENTED_EDGE('',*,*,#5515,.T.);
#4211=ORIENTED_EDGE('',*,*,#5512,.F.);
#4212=ORIENTED_EDGE('',*,*,#5510,.F.);
#4213=ORIENTED_EDGE('',*,*,#5514,.F.);
#4214=ORIENTED_EDGE('',*,*,#5519,.T.);
#4215=ORIENTED_EDGE('',*,*,#5521,.T.);
#4216=ORIENTED_EDGE('',*,*,#5518,.F.);
#4217=ORIENTED_EDGE('',*,*,#5516,.T.);
#4218=ORIENTED_EDGE('',*,*,#5521,.F.);
#4219=ORIENTED_EDGE('',*,*,#5517,.F.);
#4220=ORIENTED_EDGE('',*,*,#5520,.F.);
#4221=ORIENTED_EDGE('',*,*,#5516,.F.);
#4222=ORIENTED_EDGE('',*,*,#5520,.T.);
#4223=ORIENTED_EDGE('',*,*,#5518,.T.);
#4224=ORIENTED_EDGE('',*,*,#5517,.T.);
#4225=ORIENTED_EDGE('',*,*,#5519,.F.);
#4226=ORIENTED_EDGE('',*,*,#5525,.T.);
#4227=ORIENTED_EDGE('',*,*,#5527,.T.);
#4228=ORIENTED_EDGE('',*,*,#5524,.F.);
#4229=ORIENTED_EDGE('',*,*,#5522,.T.);
#4230=ORIENTED_EDGE('',*,*,#5527,.F.);
#4231=ORIENTED_EDGE('',*,*,#5523,.F.);
#4232=ORIENTED_EDGE('',*,*,#5526,.F.);
#4233=ORIENTED_EDGE('',*,*,#5522,.F.);
#4234=ORIENTED_EDGE('',*,*,#5526,.T.);
#4235=ORIENTED_EDGE('',*,*,#5524,.T.);
#4236=ORIENTED_EDGE('',*,*,#5523,.T.);
#4237=ORIENTED_EDGE('',*,*,#5525,.F.);
#4238=ORIENTED_EDGE('',*,*,#5528,.T.);
#4239=ORIENTED_EDGE('',*,*,#5529,.T.);
#4240=ORIENTED_EDGE('',*,*,#5530,.T.);
#4241=ORIENTED_EDGE('',*,*,#5531,.T.);
#4242=ORIENTED_EDGE('',*,*,#5532,.T.);
#4243=ORIENTED_EDGE('',*,*,#5531,.F.);
#4244=ORIENTED_EDGE('',*,*,#5533,.T.);
#4245=ORIENTED_EDGE('',*,*,#5529,.F.);
#4246=ORIENTED_EDGE('',*,*,#5533,.F.);
#4247=ORIENTED_EDGE('',*,*,#5530,.F.);
#4248=ORIENTED_EDGE('',*,*,#5528,.F.);
#4249=ORIENTED_EDGE('',*,*,#5532,.F.);
#4250=ORIENTED_EDGE('',*,*,#5537,.T.);
#4251=ORIENTED_EDGE('',*,*,#5539,.T.);
#4252=ORIENTED_EDGE('',*,*,#5536,.F.);
#4253=ORIENTED_EDGE('',*,*,#5534,.T.);
#4254=ORIENTED_EDGE('',*,*,#5539,.F.);
#4255=ORIENTED_EDGE('',*,*,#5535,.F.);
#4256=ORIENTED_EDGE('',*,*,#5538,.F.);
#4257=ORIENTED_EDGE('',*,*,#5534,.F.);
#4258=ORIENTED_EDGE('',*,*,#5538,.T.);
#4259=ORIENTED_EDGE('',*,*,#5536,.T.);
#4260=ORIENTED_EDGE('',*,*,#5535,.T.);
#4261=ORIENTED_EDGE('',*,*,#5537,.F.);
#4262=ORIENTED_EDGE('',*,*,#5543,.T.);
#4263=ORIENTED_EDGE('',*,*,#5545,.T.);
#4264=ORIENTED_EDGE('',*,*,#5542,.F.);
#4265=ORIENTED_EDGE('',*,*,#5540,.T.);
#4266=ORIENTED_EDGE('',*,*,#5545,.F.);
#4267=ORIENTED_EDGE('',*,*,#5541,.F.);
#4268=ORIENTED_EDGE('',*,*,#5544,.F.);
#4269=ORIENTED_EDGE('',*,*,#5540,.F.);
#4270=ORIENTED_EDGE('',*,*,#5544,.T.);
#4271=ORIENTED_EDGE('',*,*,#5542,.T.);
#4272=ORIENTED_EDGE('',*,*,#5541,.T.);
#4273=ORIENTED_EDGE('',*,*,#5543,.F.);
#4274=ORIENTED_EDGE('',*,*,#5546,.T.);
#4275=ORIENTED_EDGE('',*,*,#5547,.T.);
#4276=ORIENTED_EDGE('',*,*,#5548,.T.);
#4277=ORIENTED_EDGE('',*,*,#5549,.T.);
#4278=ORIENTED_EDGE('',*,*,#5550,.T.);
#4279=ORIENTED_EDGE('',*,*,#5549,.F.);
#4280=ORIENTED_EDGE('',*,*,#5551,.T.);
#4281=ORIENTED_EDGE('',*,*,#5547,.F.);
#4282=ORIENTED_EDGE('',*,*,#5551,.F.);
#4283=ORIENTED_EDGE('',*,*,#5548,.F.);
#4284=ORIENTED_EDGE('',*,*,#5546,.F.);
#4285=ORIENTED_EDGE('',*,*,#5550,.F.);
#4286=ORIENTED_EDGE('',*,*,#5555,.T.);
#4287=ORIENTED_EDGE('',*,*,#5557,.T.);
#4288=ORIENTED_EDGE('',*,*,#5554,.F.);
#4289=ORIENTED_EDGE('',*,*,#5552,.T.);
#4290=ORIENTED_EDGE('',*,*,#5557,.F.);
#4291=ORIENTED_EDGE('',*,*,#5553,.F.);
#4292=ORIENTED_EDGE('',*,*,#5556,.F.);
#4293=ORIENTED_EDGE('',*,*,#5552,.F.);
#4294=ORIENTED_EDGE('',*,*,#5556,.T.);
#4295=ORIENTED_EDGE('',*,*,#5554,.T.);
#4296=ORIENTED_EDGE('',*,*,#5553,.T.);
#4297=ORIENTED_EDGE('',*,*,#5555,.F.);
#4298=ORIENTED_EDGE('',*,*,#5561,.T.);
#4299=ORIENTED_EDGE('',*,*,#5563,.T.);
#4300=ORIENTED_EDGE('',*,*,#5560,.F.);
#4301=ORIENTED_EDGE('',*,*,#5558,.T.);
#4302=ORIENTED_EDGE('',*,*,#5562,.T.);
#4303=ORIENTED_EDGE('',*,*,#5560,.T.);
#4304=ORIENTED_EDGE('',*,*,#5559,.T.);
#4305=ORIENTED_EDGE('',*,*,#5561,.F.);
#4306=ORIENTED_EDGE('',*,*,#5565,.F.);
#4307=ORIENTED_EDGE('',*,*,#5566,.F.);
#4308=ORIENTED_EDGE('',*,*,#5567,.F.);
#4309=ORIENTED_EDGE('',*,*,#5564,.F.);
#4310=ORIENTED_EDGE('',*,*,#5568,.T.);
#4311=ORIENTED_EDGE('',*,*,#5567,.T.);
#4312=ORIENTED_EDGE('',*,*,#5569,.T.);
#4313=ORIENTED_EDGE('',*,*,#5570,.T.);
#4314=ORIENTED_EDGE('',*,*,#5571,.T.);
#4315=ORIENTED_EDGE('',*,*,#5570,.F.);
#4316=ORIENTED_EDGE('',*,*,#5572,.T.);
#4317=ORIENTED_EDGE('',*,*,#5573,.T.);
#4318=ORIENTED_EDGE('',*,*,#5574,.T.);
#4319=ORIENTED_EDGE('',*,*,#5573,.F.);
#4320=ORIENTED_EDGE('',*,*,#5575,.T.);
#4321=ORIENTED_EDGE('',*,*,#5576,.T.);
#4322=ORIENTED_EDGE('',*,*,#5576,.F.);
#4323=ORIENTED_EDGE('',*,*,#5578,.F.);
#4324=ORIENTED_EDGE('',*,*,#5579,.F.);
#4325=ORIENTED_EDGE('',*,*,#5577,.F.);
#4326=ORIENTED_EDGE('',*,*,#5580,.T.);
#4327=ORIENTED_EDGE('',*,*,#5579,.T.);
#4328=ORIENTED_EDGE('',*,*,#5581,.T.);
#4329=ORIENTED_EDGE('',*,*,#5582,.T.);
#4330=ORIENTED_EDGE('',*,*,#5583,.T.);
#4331=ORIENTED_EDGE('',*,*,#5582,.F.);
#4332=ORIENTED_EDGE('',*,*,#5584,.T.);
#4333=ORIENTED_EDGE('',*,*,#5585,.T.);
#4334=ORIENTED_EDGE('',*,*,#5586,.T.);
#4335=ORIENTED_EDGE('',*,*,#5585,.F.);
#4336=ORIENTED_EDGE('',*,*,#5587,.T.);
#4337=ORIENTED_EDGE('',*,*,#5588,.T.);
#4338=ORIENTED_EDGE('',*,*,#5589,.T.);
#4339=ORIENTED_EDGE('',*,*,#5588,.F.);
#4340=ORIENTED_EDGE('',*,*,#5590,.T.);
#4341=ORIENTED_EDGE('',*,*,#5591,.T.);
#4342=ORIENTED_EDGE('',*,*,#5592,.T.);
#4343=ORIENTED_EDGE('',*,*,#5591,.F.);
#4344=ORIENTED_EDGE('',*,*,#5593,.T.);
#4345=ORIENTED_EDGE('',*,*,#5594,.T.);
#4346=ORIENTED_EDGE('',*,*,#5594,.F.);
#4347=ORIENTED_EDGE('',*,*,#5596,.F.);
#4348=ORIENTED_EDGE('',*,*,#5597,.F.);
#4349=ORIENTED_EDGE('',*,*,#5595,.F.);
#4350=ORIENTED_EDGE('',*,*,#5598,.T.);
#4351=ORIENTED_EDGE('',*,*,#5597,.T.);
#4352=ORIENTED_EDGE('',*,*,#5599,.T.);
#4353=ORIENTED_EDGE('',*,*,#5600,.T.);
#4354=ORIENTED_EDGE('',*,*,#5601,.T.);
#4355=ORIENTED_EDGE('',*,*,#5600,.F.);
#4356=ORIENTED_EDGE('',*,*,#5602,.T.);
#4357=ORIENTED_EDGE('',*,*,#5603,.T.);
#4358=ORIENTED_EDGE('',*,*,#5604,.T.);
#4359=ORIENTED_EDGE('',*,*,#5603,.F.);
#4360=ORIENTED_EDGE('',*,*,#5605,.T.);
#4361=ORIENTED_EDGE('',*,*,#5606,.T.);
#4362=ORIENTED_EDGE('',*,*,#5607,.T.);
#4363=ORIENTED_EDGE('',*,*,#5606,.F.);
#4364=ORIENTED_EDGE('',*,*,#5608,.T.);
#4365=ORIENTED_EDGE('',*,*,#5609,.T.);
#4366=ORIENTED_EDGE('',*,*,#5610,.T.);
#4367=ORIENTED_EDGE('',*,*,#5609,.F.);
#4368=ORIENTED_EDGE('',*,*,#5611,.T.);
#4369=ORIENTED_EDGE('',*,*,#5612,.T.);
#4370=ORIENTED_EDGE('',*,*,#5612,.F.);
#4371=ORIENTED_EDGE('',*,*,#5614,.F.);
#4372=ORIENTED_EDGE('',*,*,#5615,.F.);
#4373=ORIENTED_EDGE('',*,*,#5613,.F.);
#4374=ORIENTED_EDGE('',*,*,#5616,.T.);
#4375=ORIENTED_EDGE('',*,*,#5617,.T.);
#4376=ORIENTED_EDGE('',*,*,#5618,.T.);
#4377=ORIENTED_EDGE('',*,*,#5565,.T.);
#4378=ORIENTED_EDGE('',*,*,#5619,.T.);
#4379=ORIENTED_EDGE('',*,*,#5620,.T.);
#4380=ORIENTED_EDGE('',*,*,#5621,.T.);
#4381=ORIENTED_EDGE('',*,*,#5622,.T.);
#4382=ORIENTED_EDGE('',*,*,#5623,.T.);
#4383=ORIENTED_EDGE('',*,*,#5622,.F.);
#4384=ORIENTED_EDGE('',*,*,#5624,.T.);
#4385=ORIENTED_EDGE('',*,*,#5625,.T.);
#4386=ORIENTED_EDGE('',*,*,#5625,.F.);
#4387=ORIENTED_EDGE('',*,*,#5627,.F.);
#4388=ORIENTED_EDGE('',*,*,#5628,.F.);
#4389=ORIENTED_EDGE('',*,*,#5626,.F.);
#4390=ORIENTED_EDGE('',*,*,#5629,.T.);
#4391=ORIENTED_EDGE('',*,*,#5628,.T.);
#4392=ORIENTED_EDGE('',*,*,#5630,.T.);
#4393=ORIENTED_EDGE('',*,*,#5631,.T.);
#4394=ORIENTED_EDGE('',*,*,#5631,.F.);
#4395=ORIENTED_EDGE('',*,*,#5633,.F.);
#4396=ORIENTED_EDGE('',*,*,#5634,.F.);
#4397=ORIENTED_EDGE('',*,*,#5632,.F.);
#4398=ORIENTED_EDGE('',*,*,#5635,.T.);
#4399=ORIENTED_EDGE('',*,*,#5634,.T.);
#4400=ORIENTED_EDGE('',*,*,#5636,.T.);
#4401=ORIENTED_EDGE('',*,*,#5637,.T.);
#4402=ORIENTED_EDGE('',*,*,#5638,.T.);
#4403=ORIENTED_EDGE('',*,*,#5637,.F.);
#4404=ORIENTED_EDGE('',*,*,#5639,.T.);
#4405=ORIENTED_EDGE('',*,*,#5640,.T.);
#4406=ORIENTED_EDGE('',*,*,#5641,.T.);
#4407=ORIENTED_EDGE('',*,*,#5640,.F.);
#4408=ORIENTED_EDGE('',*,*,#5642,.T.);
#4409=ORIENTED_EDGE('',*,*,#5643,.T.);
#4410=ORIENTED_EDGE('',*,*,#5643,.F.);
#4411=ORIENTED_EDGE('',*,*,#5645,.F.);
#4412=ORIENTED_EDGE('',*,*,#5646,.F.);
#4413=ORIENTED_EDGE('',*,*,#5644,.F.);
#4414=ORIENTED_EDGE('',*,*,#5647,.T.);
#4415=ORIENTED_EDGE('',*,*,#5646,.T.);
#4416=ORIENTED_EDGE('',*,*,#5648,.T.);
#4417=ORIENTED_EDGE('',*,*,#5649,.T.);
#4418=ORIENTED_EDGE('',*,*,#5650,.T.);
#4419=ORIENTED_EDGE('',*,*,#5649,.F.);
#4420=ORIENTED_EDGE('',*,*,#5651,.T.);
#4421=ORIENTED_EDGE('',*,*,#5652,.T.);
#4422=ORIENTED_EDGE('',*,*,#5653,.T.);
#4423=ORIENTED_EDGE('',*,*,#5652,.F.);
#4424=ORIENTED_EDGE('',*,*,#5654,.T.);
#4425=ORIENTED_EDGE('',*,*,#5655,.T.);
#4426=ORIENTED_EDGE('',*,*,#5655,.F.);
#4427=ORIENTED_EDGE('',*,*,#5657,.F.);
#4428=ORIENTED_EDGE('',*,*,#5658,.F.);
#4429=ORIENTED_EDGE('',*,*,#5656,.F.);
#4430=ORIENTED_EDGE('',*,*,#5659,.T.);
#4431=ORIENTED_EDGE('',*,*,#5658,.T.);
#4432=ORIENTED_EDGE('',*,*,#5660,.T.);
#4433=ORIENTED_EDGE('',*,*,#5661,.T.);
#4434=ORIENTED_EDGE('',*,*,#5661,.F.);
#4435=ORIENTED_EDGE('',*,*,#5663,.F.);
#4436=ORIENTED_EDGE('',*,*,#5664,.F.);
#4437=ORIENTED_EDGE('',*,*,#5662,.F.);
#4438=ORIENTED_EDGE('',*,*,#5665,.T.);
#4439=ORIENTED_EDGE('',*,*,#5664,.T.);
#4440=ORIENTED_EDGE('',*,*,#5666,.T.);
#4441=ORIENTED_EDGE('',*,*,#5667,.T.);
#4442=ORIENTED_EDGE('',*,*,#5668,.T.);
#4443=ORIENTED_EDGE('',*,*,#5667,.F.);
#4444=ORIENTED_EDGE('',*,*,#5669,.T.);
#4445=ORIENTED_EDGE('',*,*,#5670,.T.);
#4446=ORIENTED_EDGE('',*,*,#5671,.T.);
#4447=ORIENTED_EDGE('',*,*,#5670,.F.);
#4448=ORIENTED_EDGE('',*,*,#5672,.T.);
#4449=ORIENTED_EDGE('',*,*,#5673,.T.);
#4450=ORIENTED_EDGE('',*,*,#5673,.F.);
#4451=ORIENTED_EDGE('',*,*,#5675,.F.);
#4452=ORIENTED_EDGE('',*,*,#5676,.F.);
#4453=ORIENTED_EDGE('',*,*,#5674,.F.);
#4454=ORIENTED_EDGE('',*,*,#5677,.T.);
#4455=ORIENTED_EDGE('',*,*,#5676,.T.);
#4456=ORIENTED_EDGE('',*,*,#5678,.T.);
#4457=ORIENTED_EDGE('',*,*,#5679,.T.);
#4458=ORIENTED_EDGE('',*,*,#5679,.F.);
#4459=ORIENTED_EDGE('',*,*,#5681,.F.);
#4460=ORIENTED_EDGE('',*,*,#5682,.F.);
#4461=ORIENTED_EDGE('',*,*,#5680,.F.);
#4462=ORIENTED_EDGE('',*,*,#5683,.T.);
#4463=ORIENTED_EDGE('',*,*,#5682,.T.);
#4464=ORIENTED_EDGE('',*,*,#5684,.T.);
#4465=ORIENTED_EDGE('',*,*,#5685,.T.);
#4466=ORIENTED_EDGE('',*,*,#5686,.T.);
#4467=ORIENTED_EDGE('',*,*,#5685,.F.);
#4468=ORIENTED_EDGE('',*,*,#5687,.T.);
#4469=ORIENTED_EDGE('',*,*,#5688,.T.);
#4470=ORIENTED_EDGE('',*,*,#5689,.T.);
#4471=ORIENTED_EDGE('',*,*,#5688,.F.);
#4472=ORIENTED_EDGE('',*,*,#5690,.T.);
#4473=ORIENTED_EDGE('',*,*,#5691,.T.);
#4474=ORIENTED_EDGE('',*,*,#5691,.F.);
#4475=ORIENTED_EDGE('',*,*,#5693,.F.);
#4476=ORIENTED_EDGE('',*,*,#5695,.F.);
#4477=ORIENTED_EDGE('',*,*,#5692,.F.);
#4478=ORIENTED_EDGE('',*,*,#5694,.T.);
#4479=ORIENTED_EDGE('',*,*,#5695,.T.);
#4480=ORIENTED_EDGE('',*,*,#5696,.T.);
#4481=ORIENTED_EDGE('',*,*,#5697,.T.);
#4482=ORIENTED_EDGE('',*,*,#5698,.T.);
#4483=ORIENTED_EDGE('',*,*,#5697,.F.);
#4484=ORIENTED_EDGE('',*,*,#5699,.T.);
#4485=ORIENTED_EDGE('',*,*,#5700,.T.);
#4486=ORIENTED_EDGE('',*,*,#5701,.T.);
#4487=ORIENTED_EDGE('',*,*,#5700,.F.);
#4488=ORIENTED_EDGE('',*,*,#5702,.T.);
#4489=ORIENTED_EDGE('',*,*,#5703,.T.);
#4490=ORIENTED_EDGE('',*,*,#5703,.F.);
#4491=ORIENTED_EDGE('',*,*,#5705,.F.);
#4492=ORIENTED_EDGE('',*,*,#5706,.F.);
#4493=ORIENTED_EDGE('',*,*,#5704,.F.);
#4494=ORIENTED_EDGE('',*,*,#5707,.T.);
#4495=ORIENTED_EDGE('',*,*,#5706,.T.);
#4496=ORIENTED_EDGE('',*,*,#5708,.T.);
#4497=ORIENTED_EDGE('',*,*,#5709,.T.);
#4498=ORIENTED_EDGE('',*,*,#5709,.F.);
#4499=ORIENTED_EDGE('',*,*,#5711,.F.);
#4500=ORIENTED_EDGE('',*,*,#5712,.F.);
#4501=ORIENTED_EDGE('',*,*,#5710,.F.);
#4502=ORIENTED_EDGE('',*,*,#5713,.T.);
#4503=ORIENTED_EDGE('',*,*,#5712,.T.);
#4504=ORIENTED_EDGE('',*,*,#5714,.T.);
#4505=ORIENTED_EDGE('',*,*,#5715,.T.);
#4506=ORIENTED_EDGE('',*,*,#5716,.T.);
#4507=ORIENTED_EDGE('',*,*,#5715,.F.);
#4508=ORIENTED_EDGE('',*,*,#5717,.T.);
#4509=ORIENTED_EDGE('',*,*,#5718,.T.);
#4510=ORIENTED_EDGE('',*,*,#5719,.T.);
#4511=ORIENTED_EDGE('',*,*,#5718,.F.);
#4512=ORIENTED_EDGE('',*,*,#5720,.T.);
#4513=ORIENTED_EDGE('',*,*,#5721,.T.);
#4514=ORIENTED_EDGE('',*,*,#5722,.T.);
#4515=ORIENTED_EDGE('',*,*,#5723,.T.);
#4516=ORIENTED_EDGE('',*,*,#5724,.T.);
#4517=ORIENTED_EDGE('',*,*,#5725,.T.);
#4518=ORIENTED_EDGE('',*,*,#5726,.T.);
#4519=ORIENTED_EDGE('',*,*,#5725,.F.);
#4520=ORIENTED_EDGE('',*,*,#5727,.T.);
#4521=ORIENTED_EDGE('',*,*,#5728,.T.);
#4522=ORIENTED_EDGE('',*,*,#5729,.T.);
#4523=ORIENTED_EDGE('',*,*,#5730,.T.);
#4524=ORIENTED_EDGE('',*,*,#5731,.T.);
#4525=ORIENTED_EDGE('',*,*,#5723,.F.);
#4526=ORIENTED_EDGE('',*,*,#5732,.T.);
#4527=ORIENTED_EDGE('',*,*,#5733,.T.);
#4528=ORIENTED_EDGE('',*,*,#5734,.T.);
#4529=ORIENTED_EDGE('',*,*,#5735,.T.);
#4530=ORIENTED_EDGE('',*,*,#5736,.T.);
#4531=ORIENTED_EDGE('',*,*,#5735,.F.);
#4532=ORIENTED_EDGE('',*,*,#5737,.T.);
#4533=ORIENTED_EDGE('',*,*,#5738,.T.);
#4534=ORIENTED_EDGE('',*,*,#5738,.F.);
#4535=ORIENTED_EDGE('',*,*,#5740,.F.);
#4536=ORIENTED_EDGE('',*,*,#5741,.F.);
#4537=ORIENTED_EDGE('',*,*,#5739,.F.);
#4538=ORIENTED_EDGE('',*,*,#5742,.T.);
#4539=ORIENTED_EDGE('',*,*,#5741,.T.);
#4540=ORIENTED_EDGE('',*,*,#5743,.T.);
#4541=ORIENTED_EDGE('',*,*,#5744,.T.);
#4542=ORIENTED_EDGE('',*,*,#5745,.T.);
#4543=ORIENTED_EDGE('',*,*,#5744,.F.);
#4544=ORIENTED_EDGE('',*,*,#5746,.T.);
#4545=ORIENTED_EDGE('',*,*,#5747,.T.);
#4546=ORIENTED_EDGE('',*,*,#5748,.T.);
#4547=ORIENTED_EDGE('',*,*,#5747,.F.);
#4548=ORIENTED_EDGE('',*,*,#5749,.T.);
#4549=ORIENTED_EDGE('',*,*,#5750,.T.);
#4550=ORIENTED_EDGE('',*,*,#5751,.T.);
#4551=ORIENTED_EDGE('',*,*,#5750,.F.);
#4552=ORIENTED_EDGE('',*,*,#5752,.T.);
#4553=ORIENTED_EDGE('',*,*,#5753,.T.);
#4554=ORIENTED_EDGE('',*,*,#5754,.T.);
#4555=ORIENTED_EDGE('',*,*,#5753,.F.);
#4556=ORIENTED_EDGE('',*,*,#5755,.T.);
#4557=ORIENTED_EDGE('',*,*,#5756,.T.);
#4558=ORIENTED_EDGE('',*,*,#5756,.F.);
#4559=ORIENTED_EDGE('',*,*,#5758,.F.);
#4560=ORIENTED_EDGE('',*,*,#5759,.F.);
#4561=ORIENTED_EDGE('',*,*,#5757,.F.);
#4562=ORIENTED_EDGE('',*,*,#5760,.T.);
#4563=ORIENTED_EDGE('',*,*,#5759,.T.);
#4564=ORIENTED_EDGE('',*,*,#5761,.T.);
#4565=ORIENTED_EDGE('',*,*,#5762,.T.);
#4566=ORIENTED_EDGE('',*,*,#5763,.T.);
#4567=ORIENTED_EDGE('',*,*,#5762,.F.);
#4568=ORIENTED_EDGE('',*,*,#5764,.T.);
#4569=ORIENTED_EDGE('',*,*,#5765,.T.);
#4570=ORIENTED_EDGE('',*,*,#5766,.T.);
#4571=ORIENTED_EDGE('',*,*,#5765,.F.);
#4572=ORIENTED_EDGE('',*,*,#5767,.T.);
#4573=ORIENTED_EDGE('',*,*,#5768,.T.);
#4574=ORIENTED_EDGE('',*,*,#5768,.F.);
#4575=ORIENTED_EDGE('',*,*,#5770,.F.);
#4576=ORIENTED_EDGE('',*,*,#5771,.F.);
#4577=ORIENTED_EDGE('',*,*,#5769,.F.);
#4578=ORIENTED_EDGE('',*,*,#5772,.T.);
#4579=ORIENTED_EDGE('',*,*,#5771,.T.);
#4580=ORIENTED_EDGE('',*,*,#5773,.T.);
#4581=ORIENTED_EDGE('',*,*,#5774,.T.);
#4582=ORIENTED_EDGE('',*,*,#5774,.F.);
#4583=ORIENTED_EDGE('',*,*,#5776,.F.);
#4584=ORIENTED_EDGE('',*,*,#5777,.F.);
#4585=ORIENTED_EDGE('',*,*,#5775,.F.);
#4586=EDGE_CURVE('',#6674,#6675,#5778,.T.);
#4587=EDGE_CURVE('',#6675,#6676,#5779,.T.);
#4588=EDGE_CURVE('',#6677,#6676,#5780,.T.);
#4589=EDGE_CURVE('',#6674,#6677,#5781,.T.);
#4590=EDGE_CURVE('',#6675,#6678,#5782,.T.);
#4591=EDGE_CURVE('',#6678,#6679,#5783,.T.);
#4592=EDGE_CURVE('',#6676,#6679,#5784,.T.);
#4593=EDGE_CURVE('',#6678,#6680,#5785,.T.);
#4594=EDGE_CURVE('',#6680,#6681,#5786,.T.);
#4595=EDGE_CURVE('',#6679,#6681,#5787,.T.);
#4596=EDGE_CURVE('',#6680,#6674,#5788,.T.);
#4597=EDGE_CURVE('',#6681,#6677,#5789,.T.);
#4598=EDGE_CURVE('',#6682,#6683,#5790,.T.);
#4599=EDGE_CURVE('',#6683,#6684,#5791,.T.);
#4600=EDGE_CURVE('',#6685,#6684,#5792,.T.);
#4601=EDGE_CURVE('',#6682,#6685,#5793,.T.);
#4602=EDGE_CURVE('',#6683,#6686,#5794,.T.);
#4603=EDGE_CURVE('',#6686,#6687,#5795,.T.);
#4604=EDGE_CURVE('',#6684,#6687,#5796,.T.);
#4605=EDGE_CURVE('',#6686,#6688,#5797,.T.);
#4606=EDGE_CURVE('',#6688,#6689,#5798,.T.);
#4607=EDGE_CURVE('',#6687,#6689,#5799,.T.);
#4608=EDGE_CURVE('',#6688,#6682,#5800,.T.);
#4609=EDGE_CURVE('',#6689,#6685,#5801,.T.);
#4610=EDGE_CURVE('',#6690,#6691,#5802,.T.);
#4611=EDGE_CURVE('',#6691,#6692,#5803,.T.);
#4612=EDGE_CURVE('',#6693,#6692,#5804,.T.);
#4613=EDGE_CURVE('',#6690,#6693,#5805,.T.);
#4614=EDGE_CURVE('',#6691,#6694,#5806,.T.);
#4615=EDGE_CURVE('',#6694,#6695,#5807,.T.);
#4616=EDGE_CURVE('',#6692,#6695,#5808,.T.);
#4617=EDGE_CURVE('',#6694,#6696,#5809,.T.);
#4618=EDGE_CURVE('',#6696,#6697,#5810,.T.);
#4619=EDGE_CURVE('',#6695,#6697,#5811,.T.);
#4620=EDGE_CURVE('',#6696,#6690,#5812,.T.);
#4621=EDGE_CURVE('',#6697,#6693,#5813,.T.);
#4622=EDGE_CURVE('',#6698,#6699,#5814,.T.);
#4623=EDGE_CURVE('',#6699,#6700,#5815,.T.);
#4624=EDGE_CURVE('',#6701,#6700,#5816,.T.);
#4625=EDGE_CURVE('',#6698,#6701,#5817,.T.);
#4626=EDGE_CURVE('',#6699,#6702,#5818,.T.);
#4627=EDGE_CURVE('',#6702,#6703,#5819,.T.);
#4628=EDGE_CURVE('',#6700,#6703,#5820,.T.);
#4629=EDGE_CURVE('',#6702,#6704,#5821,.T.);
#4630=EDGE_CURVE('',#6704,#6705,#5822,.T.);
#4631=EDGE_CURVE('',#6703,#6705,#5823,.T.);
#4632=EDGE_CURVE('',#6704,#6698,#5824,.T.);
#4633=EDGE_CURVE('',#6705,#6701,#5825,.T.);
#4634=EDGE_CURVE('',#6706,#6707,#5826,.T.);
#4635=EDGE_CURVE('',#6707,#6708,#5827,.T.);
#4636=EDGE_CURVE('',#6709,#6708,#5828,.T.);
#4637=EDGE_CURVE('',#6706,#6709,#5829,.T.);
#4638=EDGE_CURVE('',#6707,#6710,#5830,.T.);
#4639=EDGE_CURVE('',#6710,#6711,#5831,.T.);
#4640=EDGE_CURVE('',#6708,#6711,#5832,.T.);
#4641=EDGE_CURVE('',#6710,#6712,#5833,.T.);
#4642=EDGE_CURVE('',#6712,#6713,#5834,.T.);
#4643=EDGE_CURVE('',#6711,#6713,#5835,.T.);
#4644=EDGE_CURVE('',#6712,#6706,#5836,.T.);
#4645=EDGE_CURVE('',#6713,#6709,#5837,.T.);
#4646=EDGE_CURVE('',#6714,#6715,#5838,.T.);
#4647=EDGE_CURVE('',#6715,#6716,#5839,.T.);
#4648=EDGE_CURVE('',#6717,#6716,#5840,.T.);
#4649=EDGE_CURVE('',#6714,#6717,#5841,.T.);
#4650=EDGE_CURVE('',#6715,#6718,#5842,.T.);
#4651=EDGE_CURVE('',#6718,#6719,#5843,.T.);
#4652=EDGE_CURVE('',#6716,#6719,#5844,.T.);
#4653=EDGE_CURVE('',#6718,#6720,#5845,.T.);
#4654=EDGE_CURVE('',#6720,#6721,#5846,.T.);
#4655=EDGE_CURVE('',#6719,#6721,#5847,.T.);
#4656=EDGE_CURVE('',#6720,#6714,#5848,.T.);
#4657=EDGE_CURVE('',#6721,#6717,#5849,.T.);
#4658=EDGE_CURVE('',#6722,#6723,#5850,.T.);
#4659=EDGE_CURVE('',#6723,#6724,#5851,.T.);
#4660=EDGE_CURVE('',#6725,#6724,#5852,.T.);
#4661=EDGE_CURVE('',#6722,#6725,#5853,.T.);
#4662=EDGE_CURVE('',#6723,#6726,#5854,.T.);
#4663=EDGE_CURVE('',#6726,#6727,#5855,.T.);
#4664=EDGE_CURVE('',#6724,#6727,#5856,.T.);
#4665=EDGE_CURVE('',#6726,#6728,#5857,.T.);
#4666=EDGE_CURVE('',#6728,#6729,#5858,.T.);
#4667=EDGE_CURVE('',#6727,#6729,#5859,.T.);
#4668=EDGE_CURVE('',#6728,#6722,#5860,.T.);
#4669=EDGE_CURVE('',#6729,#6725,#5861,.T.);
#4670=EDGE_CURVE('',#6730,#6731,#5862,.T.);
#4671=EDGE_CURVE('',#6731,#6732,#5863,.T.);
#4672=EDGE_CURVE('',#6733,#6732,#5864,.T.);
#4673=EDGE_CURVE('',#6730,#6733,#5865,.T.);
#4674=EDGE_CURVE('',#6731,#6734,#5866,.T.);
#4675=EDGE_CURVE('',#6734,#6735,#5867,.T.);
#4676=EDGE_CURVE('',#6732,#6735,#5868,.T.);
#4677=EDGE_CURVE('',#6734,#6736,#5869,.T.);
#4678=EDGE_CURVE('',#6736,#6737,#5870,.T.);
#4679=EDGE_CURVE('',#6735,#6737,#5871,.T.);
#4680=EDGE_CURVE('',#6736,#6730,#5872,.T.);
#4681=EDGE_CURVE('',#6737,#6733,#5873,.T.);
#4682=EDGE_CURVE('',#6738,#6739,#5874,.T.);
#4683=EDGE_CURVE('',#6739,#6740,#5875,.T.);
#4684=EDGE_CURVE('',#6741,#6740,#5876,.T.);
#4685=EDGE_CURVE('',#6738,#6741,#5877,.T.);
#4686=EDGE_CURVE('',#6739,#6742,#5878,.T.);
#4687=EDGE_CURVE('',#6742,#6743,#5879,.T.);
#4688=EDGE_CURVE('',#6740,#6743,#5880,.T.);
#4689=EDGE_CURVE('',#6742,#6744,#5881,.T.);
#4690=EDGE_CURVE('',#6744,#6745,#5882,.T.);
#4691=EDGE_CURVE('',#6743,#6745,#5883,.T.);
#4692=EDGE_CURVE('',#6744,#6738,#5884,.T.);
#4693=EDGE_CURVE('',#6745,#6741,#5885,.T.);
#4694=EDGE_CURVE('',#6746,#6747,#5886,.T.);
#4695=EDGE_CURVE('',#6747,#6748,#5887,.T.);
#4696=EDGE_CURVE('',#6749,#6748,#5888,.T.);
#4697=EDGE_CURVE('',#6746,#6749,#5889,.T.);
#4698=EDGE_CURVE('',#6747,#6750,#5890,.T.);
#4699=EDGE_CURVE('',#6750,#6751,#5891,.T.);
#4700=EDGE_CURVE('',#6748,#6751,#5892,.T.);
#4701=EDGE_CURVE('',#6750,#6752,#5893,.T.);
#4702=EDGE_CURVE('',#6752,#6753,#5894,.T.);
#4703=EDGE_CURVE('',#6751,#6753,#5895,.T.);
#4704=EDGE_CURVE('',#6752,#6746,#5896,.T.);
#4705=EDGE_CURVE('',#6753,#6749,#5897,.T.);
#4706=EDGE_CURVE('',#6754,#6755,#5898,.T.);
#4707=EDGE_CURVE('',#6755,#6756,#5899,.T.);
#4708=EDGE_CURVE('',#6757,#6756,#5900,.T.);
#4709=EDGE_CURVE('',#6754,#6757,#5901,.T.);
#4710=EDGE_CURVE('',#6755,#6758,#5902,.T.);
#4711=EDGE_CURVE('',#6758,#6759,#5903,.T.);
#4712=EDGE_CURVE('',#6756,#6759,#5904,.T.);
#4713=EDGE_CURVE('',#6758,#6760,#5905,.T.);
#4714=EDGE_CURVE('',#6760,#6761,#5906,.T.);
#4715=EDGE_CURVE('',#6759,#6761,#5907,.T.);
#4716=EDGE_CURVE('',#6760,#6754,#5908,.T.);
#4717=EDGE_CURVE('',#6761,#6757,#5909,.T.);
#4718=EDGE_CURVE('',#6762,#6763,#5910,.T.);
#4719=EDGE_CURVE('',#6763,#6764,#5911,.T.);
#4720=EDGE_CURVE('',#6765,#6764,#5912,.T.);
#4721=EDGE_CURVE('',#6762,#6765,#5913,.T.);
#4722=EDGE_CURVE('',#6763,#6766,#5914,.T.);
#4723=EDGE_CURVE('',#6766,#6767,#5915,.T.);
#4724=EDGE_CURVE('',#6764,#6767,#5916,.T.);
#4725=EDGE_CURVE('',#6766,#6768,#5917,.T.);
#4726=EDGE_CURVE('',#6768,#6769,#5918,.T.);
#4727=EDGE_CURVE('',#6767,#6769,#5919,.T.);
#4728=EDGE_CURVE('',#6768,#6762,#5920,.T.);
#4729=EDGE_CURVE('',#6769,#6765,#5921,.T.);
#4730=EDGE_CURVE('',#6770,#6771,#5922,.T.);
#4731=EDGE_CURVE('',#6771,#6772,#5923,.T.);
#4732=EDGE_CURVE('',#6773,#6772,#5924,.T.);
#4733=EDGE_CURVE('',#6770,#6773,#5925,.T.);
#4734=EDGE_CURVE('',#6771,#6774,#5926,.T.);
#4735=EDGE_CURVE('',#6774,#6775,#5927,.T.);
#4736=EDGE_CURVE('',#6772,#6775,#5928,.T.);
#4737=EDGE_CURVE('',#6774,#6776,#5929,.T.);
#4738=EDGE_CURVE('',#6776,#6777,#5930,.T.);
#4739=EDGE_CURVE('',#6775,#6777,#5931,.T.);
#4740=EDGE_CURVE('',#6776,#6770,#5932,.T.);
#4741=EDGE_CURVE('',#6777,#6773,#5933,.T.);
#4742=EDGE_CURVE('',#6779,#6780,#5934,.T.);
#4743=EDGE_CURVE('',#6778,#6781,#5935,.T.);
#4744=EDGE_CURVE('',#6779,#6939,#5936,.T.);
#4745=EDGE_CURVE('',#6782,#6783,#5937,.T.);
#4746=EDGE_CURVE('',#6780,#6968,#5938,.T.);
#4747=EDGE_CURVE('',#6782,#6941,#5939,.T.);
#4748=EDGE_CURVE('',#6784,#6785,#5940,.T.);
#4749=EDGE_CURVE('',#6783,#6969,#5941,.T.);
#4750=EDGE_CURVE('',#6786,#6787,#5942,.T.);
#4751=EDGE_CURVE('',#6786,#6943,#5943,.T.);
#4752=EDGE_CURVE('',#6788,#6789,#5944,.T.);
#4753=EDGE_CURVE('',#6787,#6971,#5945,.T.);
#4754=EDGE_CURVE('',#6788,#6790,#5946,.T.);
#4755=EDGE_CURVE('',#6790,#6791,#5947,.T.);
#4756=EDGE_CURVE('',#6789,#6791,#5948,.T.);
#4757=EDGE_CURVE('',#6792,#6793,#5949,.T.);
#4758=EDGE_CURVE('',#6792,#6945,#5950,.T.);
#4759=EDGE_CURVE('',#6794,#6795,#5951,.T.);
#4760=EDGE_CURVE('',#6793,#6974,#5952,.T.);
#4761=EDGE_CURVE('',#6794,#6947,#5953,.T.);
#4762=EDGE_CURVE('',#6796,#6797,#5954,.T.);
#4763=EDGE_CURVE('',#6795,#6975,#5955,.T.);
#4764=EDGE_CURVE('',#6796,#6798,#5956,.T.);
#4765=EDGE_CURVE('',#6798,#6799,#5957,.T.);
#4766=EDGE_CURVE('',#6797,#6799,#5958,.T.);
#4767=EDGE_CURVE('',#6798,#6800,#5959,.T.);
#4768=EDGE_CURVE('',#6800,#6801,#5960,.T.);
#4769=EDGE_CURVE('',#6799,#6801,#5961,.T.);
#4770=EDGE_CURVE('',#6800,#6802,#5962,.T.);
#4771=EDGE_CURVE('',#6802,#6803,#5963,.T.);
#4772=EDGE_CURVE('',#6801,#6803,#5964,.T.);
#4773=EDGE_CURVE('',#6804,#6805,#5965,.T.);
#4774=EDGE_CURVE('',#6804,#6949,#5966,.T.);
#4775=EDGE_CURVE('',#6806,#6807,#5967,.T.);
#4776=EDGE_CURVE('',#6805,#6978,#5968,.T.);
#4777=EDGE_CURVE('',#6806,#6951,#5969,.T.);
#4778=EDGE_CURVE('',#6808,#6809,#5970,.T.);
#4779=EDGE_CURVE('',#6807,#6979,#5971,.T.);
#4780=EDGE_CURVE('',#6808,#6810,#5972,.T.);
#4781=EDGE_CURVE('',#6810,#6811,#5973,.T.);
#4782=EDGE_CURVE('',#6809,#6811,#5974,.T.);
#4783=EDGE_CURVE('',#6812,#6813,#5975,.T.);
#4784=EDGE_CURVE('',#6812,#6953,#5976,.T.);
#4785=EDGE_CURVE('',#6814,#6815,#5977,.T.);
#4786=EDGE_CURVE('',#6813,#6982,#5978,.T.);
#4787=EDGE_CURVE('',#6814,#6955,#5979,.T.);
#4788=EDGE_CURVE('',#6816,#6817,#5980,.T.);
#4789=EDGE_CURVE('',#6815,#6983,#5981,.T.);
#4790=EDGE_CURVE('',#6816,#6818,#5982,.T.);
#4791=EDGE_CURVE('',#6818,#6819,#5983,.T.);
#4792=EDGE_CURVE('',#6817,#6819,#5984,.T.);
#4793=EDGE_CURVE('',#6820,#6821,#5985,.T.);
#4794=EDGE_CURVE('',#6820,#6957,#5986,.T.);
#4795=EDGE_CURVE('',#6822,#6823,#5987,.T.);
#4796=EDGE_CURVE('',#6821,#6986,#5988,.T.);
#4797=EDGE_CURVE('',#6822,#6959,#5989,.T.);
#4798=EDGE_CURVE('',#6824,#6825,#5990,.T.);
#4799=EDGE_CURVE('',#6823,#6987,#5991,.T.);
#4800=EDGE_CURVE('',#6824,#6826,#5992,.T.);
#4801=EDGE_CURVE('',#6826,#6827,#5993,.T.);
#4802=EDGE_CURVE('',#6825,#6827,#5994,.T.);
#4803=EDGE_CURVE('',#6826,#6828,#5995,.T.);
#4804=EDGE_CURVE('',#6828,#6829,#5996,.T.);
#4805=EDGE_CURVE('',#6827,#6829,#5997,.T.);
#4806=EDGE_CURVE('',#6828,#6830,#5998,.T.);
#4807=EDGE_CURVE('',#6830,#6831,#5999,.T.);
#4808=EDGE_CURVE('',#6829,#6831,#6000,.T.);
#4809=EDGE_CURVE('',#6832,#6833,#6001,.T.);
#4810=EDGE_CURVE('',#6832,#6961,#6002,.T.);
#4811=EDGE_CURVE('',#6834,#6835,#6003,.T.);
#4812=EDGE_CURVE('',#6833,#6990,#6004,.T.);
#4813=EDGE_CURVE('',#6834,#6963,#6005,.T.);
#4814=EDGE_CURVE('',#6836,#6837,#6006,.T.);
#4815=EDGE_CURVE('',#6835,#6991,#6007,.T.);
#4816=EDGE_CURVE('',#6838,#6839,#6008,.T.);
#4817=EDGE_CURVE('',#6838,#6965,#6009,.T.);
#4818=EDGE_CURVE('',#6840,#6841,#6010,.T.);
#4819=EDGE_CURVE('',#6839,#6993,#6011,.T.);
#4820=EDGE_CURVE('',#6840,#6778,#32,.T.);
#4821=EDGE_CURVE('',#6841,#6781,#33,.T.);
#4822=EDGE_CURVE('',#6938,#6779,#6012,.T.);
#4823=EDGE_CURVE('',#6966,#6780,#6013,.T.);
#4824=EDGE_CURVE('',#6940,#6782,#6014,.T.);
#4825=EDGE_CURVE('',#6967,#6783,#6015,.T.);
#4826=EDGE_CURVE('',#6942,#6786,#6016,.T.);
#4827=EDGE_CURVE('',#6970,#6787,#6017,.T.);
#4828=EDGE_CURVE('',#6944,#6792,#6018,.T.);
#4829=EDGE_CURVE('',#6972,#6793,#6019,.T.);
#4830=EDGE_CURVE('',#6946,#6794,#6020,.T.);
#4831=EDGE_CURVE('',#6973,#6795,#6021,.T.);
#4832=EDGE_CURVE('',#6948,#6804,#6022,.T.);
#4833=EDGE_CURVE('',#6976,#6805,#6023,.T.);
#4834=EDGE_CURVE('',#6950,#6806,#6024,.T.);
#4835=EDGE_CURVE('',#6977,#6807,#6025,.T.);
#4836=EDGE_CURVE('',#6952,#6812,#6026,.T.);
#4837=EDGE_CURVE('',#6980,#6813,#6027,.T.);
#4838=EDGE_CURVE('',#6954,#6814,#6028,.T.);
#4839=EDGE_CURVE('',#6981,#6815,#6029,.T.);
#4840=EDGE_CURVE('',#6956,#6820,#6030,.T.);
#4841=EDGE_CURVE('',#6984,#6821,#6031,.T.);
#4842=EDGE_CURVE('',#6958,#6822,#6032,.T.);
#4843=EDGE_CURVE('',#6985,#6823,#6033,.T.);
#4844=EDGE_CURVE('',#6960,#6832,#6034,.T.);
#4845=EDGE_CURVE('',#6988,#6833,#6035,.T.);
#4846=EDGE_CURVE('',#6962,#6834,#6036,.T.);
#4847=EDGE_CURVE('',#6989,#6835,#6037,.T.);
#4848=EDGE_CURVE('',#6964,#6838,#6038,.T.);
#4849=EDGE_CURVE('',#6992,#6839,#6039,.T.);
#4850=EDGE_CURVE('',#6842,#6844,#6040,.T.);
#4851=EDGE_CURVE('',#6843,#6845,#6041,.T.);
#4852=EDGE_CURVE('',#6842,#6843,#6042,.T.);
#4853=EDGE_CURVE('',#6844,#6845,#6043,.T.);
#4854=EDGE_CURVE('',#6846,#6847,#6044,.T.);
#4855=EDGE_CURVE('',#6844,#6846,#6045,.T.);
#4856=EDGE_CURVE('',#6845,#6847,#6046,.T.);
#4857=EDGE_CURVE('',#6848,#6849,#6047,.T.);
#4858=EDGE_CURVE('',#6846,#6848,#6048,.T.);
#4859=EDGE_CURVE('',#6847,#6849,#6049,.T.);
#4860=EDGE_CURVE('',#6850,#6851,#6050,.T.);
#4861=EDGE_CURVE('',#6850,#6852,#6051,.T.);
#4862=EDGE_CURVE('',#6851,#6853,#6052,.T.);
#4863=EDGE_CURVE('',#6852,#6853,#6053,.T.);
#4864=EDGE_CURVE('',#6854,#6855,#6054,.T.);
#4865=EDGE_CURVE('',#6852,#6854,#6055,.T.);
#4866=EDGE_CURVE('',#6853,#6855,#6056,.T.);
#4867=EDGE_CURVE('',#6856,#6857,#6057,.T.);
#4868=EDGE_CURVE('',#6856,#6858,#6058,.T.);
#4869=EDGE_CURVE('',#6858,#6859,#6059,.T.);
#4870=EDGE_CURVE('',#6857,#6859,#6060,.T.);
#4871=EDGE_CURVE('',#6860,#6861,#6061,.T.);
#4872=EDGE_CURVE('',#6860,#6862,#6062,.T.);
#4873=EDGE_CURVE('',#6861,#6863,#6063,.T.);
#4874=EDGE_CURVE('',#6862,#6863,#6064,.T.);
#4875=EDGE_CURVE('',#6864,#6865,#6065,.T.);
#4876=EDGE_CURVE('',#6862,#6864,#6066,.T.);
#4877=EDGE_CURVE('',#6863,#6865,#6067,.T.);
#4878=EDGE_CURVE('',#6866,#6867,#6068,.T.);
#4879=EDGE_CURVE('',#6864,#6866,#6069,.T.);
#4880=EDGE_CURVE('',#6865,#6867,#6070,.T.);
#4881=EDGE_CURVE('',#6868,#6869,#6071,.T.);
#4882=EDGE_CURVE('',#6868,#6870,#6072,.T.);
#4883=EDGE_CURVE('',#6870,#6871,#6073,.T.);
#4884=EDGE_CURVE('',#6869,#6871,#6074,.T.);
#4885=EDGE_CURVE('',#6872,#6873,#6075,.T.);
#4886=EDGE_CURVE('',#6872,#6874,#6076,.T.);
#4887=EDGE_CURVE('',#6874,#6875,#6077,.T.);
#4888=EDGE_CURVE('',#6873,#6875,#6078,.T.);
#4889=EDGE_CURVE('',#6876,#6877,#6079,.T.);
#4890=EDGE_CURVE('',#6876,#6878,#6080,.T.);
#4891=EDGE_CURVE('',#6878,#6879,#6081,.T.);
#4892=EDGE_CURVE('',#6877,#6879,#6082,.T.);
#4893=EDGE_CURVE('',#6880,#6881,#6083,.T.);
#4894=EDGE_CURVE('',#6880,#6882,#6084,.T.);
#4895=EDGE_CURVE('',#6881,#6883,#6085,.T.);
#4896=EDGE_CURVE('',#6882,#6883,#6086,.T.);
#4897=EDGE_CURVE('',#6884,#6885,#6087,.T.);
#4898=EDGE_CURVE('',#6882,#6884,#6088,.T.);
#4899=EDGE_CURVE('',#6883,#6885,#6089,.T.);
#4900=EDGE_CURVE('',#6886,#6887,#6090,.T.);
#4901=EDGE_CURVE('',#6884,#6886,#6091,.T.);
#4902=EDGE_CURVE('',#6885,#6887,#6092,.T.);
#4903=EDGE_CURVE('',#6888,#6889,#6093,.T.);
#4904=EDGE_CURVE('',#6888,#6890,#6094,.T.);
#4905=EDGE_CURVE('',#6890,#6891,#6095,.T.);
#4906=EDGE_CURVE('',#6889,#6891,#6096,.T.);
#4907=EDGE_CURVE('',#6892,#6893,#6097,.T.);
#4908=EDGE_CURVE('',#6892,#6894,#6098,.T.);
#4909=EDGE_CURVE('',#6893,#6895,#6099,.T.);
#4910=EDGE_CURVE('',#6894,#6895,#6100,.T.);
#4911=EDGE_CURVE('',#6896,#6897,#6101,.T.);
#4912=EDGE_CURVE('',#6894,#6896,#6102,.T.);
#4913=EDGE_CURVE('',#6895,#6897,#6103,.T.);
#4914=EDGE_CURVE('',#6898,#6899,#6104,.T.);
#4915=EDGE_CURVE('',#6896,#6898,#6105,.T.);
#4916=EDGE_CURVE('',#6897,#6899,#6106,.T.);
#4917=EDGE_CURVE('',#6900,#6901,#6107,.T.);
#4918=EDGE_CURVE('',#6900,#6902,#6108,.T.);
#4919=EDGE_CURVE('',#6902,#6903,#6109,.T.);
#4920=EDGE_CURVE('',#6901,#6903,#6110,.T.);
#4921=EDGE_CURVE('',#6904,#6905,#6111,.T.);
#4922=EDGE_CURVE('',#6904,#6906,#6112,.T.);
#4923=EDGE_CURVE('',#6905,#6907,#6113,.T.);
#4924=EDGE_CURVE('',#6906,#6907,#6114,.T.);
#4925=EDGE_CURVE('',#6908,#6909,#6115,.T.);
#4926=EDGE_CURVE('',#6906,#6908,#6116,.T.);
#4927=EDGE_CURVE('',#6907,#6909,#6117,.T.);
#4928=EDGE_CURVE('',#6910,#6911,#6118,.T.);
#4929=EDGE_CURVE('',#6908,#6910,#6119,.T.);
#4930=EDGE_CURVE('',#6909,#6911,#6120,.T.);
#4931=EDGE_CURVE('',#6912,#6913,#6121,.T.);
#4932=EDGE_CURVE('',#6912,#6914,#6122,.T.);
#4933=EDGE_CURVE('',#6914,#6915,#6123,.T.);
#4934=EDGE_CURVE('',#6913,#6915,#6124,.T.);
#4935=EDGE_CURVE('',#6916,#6917,#6125,.T.);
#4936=EDGE_CURVE('',#6916,#6918,#6126,.T.);
#4937=EDGE_CURVE('',#6918,#6919,#6127,.T.);
#4938=EDGE_CURVE('',#6917,#6919,#6128,.T.);
#4939=EDGE_CURVE('',#6920,#6921,#6129,.T.);
#4940=EDGE_CURVE('',#6920,#6922,#6130,.T.);
#4941=EDGE_CURVE('',#6922,#6923,#6131,.T.);
#4942=EDGE_CURVE('',#6921,#6923,#6132,.T.);
#4943=EDGE_CURVE('',#6924,#6925,#6133,.T.);
#4944=EDGE_CURVE('',#6924,#6926,#6134,.T.);
#4945=EDGE_CURVE('',#6925,#6927,#6135,.T.);
#4946=EDGE_CURVE('',#6926,#6927,#6136,.T.);
#4947=EDGE_CURVE('',#6928,#6929,#6137,.T.);
#4948=EDGE_CURVE('',#6926,#6928,#6138,.T.);
#4949=EDGE_CURVE('',#6927,#6929,#6139,.T.);
#4950=EDGE_CURVE('',#6930,#6931,#6140,.T.);
#4951=EDGE_CURVE('',#6928,#6930,#6141,.T.);
#4952=EDGE_CURVE('',#6929,#6931,#6142,.T.);
#4953=EDGE_CURVE('',#6932,#6933,#6143,.T.);
#4954=EDGE_CURVE('',#6932,#6934,#6144,.T.);
#4955=EDGE_CURVE('',#6933,#6935,#6145,.T.);
#4956=EDGE_CURVE('',#6934,#6935,#6146,.T.);
#4957=EDGE_CURVE('',#6936,#6937,#6147,.T.);
#4958=EDGE_CURVE('',#6934,#6936,#6148,.T.);
#4959=EDGE_CURVE('',#6935,#6937,#6149,.T.);
#4960=EDGE_CURVE('',#6849,#6851,#34,.T.);
#4961=EDGE_CURVE('',#6850,#6848,#35,.T.);
#4962=EDGE_CURVE('',#6855,#6857,#36,.T.);
#4963=EDGE_CURVE('',#6856,#6854,#37,.T.);
#4964=EDGE_CURVE('',#6859,#6861,#38,.T.);
#4965=EDGE_CURVE('',#6860,#6858,#39,.T.);
#4966=EDGE_CURVE('',#6867,#6869,#40,.T.);
#4967=EDGE_CURVE('',#6868,#6866,#41,.T.);
#4968=EDGE_CURVE('',#6871,#6873,#42,.T.);
#4969=EDGE_CURVE('',#6872,#6870,#43,.T.);
#4970=EDGE_CURVE('',#6875,#6877,#44,.T.);
#4971=EDGE_CURVE('',#6876,#6874,#45,.T.);
#4972=EDGE_CURVE('',#6879,#6881,#46,.T.);
#4973=EDGE_CURVE('',#6880,#6878,#47,.T.);
#4974=EDGE_CURVE('',#6887,#6889,#48,.T.);
#4975=EDGE_CURVE('',#6888,#6886,#49,.T.);
#4976=EDGE_CURVE('',#6891,#6893,#50,.T.);
#4977=EDGE_CURVE('',#6892,#6890,#51,.T.);
#4978=EDGE_CURVE('',#6899,#6901,#52,.T.);
#4979=EDGE_CURVE('',#6900,#6898,#53,.T.);
#4980=EDGE_CURVE('',#6903,#6905,#54,.T.);
#4981=EDGE_CURVE('',#6904,#6902,#55,.T.);
#4982=EDGE_CURVE('',#6911,#6913,#56,.T.);
#4983=EDGE_CURVE('',#6912,#6910,#57,.T.);
#4984=EDGE_CURVE('',#6915,#6917,#58,.T.);
#4985=EDGE_CURVE('',#6916,#6914,#59,.T.);
#4986=EDGE_CURVE('',#6919,#6921,#60,.T.);
#4987=EDGE_CURVE('',#6920,#6918,#61,.T.);
#4988=EDGE_CURVE('',#6923,#6925,#62,.T.);
#4989=EDGE_CURVE('',#6924,#6922,#63,.T.);
#4990=EDGE_CURVE('',#6931,#6933,#64,.T.);
#4991=EDGE_CURVE('',#6932,#6930,#65,.T.);
#4992=EDGE_CURVE('',#6778,#6842,#66,.T.);
#4993=EDGE_CURVE('',#6936,#6842,#67,.T.);
#4994=EDGE_CURVE('',#6936,#6840,#68,.T.);
#4995=EDGE_CURVE('',#6778,#6938,#6150,.T.);
#4996=EDGE_CURVE('',#6938,#6844,#6151,.T.);
#4997=EDGE_CURVE('',#6939,#6940,#6152,.T.);
#4998=EDGE_CURVE('',#6940,#6846,#6153,.T.);
#4999=EDGE_CURVE('',#6844,#6939,#6154,.T.);
#5000=EDGE_CURVE('',#6941,#6784,#6155,.T.);
#5001=EDGE_CURVE('',#6784,#6848,#6156,.T.);
#5002=EDGE_CURVE('',#6846,#6941,#6157,.T.);
#5003=EDGE_CURVE('',#6784,#6942,#6158,.T.);
#5004=EDGE_CURVE('',#6942,#6852,#6159,.T.);
#5005=EDGE_CURVE('',#6850,#6784,#6160,.T.);
#5006=EDGE_CURVE('',#6943,#6788,#6161,.T.);
#5007=EDGE_CURVE('',#6788,#6854,#6162,.T.);
#5008=EDGE_CURVE('',#6852,#6943,#6163,.T.);
#5009=EDGE_CURVE('',#6790,#6858,#6164,.T.);
#5010=EDGE_CURVE('',#6856,#6788,#6165,.T.);
#5011=EDGE_CURVE('',#6790,#6944,#6166,.T.);
#5012=EDGE_CURVE('',#6944,#6862,#6167,.T.);
#5013=EDGE_CURVE('',#6860,#6790,#6168,.T.);
#5014=EDGE_CURVE('',#6945,#6946,#6169,.T.);
#5015=EDGE_CURVE('',#6946,#6864,#6170,.T.);
#5016=EDGE_CURVE('',#6862,#6945,#6171,.T.);
#5017=EDGE_CURVE('',#6947,#6796,#6172,.T.);
#5018=EDGE_CURVE('',#6796,#6866,#6173,.T.);
#5019=EDGE_CURVE('',#6864,#6947,#6174,.T.);
#5020=EDGE_CURVE('',#6798,#6870,#6175,.T.);
#5021=EDGE_CURVE('',#6868,#6796,#6176,.T.);
#5022=EDGE_CURVE('',#6800,#6874,#6177,.T.);
#5023=EDGE_CURVE('',#6872,#6798,#6178,.T.);
#5024=EDGE_CURVE('',#6802,#6878,#6179,.T.);
#5025=EDGE_CURVE('',#6876,#6800,#6180,.T.);
#5026=EDGE_CURVE('',#6802,#6948,#6181,.T.);
#5027=EDGE_CURVE('',#6948,#6882,#6182,.T.);
#5028=EDGE_CURVE('',#6880,#6802,#6183,.T.);
#5029=EDGE_CURVE('',#6949,#6950,#6184,.T.);
#5030=EDGE_CURVE('',#6950,#6884,#6185,.T.);
#5031=EDGE_CURVE('',#6882,#6949,#6186,.T.);
#5032=EDGE_CURVE('',#6951,#6808,#6187,.T.);
#5033=EDGE_CURVE('',#6808,#6886,#6188,.T.);
#5034=EDGE_CURVE('',#6884,#6951,#6189,.T.);
#5035=EDGE_CURVE('',#6810,#6890,#6190,.T.);
#5036=EDGE_CURVE('',#6888,#6808,#6191,.T.);
#5037=EDGE_CURVE('',#6810,#6952,#6192,.T.);
#5038=EDGE_CURVE('',#6952,#6894,#6193,.T.);
#5039=EDGE_CURVE('',#6892,#6810,#6194,.T.);
#5040=EDGE_CURVE('',#6953,#6954,#6195,.T.);
#5041=EDGE_CURVE('',#6954,#6896,#6196,.T.);
#5042=EDGE_CURVE('',#6894,#6953,#6197,.T.);
#5043=EDGE_CURVE('',#6955,#6816,#6198,.T.);
#5044=EDGE_CURVE('',#6816,#6898,#6199,.T.);
#5045=EDGE_CURVE('',#6896,#6955,#6200,.T.);
#5046=EDGE_CURVE('',#6818,#6902,#6201,.T.);
#5047=EDGE_CURVE('',#6900,#6816,#6202,.T.);
#5048=EDGE_CURVE('',#6818,#6956,#6203,.T.);
#5049=EDGE_CURVE('',#6956,#6906,#6204,.T.);
#5050=EDGE_CURVE('',#6904,#6818,#6205,.T.);
#5051=EDGE_CURVE('',#6957,#6958,#6206,.T.);
#5052=EDGE_CURVE('',#6958,#6908,#6207,.T.);
#5053=EDGE_CURVE('',#6906,#6957,#6208,.T.);
#5054=EDGE_CURVE('',#6959,#6824,#6209,.T.);
#5055=EDGE_CURVE('',#6824,#6910,#6210,.T.);
#5056=EDGE_CURVE('',#6908,#6959,#6211,.T.);
#5057=EDGE_CURVE('',#6826,#6914,#6212,.T.);
#5058=EDGE_CURVE('',#6912,#6824,#6213,.T.);
#5059=EDGE_CURVE('',#6828,#6918,#6214,.T.);
#5060=EDGE_CURVE('',#6916,#6826,#6215,.T.);
#5061=EDGE_CURVE('',#6830,#6922,#6216,.T.);
#5062=EDGE_CURVE('',#6920,#6828,#6217,.T.);
#5063=EDGE_CURVE('',#6830,#6960,#6218,.T.);
#5064=EDGE_CURVE('',#6960,#6926,#6219,.T.);
#5065=EDGE_CURVE('',#6924,#6830,#6220,.T.);
#5066=EDGE_CURVE('',#6961,#6962,#6221,.T.);
#5067=EDGE_CURVE('',#6962,#6928,#6222,.T.);
#5068=EDGE_CURVE('',#6926,#6961,#6223,.T.);
#5069=EDGE_CURVE('',#6963,#6836,#6224,.T.);
#5070=EDGE_CURVE('',#6836,#6930,#6225,.T.);
#5071=EDGE_CURVE('',#6928,#6963,#6226,.T.);
#5072=EDGE_CURVE('',#6836,#6964,#6227,.T.);
#5073=EDGE_CURVE('',#6964,#6934,#6228,.T.);
#5074=EDGE_CURVE('',#6932,#6836,#6229,.T.);
#5075=EDGE_CURVE('',#6965,#6840,#6230,.T.);
#5076=EDGE_CURVE('',#6934,#6965,#6231,.T.);
#5077=EDGE_CURVE('',#6966,#6781,#6232,.T.);
#5078=EDGE_CURVE('',#6781,#6843,#6233,.T.);
#5079=EDGE_CURVE('',#6845,#6966,#6234,.T.);
#5080=EDGE_CURVE('',#6967,#6968,#6235,.T.);
#5081=EDGE_CURVE('',#6968,#6845,#6236,.T.);
#5082=EDGE_CURVE('',#6847,#6967,#6237,.T.);
#5083=EDGE_CURVE('',#6785,#6969,#6238,.T.);
#5084=EDGE_CURVE('',#6969,#6847,#6239,.T.);
#5085=EDGE_CURVE('',#6849,#6785,#6240,.T.);
#5086=EDGE_CURVE('',#6970,#6785,#6241,.T.);
#5087=EDGE_CURVE('',#6785,#6851,#6242,.T.);
#5088=EDGE_CURVE('',#6853,#6970,#6243,.T.);
#5089=EDGE_CURVE('',#6789,#6971,#6244,.T.);
#5090=EDGE_CURVE('',#6971,#6853,#6245,.T.);
#5091=EDGE_CURVE('',#6855,#6789,#6246,.T.);
#5092=EDGE_CURVE('',#6789,#6857,#6247,.T.);
#5093=EDGE_CURVE('',#6859,#6791,#6248,.T.);
#5094=EDGE_CURVE('',#6972,#6791,#6249,.T.);
#5095=EDGE_CURVE('',#6791,#6861,#6250,.T.);
#5096=EDGE_CURVE('',#6863,#6972,#6251,.T.);
#5097=EDGE_CURVE('',#6973,#6974,#6252,.T.);
#5098=EDGE_CURVE('',#6974,#6863,#6253,.T.);
#5099=EDGE_CURVE('',#6865,#6973,#6254,.T.);
#5100=EDGE_CURVE('',#6797,#6975,#6255,.T.);
#5101=EDGE_CURVE('',#6975,#6865,#6256,.T.);
#5102=EDGE_CURVE('',#6867,#6797,#6257,.T.);
#5103=EDGE_CURVE('',#6797,#6869,#6258,.T.);
#5104=EDGE_CURVE('',#6871,#6799,#6259,.T.);
#5105=EDGE_CURVE('',#6799,#6873,#6260,.T.);
#5106=EDGE_CURVE('',#6875,#6801,#6261,.T.);
#5107=EDGE_CURVE('',#6801,#6877,#6262,.T.);
#5108=EDGE_CURVE('',#6879,#6803,#6263,.T.);
#5109=EDGE_CURVE('',#6976,#6803,#6264,.T.);
#5110=EDGE_CURVE('',#6803,#6881,#6265,.T.);
#5111=EDGE_CURVE('',#6883,#6976,#6266,.T.);
#5112=EDGE_CURVE('',#6977,#6978,#6267,.T.);
#5113=EDGE_CURVE('',#6978,#6883,#6268,.T.);
#5114=EDGE_CURVE('',#6885,#6977,#6269,.T.);
#5115=EDGE_CURVE('',#6809,#6979,#6270,.T.);
#5116=EDGE_CURVE('',#6979,#6885,#6271,.T.);
#5117=EDGE_CURVE('',#6887,#6809,#6272,.T.);
#5118=EDGE_CURVE('',#6809,#6889,#6273,.T.);
#5119=EDGE_CURVE('',#6891,#6811,#6274,.T.);
#5120=EDGE_CURVE('',#6980,#6811,#6275,.T.);
#5121=EDGE_CURVE('',#6811,#6893,#6276,.T.);
#5122=EDGE_CURVE('',#6895,#6980,#6277,.T.);
#5123=EDGE_CURVE('',#6981,#6982,#6278,.T.);
#5124=EDGE_CURVE('',#6982,#6895,#6279,.T.);
#5125=EDGE_CURVE('',#6897,#6981,#6280,.T.);
#5126=EDGE_CURVE('',#6817,#6983,#6281,.T.);
#5127=EDGE_CURVE('',#6983,#6897,#6282,.T.);
#5128=EDGE_CURVE('',#6899,#6817,#6283,.T.);
#5129=EDGE_CURVE('',#6817,#6901,#6284,.T.);
#5130=EDGE_CURVE('',#6903,#6819,#6285,.T.);
#5131=EDGE_CURVE('',#6984,#6819,#6286,.T.);
#5132=EDGE_CURVE('',#6819,#6905,#6287,.T.);
#5133=EDGE_CURVE('',#6907,#6984,#6288,.T.);
#5134=EDGE_CURVE('',#6985,#6986,#6289,.T.);
#5135=EDGE_CURVE('',#6986,#6907,#6290,.T.);
#5136=EDGE_CURVE('',#6909,#6985,#6291,.T.);
#5137=EDGE_CURVE('',#6825,#6987,#6292,.T.);
#5138=EDGE_CURVE('',#6987,#6909,#6293,.T.);
#5139=EDGE_CURVE('',#6911,#6825,#6294,.T.);
#5140=EDGE_CURVE('',#6825,#6913,#6295,.T.);
#5141=EDGE_CURVE('',#6915,#6827,#6296,.T.);
#5142=EDGE_CURVE('',#6827,#6917,#6297,.T.);
#5143=EDGE_CURVE('',#6919,#6829,#6298,.T.);
#5144=EDGE_CURVE('',#6829,#6921,#6299,.T.);
#5145=EDGE_CURVE('',#6923,#6831,#6300,.T.);
#5146=EDGE_CURVE('',#6988,#6831,#6301,.T.);
#5147=EDGE_CURVE('',#6831,#6925,#6302,.T.);
#5148=EDGE_CURVE('',#6927,#6988,#6303,.T.);
#5149=EDGE_CURVE('',#6989,#6990,#6304,.T.);
#5150=EDGE_CURVE('',#6990,#6927,#6305,.T.);
#5151=EDGE_CURVE('',#6929,#6989,#6306,.T.);
#5152=EDGE_CURVE('',#6837,#6991,#6307,.T.);
#5153=EDGE_CURVE('',#6991,#6929,#6308,.T.);
#5154=EDGE_CURVE('',#6931,#6837,#6309,.T.);
#5155=EDGE_CURVE('',#6992,#6837,#6310,.T.);
#5156=EDGE_CURVE('',#6837,#6933,#6311,.T.);
#5157=EDGE_CURVE('',#6935,#6992,#6312,.T.);
#5158=EDGE_CURVE('',#6841,#6993,#6313,.T.);
#5159=EDGE_CURVE('',#6993,#6935,#6314,.T.);
#5160=EDGE_CURVE('',#6937,#6841,#6315,.T.);
#5161=EDGE_CURVE('',#6937,#6843,#69,.T.);
#5162=EDGE_CURVE('',#6994,#6995,#70,.T.);
#5163=EDGE_CURVE('',#6995,#6996,#6316,.T.);
#5164=EDGE_CURVE('',#6996,#6997,#71,.T.);
#5165=EDGE_CURVE('',#6997,#6994,#6317,.T.);
#5166=EDGE_CURVE('',#6998,#6994,#6318,.T.);
#5167=EDGE_CURVE('',#6997,#6999,#6319,.T.);
#5168=EDGE_CURVE('',#6999,#6998,#6320,.T.);
#5169=EDGE_CURVE('',#6998,#7000,#72,.T.);
#5170=EDGE_CURVE('',#7001,#6999,#73,.T.);
#5171=EDGE_CURVE('',#7000,#7001,#6321,.T.);
#5172=EDGE_CURVE('',#6995,#7000,#6322,.T.);
#5173=EDGE_CURVE('',#7001,#6996,#6323,.T.);
#5174=EDGE_CURVE('',#7002,#7003,#74,.T.);
#5175=EDGE_CURVE('',#7003,#7004,#6324,.T.);
#5176=EDGE_CURVE('',#7004,#7005,#75,.T.);
#5177=EDGE_CURVE('',#7005,#7002,#6325,.T.);
#5178=EDGE_CURVE('',#7006,#7002,#6326,.T.);
#5179=EDGE_CURVE('',#7005,#7007,#6327,.T.);
#5180=EDGE_CURVE('',#7007,#7006,#6328,.T.);
#5181=EDGE_CURVE('',#7006,#7008,#76,.T.);
#5182=EDGE_CURVE('',#7009,#7007,#77,.T.);
#5183=EDGE_CURVE('',#7008,#7009,#6329,.T.);
#5184=EDGE_CURVE('',#7003,#7008,#6330,.T.);
#5185=EDGE_CURVE('',#7009,#7004,#6331,.T.);
#5186=EDGE_CURVE('',#7010,#7011,#78,.T.);
#5187=EDGE_CURVE('',#7011,#7012,#6332,.T.);
#5188=EDGE_CURVE('',#7012,#7013,#79,.T.);
#5189=EDGE_CURVE('',#7013,#7010,#6333,.T.);
#5190=EDGE_CURVE('',#7014,#7010,#6334,.T.);
#5191=EDGE_CURVE('',#7013,#7015,#6335,.T.);
#5192=EDGE_CURVE('',#7015,#7014,#6336,.T.);
#5193=EDGE_CURVE('',#7014,#7016,#80,.T.);
#5194=EDGE_CURVE('',#7017,#7015,#81,.T.);
#5195=EDGE_CURVE('',#7016,#7017,#6337,.T.);
#5196=EDGE_CURVE('',#7016,#7011,#6338,.T.);
#5197=EDGE_CURVE('',#7017,#7012,#6339,.T.);
#5198=EDGE_CURVE('',#7018,#7019,#82,.T.);
#5199=EDGE_CURVE('',#7019,#7020,#6340,.T.);
#5200=EDGE_CURVE('',#7020,#7021,#83,.T.);
#5201=EDGE_CURVE('',#7021,#7018,#6341,.T.);
#5202=EDGE_CURVE('',#7022,#7018,#6342,.T.);
#5203=EDGE_CURVE('',#7021,#7023,#6343,.T.);
#5204=EDGE_CURVE('',#7023,#7022,#6344,.T.);
#5205=EDGE_CURVE('',#7022,#7024,#84,.T.);
#5206=EDGE_CURVE('',#7025,#7023,#85,.T.);
#5207=EDGE_CURVE('',#7024,#7025,#6345,.T.);
#5208=EDGE_CURVE('',#7024,#7019,#6346,.T.);
#5209=EDGE_CURVE('',#7025,#7020,#6347,.T.);
#5210=EDGE_CURVE('',#7026,#7027,#6348,.T.);
#5211=EDGE_CURVE('',#7027,#7028,#6349,.T.);
#5212=EDGE_CURVE('',#7028,#7029,#6350,.T.);
#5213=EDGE_CURVE('',#7029,#7026,#6351,.T.);
#5214=EDGE_CURVE('',#7026,#7030,#86,.T.);
#5215=EDGE_CURVE('',#7031,#7029,#87,.T.);
#5216=EDGE_CURVE('',#7030,#7031,#6352,.T.);
#5217=EDGE_CURVE('',#7032,#7030,#6353,.T.);
#5218=EDGE_CURVE('',#7031,#7033,#6354,.T.);
#5219=EDGE_CURVE('',#7033,#7032,#6355,.T.);
#5220=EDGE_CURVE('',#7027,#7032,#88,.T.);
#5221=EDGE_CURVE('',#7033,#7028,#89,.T.);
#5222=EDGE_CURVE('',#7034,#7035,#90,.T.);
#5223=EDGE_CURVE('',#7035,#7036,#6356,.T.);
#5224=EDGE_CURVE('',#7036,#7037,#91,.T.);
#5225=EDGE_CURVE('',#7037,#7034,#6357,.T.);
#5226=EDGE_CURVE('',#7038,#7034,#6358,.T.);
#5227=EDGE_CURVE('',#7037,#7039,#6359,.T.);
#5228=EDGE_CURVE('',#7039,#7038,#6360,.T.);
#5229=EDGE_CURVE('',#7038,#7040,#92,.T.);
#5230=EDGE_CURVE('',#7041,#7039,#93,.T.);
#5231=EDGE_CURVE('',#7040,#7041,#6361,.T.);
#5232=EDGE_CURVE('',#7035,#7040,#6362,.T.);
#5233=EDGE_CURVE('',#7041,#7036,#6363,.T.);
#5234=EDGE_CURVE('',#7042,#7043,#6364,.T.);
#5235=EDGE_CURVE('',#7043,#7044,#6365,.T.);
#5236=EDGE_CURVE('',#7044,#7045,#6366,.T.);
#5237=EDGE_CURVE('',#7045,#7042,#6367,.T.);
#5238=EDGE_CURVE('',#7043,#7042,#94,.T.);
#5239=EDGE_CURVE('',#7045,#7044,#95,.T.);
#5240=EDGE_CURVE('',#7046,#7047,#6368,.T.);
#5241=EDGE_CURVE('',#7047,#7048,#6369,.T.);
#5242=EDGE_CURVE('',#7048,#7049,#6370,.T.);
#5243=EDGE_CURVE('',#7049,#7046,#6371,.T.);
#5244=EDGE_CURVE('',#7050,#7046,#96,.T.);
#5245=EDGE_CURVE('',#7049,#7051,#97,.T.);
#5246=EDGE_CURVE('',#7051,#7050,#6372,.T.);
#5247=EDGE_CURVE('',#7052,#7050,#6373,.T.);
#5248=EDGE_CURVE('',#7051,#7053,#6374,.T.);
#5249=EDGE_CURVE('',#7053,#7052,#6375,.T.);
#5250=EDGE_CURVE('',#7047,#7052,#98,.T.);
#5251=EDGE_CURVE('',#7053,#7048,#99,.T.);
#5252=EDGE_CURVE('',#7054,#7055,#100,.T.);
#5253=EDGE_CURVE('',#7055,#7056,#6376,.T.);
#5254=EDGE_CURVE('',#7056,#7057,#101,.T.);
#5255=EDGE_CURVE('',#7057,#7054,#6377,.T.);
#5256=EDGE_CURVE('',#7055,#7054,#6378,.T.);
#5257=EDGE_CURVE('',#7057,#7056,#6379,.T.);
#5258=EDGE_CURVE('',#7058,#7062,#102,.T.);
#5259=EDGE_CURVE('',#7059,#7063,#103,.T.);
#5260=EDGE_CURVE('',#7058,#7059,#6380,.T.);
#5261=EDGE_CURVE('',#7060,#7064,#104,.T.);
#5262=EDGE_CURVE('',#7061,#7065,#105,.T.);
#5263=EDGE_CURVE('',#7060,#7061,#6381,.T.);
#5264=EDGE_CURVE('',#7062,#7063,#6382,.T.);
#5265=EDGE_CURVE('',#7062,#7058,#106,.T.);
#5266=EDGE_CURVE('',#7063,#7059,#107,.T.);
#5267=EDGE_CURVE('',#7064,#7065,#6383,.T.);
#5268=EDGE_CURVE('',#7064,#7060,#108,.T.);
#5269=EDGE_CURVE('',#7065,#7061,#109,.T.);
#5270=EDGE_CURVE('',#7066,#7068,#110,.T.);
#5271=EDGE_CURVE('',#7067,#7069,#111,.T.);
#5272=EDGE_CURVE('',#7066,#7067,#6384,.T.);
#5273=EDGE_CURVE('',#7068,#7069,#6385,.T.);
#5274=EDGE_CURVE('',#7068,#7066,#112,.T.);
#5275=EDGE_CURVE('',#7069,#7067,#113,.T.);
#5276=EDGE_CURVE('',#7070,#7071,#114,.T.);
#5277=EDGE_CURVE('',#7071,#7072,#6386,.T.);
#5278=EDGE_CURVE('',#7072,#7073,#115,.T.);
#5279=EDGE_CURVE('',#7073,#7070,#6387,.T.);
#5280=EDGE_CURVE('',#7071,#7070,#6388,.T.);
#5281=EDGE_CURVE('',#7072,#7073,#6389,.T.);
#5282=EDGE_CURVE('',#7074,#7076,#116,.T.);
#5283=EDGE_CURVE('',#7075,#7077,#117,.T.);
#5284=EDGE_CURVE('',#7074,#7075,#6390,.T.);
#5285=EDGE_CURVE('',#7076,#7077,#6391,.T.);
#5286=EDGE_CURVE('',#7076,#7074,#118,.T.);
#5287=EDGE_CURVE('',#7077,#7075,#119,.T.);
#5288=EDGE_CURVE('',#7078,#7079,#120,.T.);
#5289=EDGE_CURVE('',#7079,#7080,#6392,.T.);
#5290=EDGE_CURVE('',#7080,#7081,#121,.T.);
#5291=EDGE_CURVE('',#7081,#7078,#6393,.T.);
#5292=EDGE_CURVE('',#7082,#7078,#6394,.T.);
#5293=EDGE_CURVE('',#7081,#7083,#6395,.T.);
#5294=EDGE_CURVE('',#7083,#7082,#6396,.T.);
#5295=EDGE_CURVE('',#7084,#7082,#122,.T.);
#5296=EDGE_CURVE('',#7083,#7085,#123,.T.);
#5297=EDGE_CURVE('',#7085,#7084,#6397,.T.);
#5298=EDGE_CURVE('',#7086,#7084,#124,.T.);
#5299=EDGE_CURVE('',#7085,#7087,#125,.T.);
#5300=EDGE_CURVE('',#7087,#7086,#6398,.T.);
#5301=EDGE_CURVE('',#7089,#7088,#6399,.T.);
#5302=EDGE_CURVE('',#7090,#7088,#126,.T.);
#5303=EDGE_CURVE('',#7089,#7091,#127,.T.);
#5304=EDGE_CURVE('',#7091,#7090,#6400,.T.);
#5305=EDGE_CURVE('',#7092,#7090,#128,.T.);
#5306=EDGE_CURVE('',#7091,#7093,#129,.T.);
#5307=EDGE_CURVE('',#7093,#7092,#6401,.T.);
#5308=EDGE_CURVE('',#7080,#7093,#6402,.T.);
#5309=EDGE_CURVE('',#7087,#7089,#130,.T.);
#5310=EDGE_CURVE('',#7079,#7092,#6403,.T.);
#5311=EDGE_CURVE('',#7088,#7086,#131,.T.);
#5312=EDGE_CURVE('',#7094,#7095,#132,.T.);
#5313=EDGE_CURVE('',#7095,#7096,#6404,.T.);
#5314=EDGE_CURVE('',#7096,#7097,#133,.T.);
#5315=EDGE_CURVE('',#7097,#7094,#6405,.T.);
#5316=EDGE_CURVE('',#7095,#7094,#6406,.T.);
#5317=EDGE_CURVE('',#7096,#7097,#6407,.T.);
#5318=EDGE_CURVE('',#7098,#7100,#134,.T.);
#5319=EDGE_CURVE('',#7099,#7101,#135,.T.);
#5320=EDGE_CURVE('',#7098,#7099,#6408,.T.);
#5321=EDGE_CURVE('',#7100,#7101,#6409,.T.);
#5322=EDGE_CURVE('',#7100,#7098,#136,.T.);
#5323=EDGE_CURVE('',#7101,#7099,#137,.T.);
#5324=EDGE_CURVE('',#7102,#7103,#138,.T.);
#5325=EDGE_CURVE('',#7103,#7104,#6410,.T.);
#5326=EDGE_CURVE('',#7104,#7105,#139,.T.);
#5327=EDGE_CURVE('',#7105,#7102,#6411,.T.);
#5328=EDGE_CURVE('',#7103,#7102,#6412,.T.);
#5329=EDGE_CURVE('',#7104,#7105,#6413,.T.);
#5330=EDGE_CURVE('',#7106,#7110,#140,.T.);
#5331=EDGE_CURVE('',#7107,#7111,#141,.T.);
#5332=EDGE_CURVE('',#7106,#7107,#6414,.T.);
#5333=EDGE_CURVE('',#7108,#7112,#142,.T.);
#5334=EDGE_CURVE('',#7109,#7113,#143,.T.);
#5335=EDGE_CURVE('',#7108,#7109,#6415,.T.);
#5336=EDGE_CURVE('',#7110,#7111,#6416,.T.);
#5337=EDGE_CURVE('',#7110,#7106,#144,.T.);
#5338=EDGE_CURVE('',#7111,#7107,#145,.T.);
#5339=EDGE_CURVE('',#7112,#7113,#6417,.T.);
#5340=EDGE_CURVE('',#7112,#7108,#146,.T.);
#5341=EDGE_CURVE('',#7113,#7109,#147,.T.);
#5342=EDGE_CURVE('',#7114,#7116,#148,.T.);
#5343=EDGE_CURVE('',#7115,#7117,#149,.T.);
#5344=EDGE_CURVE('',#7114,#7115,#6418,.T.);
#5345=EDGE_CURVE('',#7116,#7117,#6419,.T.);
#5346=EDGE_CURVE('',#7116,#7114,#150,.T.);
#5347=EDGE_CURVE('',#7117,#7115,#151,.T.);
#5348=EDGE_CURVE('',#7118,#7120,#152,.T.);
#5349=EDGE_CURVE('',#7119,#7121,#153,.T.);
#5350=EDGE_CURVE('',#7118,#7119,#6420,.T.);
#5351=EDGE_CURVE('',#7120,#7121,#6421,.T.);
#5352=EDGE_CURVE('',#7120,#7118,#154,.T.);
#5353=EDGE_CURVE('',#7121,#7119,#155,.T.);
#5354=EDGE_CURVE('',#7122,#7124,#156,.T.);
#5355=EDGE_CURVE('',#7123,#7125,#157,.T.);
#5356=EDGE_CURVE('',#7122,#7123,#6422,.T.);
#5357=EDGE_CURVE('',#7124,#7125,#6423,.T.);
#5358=EDGE_CURVE('',#7124,#7122,#158,.T.);
#5359=EDGE_CURVE('',#7125,#7123,#159,.T.);
#5360=EDGE_CURVE('',#7126,#7127,#160,.T.);
#5361=EDGE_CURVE('',#7127,#7128,#6424,.T.);
#5362=EDGE_CURVE('',#7128,#7129,#161,.T.);
#5363=EDGE_CURVE('',#7129,#7126,#6425,.T.);
#5364=EDGE_CURVE('',#7130,#7126,#162,.T.);
#5365=EDGE_CURVE('',#7129,#7131,#163,.T.);
#5366=EDGE_CURVE('',#7131,#7130,#6426,.T.);
#5367=EDGE_CURVE('',#7132,#7130,#164,.T.);
#5368=EDGE_CURVE('',#7131,#7133,#165,.T.);
#5369=EDGE_CURVE('',#7133,#7132,#6427,.T.);
#5370=EDGE_CURVE('',#7134,#7132,#166,.T.);
#5371=EDGE_CURVE('',#7133,#7135,#167,.T.);
#5372=EDGE_CURVE('',#7135,#7134,#6428,.T.);
#5373=EDGE_CURVE('',#7136,#7134,#168,.T.);
#5374=EDGE_CURVE('',#7135,#7137,#169,.T.);
#5375=EDGE_CURVE('',#7137,#7136,#6429,.T.);
#5376=EDGE_CURVE('',#7127,#7136,#6430,.T.);
#5377=EDGE_CURVE('',#7128,#7137,#6431,.T.);
#5378=EDGE_CURVE('',#7138,#7140,#170,.T.);
#5379=EDGE_CURVE('',#7139,#7141,#171,.T.);
#5380=EDGE_CURVE('',#7138,#7139,#6432,.T.);
#5381=EDGE_CURVE('',#7140,#7141,#6433,.T.);
#5382=EDGE_CURVE('',#7140,#7138,#172,.T.);
#5383=EDGE_CURVE('',#7141,#7139,#173,.T.);
#5384=EDGE_CURVE('',#7142,#7143,#174,.T.);
#5385=EDGE_CURVE('',#7143,#7144,#6434,.T.);
#5386=EDGE_CURVE('',#7144,#7145,#175,.T.);
#5387=EDGE_CURVE('',#7145,#7142,#6435,.T.);
#5388=EDGE_CURVE('',#7143,#7142,#6436,.T.);
#5389=EDGE_CURVE('',#7145,#7144,#6437,.T.);
#5390=EDGE_CURVE('',#7146,#7147,#176,.T.);
#5391=EDGE_CURVE('',#7147,#7148,#6438,.T.);
#5392=EDGE_CURVE('',#7148,#7149,#177,.T.);
#5393=EDGE_CURVE('',#7149,#7146,#6439,.T.);
#5394=EDGE_CURVE('',#7147,#7146,#6440,.T.);
#5395=EDGE_CURVE('',#7148,#7149,#6441,.T.);
#5396=EDGE_CURVE('',#7150,#7152,#178,.T.);
#5397=EDGE_CURVE('',#7151,#7153,#179,.T.);
#5398=EDGE_CURVE('',#7150,#7151,#6442,.T.);
#5399=EDGE_CURVE('',#7152,#7153,#6443,.T.);
#5400=EDGE_CURVE('',#7152,#7150,#180,.T.);
#5401=EDGE_CURVE('',#7153,#7151,#181,.T.);
#5402=EDGE_CURVE('',#7154,#7156,#182,.T.);
#5403=EDGE_CURVE('',#7155,#7157,#183,.T.);
#5404=EDGE_CURVE('',#7154,#7155,#6444,.T.);
#5405=EDGE_CURVE('',#7156,#7157,#6445,.T.);
#5406=EDGE_CURVE('',#7156,#7154,#184,.T.);
#5407=EDGE_CURVE('',#7157,#7155,#185,.T.);
#5408=EDGE_CURVE('',#7158,#7159,#6446,.T.);
#5409=EDGE_CURVE('',#7159,#7160,#6447,.T.);
#5410=EDGE_CURVE('',#7160,#7161,#6448,.T.);
#5411=EDGE_CURVE('',#7161,#7158,#6449,.T.);
#5412=EDGE_CURVE('',#7162,#7158,#186,.T.);
#5413=EDGE_CURVE('',#7161,#7163,#187,.T.);
#5414=EDGE_CURVE('',#7163,#7162,#6450,.T.);
#5415=EDGE_CURVE('',#7159,#7162,#6451,.T.);
#5416=EDGE_CURVE('',#7163,#7160,#6452,.T.);
#5417=EDGE_CURVE('',#7164,#7166,#188,.T.);
#5418=EDGE_CURVE('',#7165,#7167,#189,.T.);
#5419=EDGE_CURVE('',#7164,#7165,#6453,.T.);
#5420=EDGE_CURVE('',#7166,#7167,#6454,.T.);
#5421=EDGE_CURVE('',#7166,#7164,#190,.T.);
#5422=EDGE_CURVE('',#7167,#7165,#191,.T.);
#5423=EDGE_CURVE('',#7168,#7169,#192,.T.);
#5424=EDGE_CURVE('',#7169,#7170,#6455,.T.);
#5425=EDGE_CURVE('',#7170,#7171,#193,.T.);
#5426=EDGE_CURVE('',#7171,#7168,#6456,.T.);
#5427=EDGE_CURVE('',#7169,#7168,#6457,.T.);
#5428=EDGE_CURVE('',#7170,#7171,#6458,.T.);
#5429=EDGE_CURVE('',#7172,#7173,#194,.T.);
#5430=EDGE_CURVE('',#7173,#7174,#6459,.T.);
#5431=EDGE_CURVE('',#7174,#7175,#195,.T.);
#5432=EDGE_CURVE('',#7175,#7172,#6460,.T.);
#5433=EDGE_CURVE('',#7173,#7172,#6461,.T.);
#5434=EDGE_CURVE('',#7174,#7175,#6462,.T.);
#5435=EDGE_CURVE('',#7176,#7178,#196,.T.);
#5436=EDGE_CURVE('',#7177,#7179,#197,.T.);
#5437=EDGE_CURVE('',#7176,#7177,#6463,.T.);
#5438=EDGE_CURVE('',#7178,#7179,#6464,.T.);
#5439=EDGE_CURVE('',#7178,#7176,#198,.T.);
#5440=EDGE_CURVE('',#7179,#7177,#199,.T.);
#5441=EDGE_CURVE('',#7180,#7181,#200,.T.);
#5442=EDGE_CURVE('',#7181,#7182,#6465,.T.);
#5443=EDGE_CURVE('',#7182,#7183,#201,.T.);
#5444=EDGE_CURVE('',#7183,#7180,#6466,.T.);
#5445=EDGE_CURVE('',#7181,#7180,#6467,.T.);
#5446=EDGE_CURVE('',#7183,#7182,#6468,.T.);
#5447=EDGE_CURVE('',#7184,#7186,#202,.T.);
#5448=EDGE_CURVE('',#7185,#7187,#203,.T.);
#5449=EDGE_CURVE('',#7184,#7185,#6469,.T.);
#5450=EDGE_CURVE('',#7186,#7187,#6470,.T.);
#5451=EDGE_CURVE('',#7186,#7184,#204,.T.);
#5452=EDGE_CURVE('',#7187,#7185,#205,.T.);
#5453=EDGE_CURVE('',#7188,#7189,#206,.T.);
#5454=EDGE_CURVE('',#7189,#7190,#6471,.T.);
#5455=EDGE_CURVE('',#7190,#7191,#207,.T.);
#5456=EDGE_CURVE('',#7191,#7188,#6472,.T.);
#5457=EDGE_CURVE('',#7192,#7188,#6473,.T.);
#5458=EDGE_CURVE('',#7191,#7193,#6474,.T.);
#5459=EDGE_CURVE('',#7193,#7192,#6475,.T.);
#5460=EDGE_CURVE('',#7194,#7192,#208,.T.);
#5461=EDGE_CURVE('',#7193,#7195,#209,.T.);
#5462=EDGE_CURVE('',#7195,#7194,#6476,.T.);
#5463=EDGE_CURVE('',#7189,#7194,#6477,.T.);
#5464=EDGE_CURVE('',#7190,#7195,#6478,.T.);
#5465=EDGE_CURVE('',#7196,#7197,#210,.T.);
#5466=EDGE_CURVE('',#7197,#7198,#6479,.T.);
#5467=EDGE_CURVE('',#7198,#7199,#211,.T.);
#5468=EDGE_CURVE('',#7199,#7196,#6480,.T.);
#5469=EDGE_CURVE('',#7197,#7200,#212,.T.);
#5470=EDGE_CURVE('',#7200,#7201,#6481,.T.);
#5471=EDGE_CURVE('',#7201,#7198,#213,.T.);
#5472=EDGE_CURVE('',#7200,#7202,#214,.T.);
#5473=EDGE_CURVE('',#7202,#7203,#6482,.T.);
#5474=EDGE_CURVE('',#7203,#7201,#215,.T.);
#5475=EDGE_CURVE('',#7199,#7205,#6483,.T.);
#5476=EDGE_CURVE('',#7204,#7205,#6484,.T.);
#5477=EDGE_CURVE('',#7204,#7196,#6485,.T.);
#5478=EDGE_CURVE('',#7202,#7204,#216,.T.);
#5479=EDGE_CURVE('',#7205,#7203,#217,.T.);
#5480=EDGE_CURVE('',#7206,#7207,#218,.T.);
#5481=EDGE_CURVE('',#7207,#7208,#6486,.T.);
#5482=EDGE_CURVE('',#7208,#7209,#219,.T.);
#5483=EDGE_CURVE('',#7209,#7206,#6487,.T.);
#5484=EDGE_CURVE('',#7210,#7206,#6488,.T.);
#5485=EDGE_CURVE('',#7209,#7211,#6489,.T.);
#5486=EDGE_CURVE('',#7211,#7210,#6490,.T.);
#5487=EDGE_CURVE('',#7207,#7210,#6491,.T.);
#5488=EDGE_CURVE('',#7211,#7208,#6492,.T.);
#5489=EDGE_CURVE('',#7212,#7213,#220,.T.);
#5490=EDGE_CURVE('',#7213,#7214,#6493,.T.);
#5491=EDGE_CURVE('',#7214,#7215,#221,.T.);
#5492=EDGE_CURVE('',#7215,#7212,#6494,.T.);
#5493=EDGE_CURVE('',#7213,#7212,#6495,.T.);
#5494=EDGE_CURVE('',#7214,#7215,#6496,.T.);
#5495=EDGE_CURVE('',#7216,#7218,#222,.T.);
#5496=EDGE_CURVE('',#7217,#7219,#223,.T.);
#5497=EDGE_CURVE('',#7216,#7217,#6497,.T.);
#5498=EDGE_CURVE('',#7218,#7219,#6498,.T.);
#5499=EDGE_CURVE('',#7218,#7216,#224,.T.);
#5500=EDGE_CURVE('',#7219,#7217,#225,.T.);
#5501=EDGE_CURVE('',#7220,#7221,#226,.T.);
#5502=EDGE_CURVE('',#7221,#7222,#6499,.T.);
#5503=EDGE_CURVE('',#7222,#7223,#227,.T.);
#5504=EDGE_CURVE('',#7223,#7220,#6500,.T.);
#5505=EDGE_CURVE('',#7224,#7220,#6501,.T.);
#5506=EDGE_CURVE('',#7223,#7225,#6502,.T.);
#5507=EDGE_CURVE('',#7225,#7224,#6503,.T.);
#5508=EDGE_CURVE('',#7221,#7224,#6504,.T.);
#5509=EDGE_CURVE('',#7225,#7222,#6505,.T.);
#5510=EDGE_CURVE('',#7226,#7227,#228,.T.);
#5511=EDGE_CURVE('',#7227,#7228,#6506,.T.);
#5512=EDGE_CURVE('',#7228,#7229,#229,.T.);
#5513=EDGE_CURVE('',#7229,#7226,#6507,.T.);
#5514=EDGE_CURVE('',#7227,#7226,#6508,.T.);
#5515=EDGE_CURVE('',#7228,#7229,#6509,.T.);
#5516=EDGE_CURVE('',#7230,#7232,#230,.T.);
#5517=EDGE_CURVE('',#7231,#7233,#231,.T.);
#5518=EDGE_CURVE('',#7230,#7231,#6510,.T.);
#5519=EDGE_CURVE('',#7232,#7233,#6511,.T.);
#5520=EDGE_CURVE('',#7232,#7230,#232,.T.);
#5521=EDGE_CURVE('',#7233,#7231,#233,.T.);
#5522=EDGE_CURVE('',#7234,#7236,#234,.T.);
#5523=EDGE_CURVE('',#7235,#7237,#235,.T.);
#5524=EDGE_CURVE('',#7234,#7235,#6512,.T.);
#5525=EDGE_CURVE('',#7236,#7237,#6513,.T.);
#5526=EDGE_CURVE('',#7236,#7234,#236,.T.);
#5527=EDGE_CURVE('',#7237,#7235,#237,.T.);
#5528=EDGE_CURVE('',#7238,#7239,#238,.T.);
#5529=EDGE_CURVE('',#7239,#7240,#6514,.T.);
#5530=EDGE_CURVE('',#7240,#7241,#239,.T.);
#5531=EDGE_CURVE('',#7241,#7238,#6515,.T.);
#5532=EDGE_CURVE('',#7239,#7238,#6516,.T.);
#5533=EDGE_CURVE('',#7241,#7240,#6517,.T.);
#5534=EDGE_CURVE('',#7242,#7244,#240,.T.);
#5535=EDGE_CURVE('',#7243,#7245,#241,.T.);
#5536=EDGE_CURVE('',#7242,#7243,#6518,.T.);
#5537=EDGE_CURVE('',#7244,#7245,#6519,.T.);
#5538=EDGE_CURVE('',#7244,#7242,#242,.T.);
#5539=EDGE_CURVE('',#7245,#7243,#243,.T.);
#5540=EDGE_CURVE('',#7246,#7248,#244,.T.);
#5541=EDGE_CURVE('',#7247,#7249,#245,.T.);
#5542=EDGE_CURVE('',#7246,#7247,#6520,.T.);
#5543=EDGE_CURVE('',#7248,#7249,#6521,.T.);
#5544=EDGE_CURVE('',#7248,#7246,#246,.T.);
#5545=EDGE_CURVE('',#7249,#7247,#247,.T.);
#5546=EDGE_CURVE('',#7250,#7251,#248,.T.);
#5547=EDGE_CURVE('',#7251,#7252,#6522,.T.);
#5548=EDGE_CURVE('',#7252,#7253,#249,.T.);
#5549=EDGE_CURVE('',#7253,#7250,#6523,.T.);
#5550=EDGE_CURVE('',#7251,#7250,#6524,.T.);
#5551=EDGE_CURVE('',#7253,#7252,#6525,.T.);
#5552=EDGE_CURVE('',#7254,#7256,#250,.T.);
#5553=EDGE_CURVE('',#7255,#7257,#251,.T.);
#5554=EDGE_CURVE('',#7254,#7255,#6526,.T.);
#5555=EDGE_CURVE('',#7256,#7257,#6527,.T.);
#5556=EDGE_CURVE('',#7256,#7254,#252,.T.);
#5557=EDGE_CURVE('',#7257,#7255,#253,.T.);
#5558=EDGE_CURVE('',#7258,#7260,#254,.T.);
#5559=EDGE_CURVE('',#7259,#7261,#255,.T.);
#5560=EDGE_CURVE('',#7258,#7259,#6528,.T.);
#5561=EDGE_CURVE('',#7260,#7261,#6529,.T.);
#5562=EDGE_CURVE('',#7260,#7258,#256,.T.);
#5563=EDGE_CURVE('',#7261,#7259,#257,.T.);
#5564=EDGE_CURVE('',#7262,#7263,#258,.T.);
#5565=EDGE_CURVE('',#7264,#7262,#6530,.T.);
#5566=EDGE_CURVE('',#7265,#7264,#259,.T.);
#5567=EDGE_CURVE('',#7263,#7265,#6531,.T.);
#5568=EDGE_CURVE('',#7266,#7263,#6532,.T.);
#5569=EDGE_CURVE('',#7265,#7267,#6533,.T.);
#5570=EDGE_CURVE('',#7267,#7266,#6534,.T.);
#5571=EDGE_CURVE('',#7268,#7266,#260,.T.);
#5572=EDGE_CURVE('',#7267,#7269,#261,.T.);
#5573=EDGE_CURVE('',#7269,#7268,#6535,.T.);
#5574=EDGE_CURVE('',#7270,#7268,#6536,.T.);
#5575=EDGE_CURVE('',#7269,#7271,#6537,.T.);
#5576=EDGE_CURVE('',#7271,#7270,#6538,.T.);
#5577=EDGE_CURVE('',#7270,#7272,#262,.T.);
#5578=EDGE_CURVE('',#7273,#7271,#263,.T.);
#5579=EDGE_CURVE('',#7272,#7273,#6539,.T.);
#5580=EDGE_CURVE('',#7274,#7272,#6540,.T.);
#5581=EDGE_CURVE('',#7273,#7275,#6541,.T.);
#5582=EDGE_CURVE('',#7275,#7274,#6542,.T.);
#5583=EDGE_CURVE('',#7276,#7274,#264,.T.);
#5584=EDGE_CURVE('',#7275,#7277,#265,.T.);
#5585=EDGE_CURVE('',#7277,#7276,#6543,.T.);
#5586=EDGE_CURVE('',#7278,#7276,#6544,.T.);
#5587=EDGE_CURVE('',#7277,#7279,#6545,.T.);
#5588=EDGE_CURVE('',#7279,#7278,#6546,.T.);
#5589=EDGE_CURVE('',#7280,#7278,#266,.T.);
#5590=EDGE_CURVE('',#7279,#7281,#267,.T.);
#5591=EDGE_CURVE('',#7281,#7280,#6547,.T.);
#5592=EDGE_CURVE('',#7282,#7280,#6548,.T.);
#5593=EDGE_CURVE('',#7281,#7283,#6549,.T.);
#5594=EDGE_CURVE('',#7283,#7282,#6550,.T.);
#5595=EDGE_CURVE('',#7282,#7284,#268,.T.);
#5596=EDGE_CURVE('',#7285,#7283,#269,.T.);
#5597=EDGE_CURVE('',#7284,#7285,#6551,.T.);
#5598=EDGE_CURVE('',#7286,#7284,#6552,.T.);
#5599=EDGE_CURVE('',#7285,#7287,#6553,.T.);
#5600=EDGE_CURVE('',#7287,#7286,#6554,.T.);
#5601=EDGE_CURVE('',#7288,#7286,#270,.T.);
#5602=EDGE_CURVE('',#7287,#7289,#271,.T.);
#5603=EDGE_CURVE('',#7289,#7288,#6555,.T.);
#5604=EDGE_CURVE('',#7290,#7288,#6556,.T.);
#5605=EDGE_CURVE('',#7289,#7291,#6557,.T.);
#5606=EDGE_CURVE('',#7291,#7290,#6558,.T.);
#5607=EDGE_CURVE('',#7292,#7290,#272,.T.);
#5608=EDGE_CURVE('',#7291,#7293,#273,.T.);
#5609=EDGE_CURVE('',#7293,#7292,#6559,.T.);
#5610=EDGE_CURVE('',#7294,#7292,#6560,.T.);
#5611=EDGE_CURVE('',#7293,#7295,#6561,.T.);
#5612=EDGE_CURVE('',#7295,#7294,#6562,.T.);
#5613=EDGE_CURVE('',#7294,#7296,#274,.T.);
#5614=EDGE_CURVE('',#7297,#7295,#275,.T.);
#5615=EDGE_CURVE('',#7296,#7297,#6563,.T.);
#5616=EDGE_CURVE('',#7262,#7298,#6564,.T.);
#5617=EDGE_CURVE('',#7298,#7299,#6565,.T.);
#5618=EDGE_CURVE('',#7299,#7264,#6566,.T.);
#5619=EDGE_CURVE('',#7300,#7301,#276,.T.);
#5620=EDGE_CURVE('',#7301,#7302,#6567,.T.);
#5621=EDGE_CURVE('',#7302,#7303,#277,.T.);
#5622=EDGE_CURVE('',#7303,#7300,#6568,.T.);
#5623=EDGE_CURVE('',#7304,#7300,#6569,.T.);
#5624=EDGE_CURVE('',#7303,#7305,#6570,.T.);
#5625=EDGE_CURVE('',#7305,#7304,#6571,.T.);
#5626=EDGE_CURVE('',#7304,#7306,#278,.T.);
#5627=EDGE_CURVE('',#7307,#7305,#279,.T.);
#5628=EDGE_CURVE('',#7306,#7307,#6572,.T.);
#5629=EDGE_CURVE('',#7308,#7306,#6573,.T.);
#5630=EDGE_CURVE('',#7307,#7309,#6574,.T.);
#5631=EDGE_CURVE('',#7309,#7308,#6575,.T.);
#5632=EDGE_CURVE('',#7308,#7310,#280,.T.);
#5633=EDGE_CURVE('',#7311,#7309,#281,.T.);
#5634=EDGE_CURVE('',#7310,#7311,#6576,.T.);
#5635=EDGE_CURVE('',#7312,#7310,#6577,.T.);
#5636=EDGE_CURVE('',#7311,#7313,#6578,.T.);
#5637=EDGE_CURVE('',#7313,#7312,#6579,.T.);
#5638=EDGE_CURVE('',#7314,#7312,#282,.T.);
#5639=EDGE_CURVE('',#7313,#7315,#283,.T.);
#5640=EDGE_CURVE('',#7315,#7314,#6580,.T.);
#5641=EDGE_CURVE('',#7316,#7314,#6581,.T.);
#5642=EDGE_CURVE('',#7315,#7317,#6582,.T.);
#5643=EDGE_CURVE('',#7317,#7316,#6583,.T.);
#5644=EDGE_CURVE('',#7316,#7318,#284,.T.);
#5645=EDGE_CURVE('',#7319,#7317,#285,.T.);
#5646=EDGE_CURVE('',#7318,#7319,#6584,.T.);
#5647=EDGE_CURVE('',#7320,#7318,#6585,.T.);
#5648=EDGE_CURVE('',#7319,#7321,#6586,.T.);
#5649=EDGE_CURVE('',#7321,#7320,#6587,.T.);
#5650=EDGE_CURVE('',#7322,#7320,#286,.T.);
#5651=EDGE_CURVE('',#7321,#7323,#287,.T.);
#5652=EDGE_CURVE('',#7323,#7322,#6588,.T.);
#5653=EDGE_CURVE('',#7324,#7322,#6589,.T.);
#5654=EDGE_CURVE('',#7323,#7325,#6590,.T.);
#5655=EDGE_CURVE('',#7325,#7324,#6591,.T.);
#5656=EDGE_CURVE('',#7324,#7326,#288,.T.);
#5657=EDGE_CURVE('',#7327,#7325,#289,.T.);
#5658=EDGE_CURVE('',#7326,#7327,#6592,.T.);
#5659=EDGE_CURVE('',#7328,#7326,#6593,.T.);
#5660=EDGE_CURVE('',#7327,#7329,#6594,.T.);
#5661=EDGE_CURVE('',#7329,#7328,#6595,.T.);
#5662=EDGE_CURVE('',#7328,#7330,#290,.T.);
#5663=EDGE_CURVE('',#7331,#7329,#291,.T.);
#5664=EDGE_CURVE('',#7330,#7331,#6596,.T.);
#5665=EDGE_CURVE('',#7332,#7330,#6597,.T.);
#5666=EDGE_CURVE('',#7331,#7333,#6598,.T.);
#5667=EDGE_CURVE('',#7333,#7332,#6599,.T.);
#5668=EDGE_CURVE('',#7334,#7332,#292,.T.);
#5669=EDGE_CURVE('',#7333,#7335,#293,.T.);
#5670=EDGE_CURVE('',#7335,#7334,#6600,.T.);
#5671=EDGE_CURVE('',#7336,#7334,#6601,.T.);
#5672=EDGE_CURVE('',#7335,#7337,#6602,.T.);
#5673=EDGE_CURVE('',#7337,#7336,#6603,.T.);
#5674=EDGE_CURVE('',#7336,#7338,#294,.T.);
#5675=EDGE_CURVE('',#7339,#7337,#295,.T.);
#5676=EDGE_CURVE('',#7338,#7339,#6604,.T.);
#5677=EDGE_CURVE('',#7340,#7338,#6605,.T.);
#5678=EDGE_CURVE('',#7339,#7341,#6606,.T.);
#5679=EDGE_CURVE('',#7341,#7340,#6607,.T.);
#5680=EDGE_CURVE('',#7340,#7342,#296,.T.);
#5681=EDGE_CURVE('',#7343,#7341,#297,.T.);
#5682=EDGE_CURVE('',#7342,#7343,#6608,.T.);
#5683=EDGE_CURVE('',#7344,#7342,#6609,.T.);
#5684=EDGE_CURVE('',#7343,#7345,#6610,.T.);
#5685=EDGE_CURVE('',#7345,#7344,#6611,.T.);
#5686=EDGE_CURVE('',#7346,#7344,#298,.T.);
#5687=EDGE_CURVE('',#7345,#7347,#299,.T.);
#5688=EDGE_CURVE('',#7347,#7346,#6612,.T.);
#5689=EDGE_CURVE('',#7348,#7346,#6613,.T.);
#5690=EDGE_CURVE('',#7347,#7349,#6614,.T.);
#5691=EDGE_CURVE('',#7349,#7348,#6615,.T.);
#5692=EDGE_CURVE('',#7348,#7350,#300,.T.);
#5693=EDGE_CURVE('',#7351,#7349,#301,.T.);
#5694=EDGE_CURVE('',#7352,#7350,#6616,.T.);
#5695=EDGE_CURVE('',#7350,#7351,#6617,.T.);
#5696=EDGE_CURVE('',#7351,#7353,#6618,.T.);
#5697=EDGE_CURVE('',#7353,#7352,#6619,.T.);
#5698=EDGE_CURVE('',#7354,#7352,#302,.T.);
#5699=EDGE_CURVE('',#7353,#7355,#303,.T.);
#5700=EDGE_CURVE('',#7355,#7354,#6620,.T.);
#5701=EDGE_CURVE('',#7356,#7354,#6621,.T.);
#5702=EDGE_CURVE('',#7355,#7357,#6622,.T.);
#5703=EDGE_CURVE('',#7357,#7356,#6623,.T.);
#5704=EDGE_CURVE('',#7356,#7358,#304,.T.);
#5705=EDGE_CURVE('',#7359,#7357,#305,.T.);
#5706=EDGE_CURVE('',#7358,#7359,#6624,.T.);
#5707=EDGE_CURVE('',#7360,#7358,#6625,.T.);
#5708=EDGE_CURVE('',#7359,#7361,#6626,.T.);
#5709=EDGE_CURVE('',#7361,#7360,#6627,.T.);
#5710=EDGE_CURVE('',#7360,#7362,#306,.T.);
#5711=EDGE_CURVE('',#7363,#7361,#307,.T.);
#5712=EDGE_CURVE('',#7362,#7363,#6628,.T.);
#5713=EDGE_CURVE('',#7364,#7362,#6629,.T.);
#5714=EDGE_CURVE('',#7363,#7365,#6630,.T.);
#5715=EDGE_CURVE('',#7365,#7364,#6631,.T.);
#5716=EDGE_CURVE('',#7366,#7364,#308,.T.);
#5717=EDGE_CURVE('',#7365,#7367,#309,.T.);
#5718=EDGE_CURVE('',#7367,#7366,#6632,.T.);
#5719=EDGE_CURVE('',#7368,#7366,#6633,.T.);
#5720=EDGE_CURVE('',#7367,#7369,#6634,.T.);
#5721=EDGE_CURVE('',#7369,#7368,#6635,.T.);
#5722=EDGE_CURVE('',#7370,#7371,#310,.T.);
#5723=EDGE_CURVE('',#7371,#7372,#6636,.T.);
#5724=EDGE_CURVE('',#7372,#7373,#311,.T.);
#5725=EDGE_CURVE('',#7373,#7370,#6637,.T.);
#5726=EDGE_CURVE('',#7374,#7370,#6638,.T.);
#5727=EDGE_CURVE('',#7373,#7375,#6639,.T.);
#5728=EDGE_CURVE('',#7375,#7374,#6640,.T.);
#5729=EDGE_CURVE('',#7371,#7376,#6641,.T.);
#5730=EDGE_CURVE('',#7376,#7377,#6642,.T.);
#5731=EDGE_CURVE('',#7377,#7372,#6643,.T.);
#5732=EDGE_CURVE('',#7378,#7379,#312,.T.);
#5733=EDGE_CURVE('',#7379,#7380,#6644,.T.);
#5734=EDGE_CURVE('',#7380,#7381,#313,.T.);
#5735=EDGE_CURVE('',#7381,#7378,#6645,.T.);
#5736=EDGE_CURVE('',#7382,#7378,#6646,.T.);
#5737=EDGE_CURVE('',#7381,#7383,#6647,.T.);
#5738=EDGE_CURVE('',#7383,#7382,#6648,.T.);
#5739=EDGE_CURVE('',#7382,#7384,#314,.T.);
#5740=EDGE_CURVE('',#7385,#7383,#315,.T.);
#5741=EDGE_CURVE('',#7384,#7385,#6649,.T.);
#5742=EDGE_CURVE('',#7386,#7384,#6650,.T.);
#5743=EDGE_CURVE('',#7385,#7387,#6651,.T.);
#5744=EDGE_CURVE('',#7387,#7386,#6652,.T.);
#5745=EDGE_CURVE('',#7388,#7386,#316,.T.);
#5746=EDGE_CURVE('',#7387,#7389,#317,.T.);
#5747=EDGE_CURVE('',#7389,#7388,#6653,.T.);
#5748=EDGE_CURVE('',#7390,#7388,#6654,.T.);
#5749=EDGE_CURVE('',#7389,#7391,#6655,.T.);
#5750=EDGE_CURVE('',#7391,#7390,#6656,.T.);
#5751=EDGE_CURVE('',#7392,#7390,#318,.T.);
#5752=EDGE_CURVE('',#7391,#7393,#319,.T.);
#5753=EDGE_CURVE('',#7393,#7392,#6657,.T.);
#5754=EDGE_CURVE('',#7394,#7392,#6658,.T.);
#5755=EDGE_CURVE('',#7393,#7395,#6659,.T.);
#5756=EDGE_CURVE('',#7395,#7394,#6660,.T.);
#5757=EDGE_CURVE('',#7394,#7396,#320,.T.);
#5758=EDGE_CURVE('',#7397,#7395,#321,.T.);
#5759=EDGE_CURVE('',#7396,#7397,#6661,.T.);
#5760=EDGE_CURVE('',#7398,#7396,#6662,.T.);
#5761=EDGE_CURVE('',#7397,#7399,#6663,.T.);
#5762=EDGE_CURVE('',#7399,#7398,#6664,.T.);
#5763=EDGE_CURVE('',#7400,#7398,#322,.T.);
#5764=EDGE_CURVE('',#7399,#7401,#323,.T.);
#5765=EDGE_CURVE('',#7401,#7400,#6665,.T.);
#5766=EDGE_CURVE('',#7402,#7400,#6666,.T.);
#5767=EDGE_CURVE('',#7401,#7403,#6667,.T.);
#5768=EDGE_CURVE('',#7403,#7402,#6668,.T.);
#5769=EDGE_CURVE('',#7402,#7404,#324,.T.);
#5770=EDGE_CURVE('',#7405,#7403,#325,.T.);
#5771=EDGE_CURVE('',#7404,#7405,#6669,.T.);
#5772=EDGE_CURVE('',#7406,#7404,#6670,.T.);
#5773=EDGE_CURVE('',#7405,#7407,#6671,.T.);
#5774=EDGE_CURVE('',#7407,#7406,#6672,.T.);
#5775=EDGE_CURVE('',#7406,#7408,#326,.T.);
#5776=EDGE_CURVE('',#7409,#7407,#327,.T.);
#5777=EDGE_CURVE('',#7408,#7409,#6673,.T.);
#5778=B_SPLINE_CURVE_WITH_KNOTS('',1,(#9105,#9106),.UNSPECIFIED.,.F.,.F.,
(2,2),(0.,834.996413092757),.UNSPECIFIED.);
#5779=B_SPLINE_CURVE_WITH_KNOTS('',1,(#9107,#9108),.UNSPECIFIED.,.F.,.F.,
(2,2),(0.,2019.34038231966),.UNSPECIFIED.);
#5780=B_SPLINE_CURVE_WITH_KNOTS('',1,(#9109,#9110),.UNSPECIFIED.,.F.,.F.,
(2,2),(0.,834.996413092757),.UNSPECIFIED.);
#5781=B_SPLINE_CURVE_WITH_KNOTS('',1,(#9111,#9112),.UNSPECIFIED.,.F.,.F.,
(2,2),(0.,2019.34038231966),.UNSPECIFIED.);
#5782=B_SPLINE_CURVE_WITH_KNOTS('',1,(#9113,#9114),.UNSPECIFIED.,.F.,.F.,
(2,2),(834.996413092757,1450.02891633863),.UNSPECIFIED.);
#5783=B_SPLINE_CURVE_WITH_KNOTS('',1,(#9115,#9116),.UNSPECIFIED.,.F.,.F.,
(2,2),(0.,2019.34038231966),.UNSPECIFIED.);
#5784=B_SPLINE_CURVE_WITH_KNOTS('',1,(#9117,#9118),.UNSPECIFIED.,.F.,.F.,
(2,2),(834.996413092757,1450.02891633863),.UNSPECIFIED.);
#5785=B_SPLINE_CURVE_WITH_KNOTS('',1,(#9119,#9120),.UNSPECIFIED.,.F.,.F.,
(2,2),(1450.02891633863,2285.02532943139),.UNSPECIFIED.);
#5786=B_SPLINE_CURVE_WITH_KNOTS('',1,(#9121,#9122),.UNSPECIFIED.,.F.,.F.,
(2,2),(0.,2019.34038231966),.UNSPECIFIED.);
#5787=B_SPLINE_CURVE_WITH_KNOTS('',1,(#9123,#9124),.UNSPECIFIED.,.F.,.F.,
(2,2),(1450.02891633863,2285.02532943139),.UNSPECIFIED.);
#5788=B_SPLINE_CURVE_WITH_KNOTS('',1,(#9125,#9126),.UNSPECIFIED.,.F.,.F.,
(2,2),(2285.02532943139,2900.05783267726),.UNSPECIFIED.);
#5789=B_SPLINE_CURVE_WITH_KNOTS('',1,(#9127,#9128),.UNSPECIFIED.,.F.,.F.,
(2,2),(2285.02532943139,2900.05783267726),.UNSPECIFIED.);
#5790=B_SPLINE_CURVE_WITH_KNOTS('',1,(#9143,#9144),.UNSPECIFIED.,.F.,.F.,
(2,2),(0.,834.996413092757),.UNSPECIFIED.);
#5791=B_SPLINE_CURVE_WITH_KNOTS('',1,(#9145,#9146),.UNSPECIFIED.,.F.,.F.,
(2,2),(0.,1954.051699631),.UNSPECIFIED.);
#5792=B_SPLINE_CURVE_WITH_KNOTS('',1,(#9147,#9148),.UNSPECIFIED.,.F.,.F.,
(2,2),(0.,834.996413092757),.UNSPECIFIED.);
#5793=B_SPLINE_CURVE_WITH_KNOTS('',1,(#9149,#9150),.UNSPECIFIED.,.F.,.F.,
(2,2),(0.,1954.051699631),.UNSPECIFIED.);
#5794=B_SPLINE_CURVE_WITH_KNOTS('',1,(#9151,#9152),.UNSPECIFIED.,.F.,.F.,
(2,2),(834.996413092757,1588.41155632107),.UNSPECIFIED.);
#5795=B_SPLINE_CURVE_WITH_KNOTS('',1,(#9153,#9154),.UNSPECIFIED.,.F.,.F.,
(2,2),(0.,1954.051699631),.UNSPECIFIED.);
#5796=B_SPLINE_CURVE_WITH_KNOTS('',1,(#9155,#9156),.UNSPECIFIED.,.F.,.F.,
(2,2),(834.996413092757,1588.41155632107),.UNSPECIFIED.);
#5797=B_SPLINE_CURVE_WITH_KNOTS('',1,(#9157,#9158),.UNSPECIFIED.,.F.,.F.,
(2,2),(1588.41155632107,2423.40796941383),.UNSPECIFIED.);
#5798=B_SPLINE_CURVE_WITH_KNOTS('',1,(#9159,#9160),.UNSPECIFIED.,.F.,.F.,
(2,2),(0.,1954.051699631),.UNSPECIFIED.);
#5799=B_SPLINE_CURVE_WITH_KNOTS('',1,(#9161,#9162),.UNSPECIFIED.,.F.,.F.,
(2,2),(1588.41155632107,2423.40796941383),.UNSPECIFIED.);
#5800=B_SPLINE_CURVE_WITH_KNOTS('',1,(#9163,#9164),.UNSPECIFIED.,.F.,.F.,
(2,2),(2423.40796941383,3176.82311264214),.UNSPECIFIED.);
#5801=B_SPLINE_CURVE_WITH_KNOTS('',1,(#9165,#9166),.UNSPECIFIED.,.F.,.F.,
(2,2),(2423.40796941383,3176.82311264214),.UNSPECIFIED.);
#5802=B_SPLINE_CURVE_WITH_KNOTS('',1,(#9181,#9182),.UNSPECIFIED.,.F.,.F.,
(2,2),(0.,834.996413092757),.UNSPECIFIED.);
#5803=B_SPLINE_CURVE_WITH_KNOTS('',1,(#9183,#9184),.UNSPECIFIED.,.F.,.F.,
(2,2),(0.,1954.051699631),.UNSPECIFIED.);
#5804=B_SPLINE_CURVE_WITH_KNOTS('',1,(#9185,#9186),.UNSPECIFIED.,.F.,.F.,
(2,2),(0.,834.996413092757),.UNSPECIFIED.);
#5805=B_SPLINE_CURVE_WITH_KNOTS('',1,(#9187,#9188),.UNSPECIFIED.,.F.,.F.,
(2,2),(0.,1954.051699631),.UNSPECIFIED.);
#5806=B_SPLINE_CURVE_WITH_KNOTS('',1,(#9189,#9190),.UNSPECIFIED.,.F.,.F.,
(2,2),(834.996413092757,1451.07635425472),.UNSPECIFIED.);
#5807=B_SPLINE_CURVE_WITH_KNOTS('',1,(#9191,#9192),.UNSPECIFIED.,.F.,.F.,
(2,2),(0.,1954.051699631),.UNSPECIFIED.);
#5808=B_SPLINE_CURVE_WITH_KNOTS('',1,(#9193,#9194),.UNSPECIFIED.,.F.,.F.,
(2,2),(834.996413092757,1451.07635425472),.UNSPECIFIED.);
#5809=B_SPLINE_CURVE_WITH_KNOTS('',1,(#9195,#9196),.UNSPECIFIED.,.F.,.F.,
(2,2),(1451.07635425472,2286.07276734747),.UNSPECIFIED.);
#5810=B_SPLINE_CURVE_WITH_KNOTS('',1,(#9197,#9198),.UNSPECIFIED.,.F.,.F.,
(2,2),(0.,1954.051699631),.UNSPECIFIED.);
#5811=B_SPLINE_CURVE_WITH_KNOTS('',1,(#9199,#9200),.UNSPECIFIED.,.F.,.F.,
(2,2),(1451.07635425472,2286.07276734747),.UNSPECIFIED.);
#5812=B_SPLINE_CURVE_WITH_KNOTS('',1,(#9201,#9202),.UNSPECIFIED.,.F.,.F.,
(2,2),(2286.07276734747,2902.15270850943),.UNSPECIFIED.);
#5813=B_SPLINE_CURVE_WITH_KNOTS('',1,(#9203,#9204),.UNSPECIFIED.,.F.,.F.,
(2,2),(2286.07276734747,2902.15270850943),.UNSPECIFIED.);
#5814=B_SPLINE_CURVE_WITH_KNOTS('',1,(#9219,#9220),.UNSPECIFIED.,.F.,.F.,
(2,2),(0.,834.996413092757),.UNSPECIFIED.);
#5815=B_SPLINE_CURVE_WITH_KNOTS('',1,(#9221,#9222),.UNSPECIFIED.,.F.,.F.,
(2,2),(0.,1954.051699631),.UNSPECIFIED.);
#5816=B_SPLINE_CURVE_WITH_KNOTS('',1,(#9223,#9224),.UNSPECIFIED.,.F.,.F.,
(2,2),(0.,834.996413092757),.UNSPECIFIED.);
#5817=B_SPLINE_CURVE_WITH_KNOTS('',1,(#9225,#9226),.UNSPECIFIED.,.F.,.F.,
(2,2),(0.,1954.051699631),.UNSPECIFIED.);
#5818=B_SPLINE_CURVE_WITH_KNOTS('',1,(#9227,#9228),.UNSPECIFIED.,.F.,.F.,
(2,2),(834.996413092757,2073.27489065651),.UNSPECIFIED.);
#5819=B_SPLINE_CURVE_WITH_KNOTS('',1,(#9229,#9230),.UNSPECIFIED.,.F.,.F.,
(2,2),(0.,1954.051699631),.UNSPECIFIED.);
#5820=B_SPLINE_CURVE_WITH_KNOTS('',1,(#9231,#9232),.UNSPECIFIED.,.F.,.F.,
(2,2),(834.996413092757,2073.27489065651),.UNSPECIFIED.);
#5821=B_SPLINE_CURVE_WITH_KNOTS('',1,(#9233,#9234),.UNSPECIFIED.,.F.,.F.,
(2,2),(2073.27489065651,2908.27130374926),.UNSPECIFIED.);
#5822=B_SPLINE_CURVE_WITH_KNOTS('',1,(#9235,#9236),.UNSPECIFIED.,.F.,.F.,
(2,2),(0.,1954.051699631),.UNSPECIFIED.);
#5823=B_SPLINE_CURVE_WITH_KNOTS('',1,(#9237,#9238),.UNSPECIFIED.,.F.,.F.,
(2,2),(2073.27489065651,2908.27130374926),.UNSPECIFIED.);
#5824=B_SPLINE_CURVE_WITH_KNOTS('',1,(#9239,#9240),.UNSPECIFIED.,.F.,.F.,
(2,2),(2908.27130374926,4146.54978131301),.UNSPECIFIED.);
#5825=B_SPLINE_CURVE_WITH_KNOTS('',1,(#9241,#9242),.UNSPECIFIED.,.F.,.F.,
(2,2),(2908.27130374926,4146.54978131301),.UNSPECIFIED.);
#5826=B_SPLINE_CURVE_WITH_KNOTS('',1,(#9257,#9258),.UNSPECIFIED.,.F.,.F.,
(2,2),(0.,834.996413092757),.UNSPECIFIED.);
#5827=B_SPLINE_CURVE_WITH_KNOTS('',1,(#9259,#9260),.UNSPECIFIED.,.F.,.F.,
(2,2),(0.,1954.051699631),.UNSPECIFIED.);
#5828=B_SPLINE_CURVE_WITH_KNOTS('',1,(#9261,#9262),.UNSPECIFIED.,.F.,.F.,
(2,2),(0.,834.996413092757),.UNSPECIFIED.);
#5829=B_SPLINE_CURVE_WITH_KNOTS('',1,(#9263,#9264),.UNSPECIFIED.,.F.,.F.,
(2,2),(0.,1954.051699631),.UNSPECIFIED.);
#5830=B_SPLINE_CURVE_WITH_KNOTS('',1,(#9265,#9266),.UNSPECIFIED.,.F.,.F.,
(2,2),(834.996413092757,1421.78585129967),.UNSPECIFIED.);
#5831=B_SPLINE_CURVE_WITH_KNOTS('',1,(#9267,#9268),.UNSPECIFIED.,.F.,.F.,
(2,2),(0.,1954.051699631),.UNSPECIFIED.);
#5832=B_SPLINE_CURVE_WITH_KNOTS('',1,(#9269,#9270),.UNSPECIFIED.,.F.,.F.,
(2,2),(834.996413092757,1421.78585129967),.UNSPECIFIED.);
#5833=B_SPLINE_CURVE_WITH_KNOTS('',1,(#9271,#9272),.UNSPECIFIED.,.F.,.F.,
(2,2),(1421.78585129967,2256.78226439243),.UNSPECIFIED.);
#5834=B_SPLINE_CURVE_WITH_KNOTS('',1,(#9273,#9274),.UNSPECIFIED.,.F.,.F.,
(2,2),(0.,1954.051699631),.UNSPECIFIED.);
#5835=B_SPLINE_CURVE_WITH_KNOTS('',1,(#9275,#9276),.UNSPECIFIED.,.F.,.F.,
(2,2),(1421.78585129967,2256.78226439243),.UNSPECIFIED.);
#5836=B_SPLINE_CURVE_WITH_KNOTS('',1,(#9277,#9278),.UNSPECIFIED.,.F.,.F.,
(2,2),(2256.78226439243,2843.57170259934),.UNSPECIFIED.);
#5837=B_SPLINE_CURVE_WITH_KNOTS('',1,(#9279,#9280),.UNSPECIFIED.,.F.,.F.,
(2,2),(2256.78226439243,2843.57170259934),.UNSPECIFIED.);
#5838=B_SPLINE_CURVE_WITH_KNOTS('',1,(#9295,#9296),.UNSPECIFIED.,.F.,.F.,
(2,2),(0.,834.996413092757),.UNSPECIFIED.);
#5839=B_SPLINE_CURVE_WITH_KNOTS('',1,(#9297,#9298),.UNSPECIFIED.,.F.,.F.,
(2,2),(0.,1954.051699631),.UNSPECIFIED.);
#5840=B_SPLINE_CURVE_WITH_KNOTS('',1,(#9299,#9300),.UNSPECIFIED.,.F.,.F.,
(2,2),(0.,834.996413092757),.UNSPECIFIED.);
#5841=B_SPLINE_CURVE_WITH_KNOTS('',1,(#9301,#9302),.UNSPECIFIED.,.F.,.F.,
(2,2),(0.,1954.051699631),.UNSPECIFIED.);
#5842=B_SPLINE_CURVE_WITH_KNOTS('',1,(#9303,#9304),.UNSPECIFIED.,.F.,.F.,
(2,2),(834.996413092757,1444.46302111595),.UNSPECIFIED.);
#5843=B_SPLINE_CURVE_WITH_KNOTS('',1,(#9305,#9306),.UNSPECIFIED.,.F.,.F.,
(2,2),(0.,1954.051699631),.UNSPECIFIED.);
#5844=B_SPLINE_CURVE_WITH_KNOTS('',1,(#9307,#9308),.UNSPECIFIED.,.F.,.F.,
(2,2),(834.996413092757,1444.46302111595),.UNSPECIFIED.);
#5845=B_SPLINE_CURVE_WITH_KNOTS('',1,(#9309,#9310),.UNSPECIFIED.,.F.,.F.,
(2,2),(1444.46302111595,2279.45943420871),.UNSPECIFIED.);
#5846=B_SPLINE_CURVE_WITH_KNOTS('',1,(#9311,#9312),.UNSPECIFIED.,.F.,.F.,
(2,2),(0.,1954.051699631),.UNSPECIFIED.);
#5847=B_SPLINE_CURVE_WITH_KNOTS('',1,(#9313,#9314),.UNSPECIFIED.,.F.,.F.,
(2,2),(1444.46302111595,2279.45943420871),.UNSPECIFIED.);
#5848=B_SPLINE_CURVE_WITH_KNOTS('',1,(#9315,#9316),.UNSPECIFIED.,.F.,.F.,
(2,2),(2279.45943420871,2888.9260422319),.UNSPECIFIED.);
#5849=B_SPLINE_CURVE_WITH_KNOTS('',1,(#9317,#9318),.UNSPECIFIED.,.F.,.F.,
(2,2),(2279.45943420871,2888.9260422319),.UNSPECIFIED.);
#5850=B_SPLINE_CURVE_WITH_KNOTS('',1,(#9333,#9334),.UNSPECIFIED.,.F.,.F.,
(2,2),(0.,834.996413092757),.UNSPECIFIED.);
#5851=B_SPLINE_CURVE_WITH_KNOTS('',1,(#9335,#9336),.UNSPECIFIED.,.F.,.F.,
(2,2),(0.,1954.051699631),.UNSPECIFIED.);
#5852=B_SPLINE_CURVE_WITH_KNOTS('',1,(#9337,#9338),.UNSPECIFIED.,.F.,.F.,
(2,2),(0.,834.996413092757),.UNSPECIFIED.);
#5853=B_SPLINE_CURVE_WITH_KNOTS('',1,(#9339,#9340),.UNSPECIFIED.,.F.,.F.,
(2,2),(0.,1954.051699631),.UNSPECIFIED.);
#5854=B_SPLINE_CURVE_WITH_KNOTS('',1,(#9341,#9342),.UNSPECIFIED.,.F.,.F.,
(2,2),(834.996413092757,1402.23865594601),.UNSPECIFIED.);
#5855=B_SPLINE_CURVE_WITH_KNOTS('',1,(#9343,#9344),.UNSPECIFIED.,.F.,.F.,
(2,2),(0.,1954.051699631),.UNSPECIFIED.);
#5856=B_SPLINE_CURVE_WITH_KNOTS('',1,(#9345,#9346),.UNSPECIFIED.,.F.,.F.,
(2,2),(834.996413092757,1402.23865594601),.UNSPECIFIED.);
#5857=B_SPLINE_CURVE_WITH_KNOTS('',1,(#9347,#9348),.UNSPECIFIED.,.F.,.F.,
(2,2),(1402.23865594601,2237.23506903877),.UNSPECIFIED.);
#5858=B_SPLINE_CURVE_WITH_KNOTS('',1,(#9349,#9350),.UNSPECIFIED.,.F.,.F.,
(2,2),(0.,1954.051699631),.UNSPECIFIED.);
#5859=B_SPLINE_CURVE_WITH_KNOTS('',1,(#9351,#9352),.UNSPECIFIED.,.F.,.F.,
(2,2),(1402.23865594601,2237.23506903877),.UNSPECIFIED.);
#5860=B_SPLINE_CURVE_WITH_KNOTS('',1,(#9353,#9354),.UNSPECIFIED.,.F.,.F.,
(2,2),(2237.23506903877,2804.47731189202),.UNSPECIFIED.);
#5861=B_SPLINE_CURVE_WITH_KNOTS('',1,(#9355,#9356),.UNSPECIFIED.,.F.,.F.,
(2,2),(2237.23506903877,2804.47731189202),.UNSPECIFIED.);
#5862=B_SPLINE_CURVE_WITH_KNOTS('',1,(#9371,#9372),.UNSPECIFIED.,.F.,.F.,
(2,2),(0.,834.996413092757),.UNSPECIFIED.);
#5863=B_SPLINE_CURVE_WITH_KNOTS('',1,(#9373,#9374),.UNSPECIFIED.,.F.,.F.,
(2,2),(0.,1954.051699631),.UNSPECIFIED.);
#5864=B_SPLINE_CURVE_WITH_KNOTS('',1,(#9375,#9376),.UNSPECIFIED.,.F.,.F.,
(2,2),(0.,834.996413092757),.UNSPECIFIED.);
#5865=B_SPLINE_CURVE_WITH_KNOTS('',1,(#9377,#9378),.UNSPECIFIED.,.F.,.F.,
(2,2),(0.,1954.051699631),.UNSPECIFIED.);
#5866=B_SPLINE_CURVE_WITH_KNOTS('',1,(#9379,#9380),.UNSPECIFIED.,.F.,.F.,
(2,2),(834.996413092757,1414.12246221216),.UNSPECIFIED.);
#5867=B_SPLINE_CURVE_WITH_KNOTS('',1,(#9381,#9382),.UNSPECIFIED.,.F.,.F.,
(2,2),(0.,1954.051699631),.UNSPECIFIED.);
#5868=B_SPLINE_CURVE_WITH_KNOTS('',1,(#9383,#9384),.UNSPECIFIED.,.F.,.F.,
(2,2),(834.996413092757,1414.12246221216),.UNSPECIFIED.);
#5869=B_SPLINE_CURVE_WITH_KNOTS('',1,(#9385,#9386),.UNSPECIFIED.,.F.,.F.,
(2,2),(1414.12246221216,2249.11887530492),.UNSPECIFIED.);
#5870=B_SPLINE_CURVE_WITH_KNOTS('',1,(#9387,#9388),.UNSPECIFIED.,.F.,.F.,
(2,2),(0.,1954.051699631),.UNSPECIFIED.);
#5871=B_SPLINE_CURVE_WITH_KNOTS('',1,(#9389,#9390),.UNSPECIFIED.,.F.,.F.,
(2,2),(1414.12246221216,2249.11887530492),.UNSPECIFIED.);
#5872=B_SPLINE_CURVE_WITH_KNOTS('',1,(#9391,#9392),.UNSPECIFIED.,.F.,.F.,
(2,2),(2249.11887530492,2828.24492442432),.UNSPECIFIED.);
#5873=B_SPLINE_CURVE_WITH_KNOTS('',1,(#9393,#9394),.UNSPECIFIED.,.F.,.F.,
(2,2),(2249.11887530492,2828.24492442432),.UNSPECIFIED.);
#5874=B_SPLINE_CURVE_WITH_KNOTS('',1,(#9409,#9410),.UNSPECIFIED.,.F.,.F.,
(2,2),(0.,834.996413092757),.UNSPECIFIED.);
#5875=B_SPLINE_CURVE_WITH_KNOTS('',1,(#9411,#9412),.UNSPECIFIED.,.F.,.F.,
(2,2),(0.,1954.051699631),.UNSPECIFIED.);
#5876=B_SPLINE_CURVE_WITH_KNOTS('',1,(#9413,#9414),.UNSPECIFIED.,.F.,.F.,
(2,2),(0.,834.996413092757),.UNSPECIFIED.);
#5877=B_SPLINE_CURVE_WITH_KNOTS('',1,(#9415,#9416),.UNSPECIFIED.,.F.,.F.,
(2,2),(0.,1954.051699631),.UNSPECIFIED.);
#5878=B_SPLINE_CURVE_WITH_KNOTS('',1,(#9417,#9418),.UNSPECIFIED.,.F.,.F.,
(2,2),(834.996413092757,1439.8185428811),.UNSPECIFIED.);
#5879=B_SPLINE_CURVE_WITH_KNOTS('',1,(#9419,#9420),.UNSPECIFIED.,.F.,.F.,
(2,2),(0.,1954.051699631),.UNSPECIFIED.);
#5880=B_SPLINE_CURVE_WITH_KNOTS('',1,(#9421,#9422),.UNSPECIFIED.,.F.,.F.,
(2,2),(834.996413092757,1439.8185428811),.UNSPECIFIED.);
#5881=B_SPLINE_CURVE_WITH_KNOTS('',1,(#9423,#9424),.UNSPECIFIED.,.F.,.F.,
(2,2),(1439.8185428811,2274.81495597385),.UNSPECIFIED.);
#5882=B_SPLINE_CURVE_WITH_KNOTS('',1,(#9425,#9426),.UNSPECIFIED.,.F.,.F.,
(2,2),(0.,1954.051699631),.UNSPECIFIED.);
#5883=B_SPLINE_CURVE_WITH_KNOTS('',1,(#9427,#9428),.UNSPECIFIED.,.F.,.F.,
(2,2),(1439.8185428811,2274.81495597385),.UNSPECIFIED.);
#5884=B_SPLINE_CURVE_WITH_KNOTS('',1,(#9429,#9430),.UNSPECIFIED.,.F.,.F.,
(2,2),(2274.81495597385,2879.63708576219),.UNSPECIFIED.);
#5885=B_SPLINE_CURVE_WITH_KNOTS('',1,(#9431,#9432),.UNSPECIFIED.,.F.,.F.,
(2,2),(2274.81495597385,2879.63708576219),.UNSPECIFIED.);
#5886=B_SPLINE_CURVE_WITH_KNOTS('',1,(#9447,#9448),.UNSPECIFIED.,.F.,.F.,
(2,2),(0.,834.996413092757),.UNSPECIFIED.);
#5887=B_SPLINE_CURVE_WITH_KNOTS('',1,(#9449,#9450),.UNSPECIFIED.,.F.,.F.,
(2,2),(0.,1954.051699631),.UNSPECIFIED.);
#5888=B_SPLINE_CURVE_WITH_KNOTS('',1,(#9451,#9452),.UNSPECIFIED.,.F.,.F.,
(2,2),(0.,834.996413092757),.UNSPECIFIED.);
#5889=B_SPLINE_CURVE_WITH_KNOTS('',1,(#9453,#9454),.UNSPECIFIED.,.F.,.F.,
(2,2),(0.,1954.051699631),.UNSPECIFIED.);
#5890=B_SPLINE_CURVE_WITH_KNOTS('',1,(#9455,#9456),.UNSPECIFIED.,.F.,.F.,
(2,2),(834.996413092757,1433.60907741492),.UNSPECIFIED.);
#5891=B_SPLINE_CURVE_WITH_KNOTS('',1,(#9457,#9458),.UNSPECIFIED.,.F.,.F.,
(2,2),(0.,1954.051699631),.UNSPECIFIED.);
#5892=B_SPLINE_CURVE_WITH_KNOTS('',1,(#9459,#9460),.UNSPECIFIED.,.F.,.F.,
(2,2),(834.996413092757,1433.60907741492),.UNSPECIFIED.);
#5893=B_SPLINE_CURVE_WITH_KNOTS('',1,(#9461,#9462),.UNSPECIFIED.,.F.,.F.,
(2,2),(1433.60907741492,2268.60549050768),.UNSPECIFIED.);
#5894=B_SPLINE_CURVE_WITH_KNOTS('',1,(#9463,#9464),.UNSPECIFIED.,.F.,.F.,
(2,2),(0.,1954.051699631),.UNSPECIFIED.);
#5895=B_SPLINE_CURVE_WITH_KNOTS('',1,(#9465,#9466),.UNSPECIFIED.,.F.,.F.,
(2,2),(1433.60907741492,2268.60549050768),.UNSPECIFIED.);
#5896=B_SPLINE_CURVE_WITH_KNOTS('',1,(#9467,#9468),.UNSPECIFIED.,.F.,.F.,
(2,2),(2268.60549050768,2867.21815482985),.UNSPECIFIED.);
#5897=B_SPLINE_CURVE_WITH_KNOTS('',1,(#9469,#9470),.UNSPECIFIED.,.F.,.F.,
(2,2),(2268.60549050768,2867.21815482985),.UNSPECIFIED.);
#5898=B_SPLINE_CURVE_WITH_KNOTS('',1,(#9485,#9486),.UNSPECIFIED.,.F.,.F.,
(2,2),(0.,834.996413092757),.UNSPECIFIED.);
#5899=B_SPLINE_CURVE_WITH_KNOTS('',1,(#9487,#9488),.UNSPECIFIED.,.F.,.F.,
(2,2),(0.,1954.051699631),.UNSPECIFIED.);
#5900=B_SPLINE_CURVE_WITH_KNOTS('',1,(#9489,#9490),.UNSPECIFIED.,.F.,.F.,
(2,2),(0.,834.996413092757),.UNSPECIFIED.);
#5901=B_SPLINE_CURVE_WITH_KNOTS('',1,(#9491,#9492),.UNSPECIFIED.,.F.,.F.,
(2,2),(0.,1954.051699631),.UNSPECIFIED.);
#5902=B_SPLINE_CURVE_WITH_KNOTS('',1,(#9493,#9494),.UNSPECIFIED.,.F.,.F.,
(2,2),(834.996413092757,1434.42690945193),.UNSPECIFIED.);
#5903=B_SPLINE_CURVE_WITH_KNOTS('',1,(#9495,#9496),.UNSPECIFIED.,.F.,.F.,
(2,2),(0.,1954.051699631),.UNSPECIFIED.);
#5904=B_SPLINE_CURVE_WITH_KNOTS('',1,(#9497,#9498),.UNSPECIFIED.,.F.,.F.,
(2,2),(834.996413092757,1434.42690945193),.UNSPECIFIED.);
#5905=B_SPLINE_CURVE_WITH_KNOTS('',1,(#9499,#9500),.UNSPECIFIED.,.F.,.F.,
(2,2),(1434.42690945193,2269.42332254469),.UNSPECIFIED.);
#5906=B_SPLINE_CURVE_WITH_KNOTS('',1,(#9501,#9502),.UNSPECIFIED.,.F.,.F.,
(2,2),(0.,1954.051699631),.UNSPECIFIED.);
#5907=B_SPLINE_CURVE_WITH_KNOTS('',1,(#9503,#9504),.UNSPECIFIED.,.F.,.F.,
(2,2),(1434.42690945193,2269.42332254469),.UNSPECIFIED.);
#5908=B_SPLINE_CURVE_WITH_KNOTS('',1,(#9505,#9506),.UNSPECIFIED.,.F.,.F.,
(2,2),(2269.42332254469,2868.85381890387),.UNSPECIFIED.);
#5909=B_SPLINE_CURVE_WITH_KNOTS('',1,(#9507,#9508),.UNSPECIFIED.,.F.,.F.,
(2,2),(2269.42332254469,2868.85381890387),.UNSPECIFIED.);
#5910=B_SPLINE_CURVE_WITH_KNOTS('',1,(#9523,#9524),.UNSPECIFIED.,.F.,.F.,
(2,2),(0.,834.996413092757),.UNSPECIFIED.);
#5911=B_SPLINE_CURVE_WITH_KNOTS('',1,(#9525,#9526),.UNSPECIFIED.,.F.,.F.,
(2,2),(0.,1954.051699631),.UNSPECIFIED.);
#5912=B_SPLINE_CURVE_WITH_KNOTS('',1,(#9527,#9528),.UNSPECIFIED.,.F.,.F.,
(2,2),(0.,834.996413092757),.UNSPECIFIED.);
#5913=B_SPLINE_CURVE_WITH_KNOTS('',1,(#9529,#9530),.UNSPECIFIED.,.F.,.F.,
(2,2),(0.,1954.051699631),.UNSPECIFIED.);
#5914=B_SPLINE_CURVE_WITH_KNOTS('',1,(#9531,#9532),.UNSPECIFIED.,.F.,.F.,
(2,2),(834.996413092757,1429.49972384626),.UNSPECIFIED.);
#5915=B_SPLINE_CURVE_WITH_KNOTS('',1,(#9533,#9534),.UNSPECIFIED.,.F.,.F.,
(2,2),(0.,1954.051699631),.UNSPECIFIED.);
#5916=B_SPLINE_CURVE_WITH_KNOTS('',1,(#9535,#9536),.UNSPECIFIED.,.F.,.F.,
(2,2),(834.996413092757,1429.49972384626),.UNSPECIFIED.);
#5917=B_SPLINE_CURVE_WITH_KNOTS('',1,(#9537,#9538),.UNSPECIFIED.,.F.,.F.,
(2,2),(1429.49972384626,2264.49613693901),.UNSPECIFIED.);
#5918=B_SPLINE_CURVE_WITH_KNOTS('',1,(#9539,#9540),.UNSPECIFIED.,.F.,.F.,
(2,2),(0.,1954.051699631),.UNSPECIFIED.);
#5919=B_SPLINE_CURVE_WITH_KNOTS('',1,(#9541,#9542),.UNSPECIFIED.,.F.,.F.,
(2,2),(1429.49972384626,2264.49613693901),.UNSPECIFIED.);
#5920=B_SPLINE_CURVE_WITH_KNOTS('',1,(#9543,#9544),.UNSPECIFIED.,.F.,.F.,
(2,2),(2264.49613693901,2858.99944769251),.UNSPECIFIED.);
#5921=B_SPLINE_CURVE_WITH_KNOTS('',1,(#9545,#9546),.UNSPECIFIED.,.F.,.F.,
(2,2),(2264.49613693901,2858.99944769251),.UNSPECIFIED.);
#5922=B_SPLINE_CURVE_WITH_KNOTS('',1,(#9561,#9562),.UNSPECIFIED.,.F.,.F.,
(2,2),(0.,834.996413092757),.UNSPECIFIED.);
#5923=B_SPLINE_CURVE_WITH_KNOTS('',1,(#9563,#9564),.UNSPECIFIED.,.F.,.F.,
(2,2),(0.,1954.051699631),.UNSPECIFIED.);
#5924=B_SPLINE_CURVE_WITH_KNOTS('',1,(#9565,#9566),.UNSPECIFIED.,.F.,.F.,
(2,2),(0.,834.996413092757),.UNSPECIFIED.);
#5925=B_SPLINE_CURVE_WITH_KNOTS('',1,(#9567,#9568),.UNSPECIFIED.,.F.,.F.,
(2,2),(0.,1954.051699631),.UNSPECIFIED.);
#5926=B_SPLINE_CURVE_WITH_KNOTS('',1,(#9569,#9570),.UNSPECIFIED.,.F.,.F.,
(2,2),(834.996413092757,1424.66340846692),.UNSPECIFIED.);
#5927=B_SPLINE_CURVE_WITH_KNOTS('',1,(#9571,#9572),.UNSPECIFIED.,.F.,.F.,
(2,2),(0.,1954.051699631),.UNSPECIFIED.);
#5928=B_SPLINE_CURVE_WITH_KNOTS('',1,(#9573,#9574),.UNSPECIFIED.,.F.,.F.,
(2,2),(834.996413092757,1424.66340846692),.UNSPECIFIED.);
#5929=B_SPLINE_CURVE_WITH_KNOTS('',1,(#9575,#9576),.UNSPECIFIED.,.F.,.F.,
(2,2),(1424.66340846692,2259.65982155968),.UNSPECIFIED.);
#5930=B_SPLINE_CURVE_WITH_KNOTS('',1,(#9577,#9578),.UNSPECIFIED.,.F.,.F.,
(2,2),(0.,1954.051699631),.UNSPECIFIED.);
#5931=B_SPLINE_CURVE_WITH_KNOTS('',1,(#9579,#9580),.UNSPECIFIED.,.F.,.F.,
(2,2),(1424.66340846692,2259.65982155968),.UNSPECIFIED.);
#5932=B_SPLINE_CURVE_WITH_KNOTS('',1,(#9581,#9582),.UNSPECIFIED.,.F.,.F.,
(2,2),(2259.65982155968,2849.32681693384),.UNSPECIFIED.);
#5933=B_SPLINE_CURVE_WITH_KNOTS('',1,(#9583,#9584),.UNSPECIFIED.,.F.,.F.,
(2,2),(2259.65982155968,2849.32681693384),.UNSPECIFIED.);
#5934=B_SPLINE_CURVE_WITH_KNOTS('',1,(#10101,#10102),.UNSPECIFIED.,.F.,
 .F.,(2,2),(0.,1956.7007177874),.UNSPECIFIED.);
#5935=B_SPLINE_CURVE_WITH_KNOTS('',1,(#10103,#10104),.UNSPECIFIED.,.F.,
 .F.,(2,2),(0.,1956.7007177874),.UNSPECIFIED.);
#5936=B_SPLINE_CURVE_WITH_KNOTS('',1,(#10105,#10106),.UNSPECIFIED.,.F.,
 .F.,(2,2),(-62197.4093648361,-62196.4093648361),.UNSPECIFIED.);
#5937=B_SPLINE_CURVE_WITH_KNOTS('',1,(#10107,#10108),.UNSPECIFIED.,.F.,
 .F.,(2,2),(0.,1956.7007177874),.UNSPECIFIED.);
#5938=B_SPLINE_CURVE_WITH_KNOTS('',1,(#10109,#10110),.UNSPECIFIED.,.F.,
 .F.,(2,2),(-62197.4093648361,-62196.4093648361),.UNSPECIFIED.);
#5939=B_SPLINE_CURVE_WITH_KNOTS('',1,(#10111,#10112),.UNSPECIFIED.,.F.,
 .F.,(2,2),(-62147.4093648361,-62146.4093648361),.UNSPECIFIED.);
#5940=B_SPLINE_CURVE_WITH_KNOTS('',1,(#10113,#10114),.UNSPECIFIED.,.F.,
 .F.,(2,2),(0.,1956.7007177874),.UNSPECIFIED.);
#5941=B_SPLINE_CURVE_WITH_KNOTS('',1,(#10115,#10116),.UNSPECIFIED.,.F.,
 .F.,(2,2),(-62147.4093648361,-62146.4093648361),.UNSPECIFIED.);
#5942=B_SPLINE_CURVE_WITH_KNOTS('',1,(#10117,#10118),.UNSPECIFIED.,.F.,
 .F.,(2,2),(0.,1956.7007177874),.UNSPECIFIED.);
#5943=B_SPLINE_CURVE_WITH_KNOTS('',1,(#10119,#10120),.UNSPECIFIED.,.F.,
 .F.,(2,2),(-61072.7265581049,-61071.7265581049),.UNSPECIFIED.);
#5944=B_SPLINE_CURVE_WITH_KNOTS('',1,(#10121,#10122),.UNSPECIFIED.,.F.,
 .F.,(2,2),(0.,1956.7007177874),.UNSPECIFIED.);
#5945=B_SPLINE_CURVE_WITH_KNOTS('',1,(#10123,#10124),.UNSPECIFIED.,.F.,
 .F.,(2,2),(-61072.7265581049,-61071.7265581049),.UNSPECIFIED.);
#5946=B_SPLINE_CURVE_WITH_KNOTS('',1,(#10125,#10126),.UNSPECIFIED.,.F.,
 .F.,(2,2),(-60407.7205224716,-59135.4605224716),.UNSPECIFIED.);
#5947=B_SPLINE_CURVE_WITH_KNOTS('',1,(#10127,#10128),.UNSPECIFIED.,.F.,
 .F.,(2,2),(0.,1956.7007177874),.UNSPECIFIED.);
#5948=B_SPLINE_CURVE_WITH_KNOTS('',1,(#10129,#10130),.UNSPECIFIED.,.F.,
 .F.,(2,2),(-60407.7205224716,-59135.4605224716),.UNSPECIFIED.);
#5949=B_SPLINE_CURVE_WITH_KNOTS('',1,(#10131,#10132),.UNSPECIFIED.,.F.,
 .F.,(2,2),(0.,1956.7007177874),.UNSPECIFIED.);
#5950=B_SPLINE_CURVE_WITH_KNOTS('',1,(#10133,#10134),.UNSPECIFIED.,.F.,
 .F.,(2,2),(-58374.673931427,-58373.673931427),.UNSPECIFIED.);
#5951=B_SPLINE_CURVE_WITH_KNOTS('',1,(#10135,#10136),.UNSPECIFIED.,.F.,
 .F.,(2,2),(0.,1956.7007177874),.UNSPECIFIED.);
#5952=B_SPLINE_CURVE_WITH_KNOTS('',1,(#10137,#10138),.UNSPECIFIED.,.F.,
 .F.,(2,2),(-58374.673931427,-58373.673931427),.UNSPECIFIED.);
#5953=B_SPLINE_CURVE_WITH_KNOTS('',1,(#10139,#10140),.UNSPECIFIED.,.F.,
 .F.,(2,2),(-58324.673931427,-58323.6739314269),.UNSPECIFIED.);
#5954=B_SPLINE_CURVE_WITH_KNOTS('',1,(#10141,#10142),.UNSPECIFIED.,.F.,
 .F.,(2,2),(0.,1956.7007177874),.UNSPECIFIED.);
#5955=B_SPLINE_CURVE_WITH_KNOTS('',1,(#10143,#10144),.UNSPECIFIED.,.F.,
 .F.,(2,2),(-58324.673931427,-58323.6739314269),.UNSPECIFIED.);
#5956=B_SPLINE_CURVE_WITH_KNOTS('',1,(#10145,#10146),.UNSPECIFIED.,.F.,
 .F.,(2,2),(-55992.6408121732,-54919.9548121733),.UNSPECIFIED.);
#5957=B_SPLINE_CURVE_WITH_KNOTS('',1,(#10147,#10148),.UNSPECIFIED.,.F.,
 .F.,(2,2),(0.,1956.7007177874),.UNSPECIFIED.);
#5958=B_SPLINE_CURVE_WITH_KNOTS('',1,(#10149,#10150),.UNSPECIFIED.,.F.,
 .F.,(2,2),(-55992.6408121732,-54919.9548121733),.UNSPECIFIED.);
#5959=B_SPLINE_CURVE_WITH_KNOTS('',1,(#10151,#10152),.UNSPECIFIED.,.F.,
 .F.,(2,2),(-54919.9548121733,-52407.8092616478),.UNSPECIFIED.);
#5960=B_SPLINE_CURVE_WITH_KNOTS('',1,(#10153,#10154),.UNSPECIFIED.,.F.,
 .F.,(2,2),(0.,1956.7007177874),.UNSPECIFIED.);
#5961=B_SPLINE_CURVE_WITH_KNOTS('',1,(#10155,#10156),.UNSPECIFIED.,.F.,
 .F.,(2,2),(-54919.9548121733,-52407.8092616478),.UNSPECIFIED.);
#5962=B_SPLINE_CURVE_WITH_KNOTS('',1,(#10157,#10158),.UNSPECIFIED.,.F.,
 .F.,(2,2),(-52407.8092616478,-51335.1232616479),.UNSPECIFIED.);
#5963=B_SPLINE_CURVE_WITH_KNOTS('',1,(#10159,#10160),.UNSPECIFIED.,.F.,
 .F.,(2,2),(0.,1956.7007177874),.UNSPECIFIED.);
#5964=B_SPLINE_CURVE_WITH_KNOTS('',1,(#10161,#10162),.UNSPECIFIED.,.F.,
 .F.,(2,2),(-52407.8092616478,-51335.1232616479),.UNSPECIFIED.);
#5965=B_SPLINE_CURVE_WITH_KNOTS('',1,(#10163,#10164),.UNSPECIFIED.,.F.,
 .F.,(2,2),(0.,1956.7007177874),.UNSPECIFIED.);
#5966=B_SPLINE_CURVE_WITH_KNOTS('',1,(#10165,#10166),.UNSPECIFIED.,.F.,
 .F.,(2,2),(-51263.69224833,-51262.69224833),.UNSPECIFIED.);
#5967=B_SPLINE_CURVE_WITH_KNOTS('',1,(#10167,#10168),.UNSPECIFIED.,.F.,
 .F.,(2,2),(0.,1956.7007177874),.UNSPECIFIED.);
#5968=B_SPLINE_CURVE_WITH_KNOTS('',1,(#10169,#10170),.UNSPECIFIED.,.F.,
 .F.,(2,2),(-51263.69224833,-51262.69224833),.UNSPECIFIED.);
#5969=B_SPLINE_CURVE_WITH_KNOTS('',1,(#10171,#10172),.UNSPECIFIED.,.F.,
 .F.,(2,2),(-51213.69224833,-51212.69224833),.UNSPECIFIED.);
#5970=B_SPLINE_CURVE_WITH_KNOTS('',1,(#10173,#10174),.UNSPECIFIED.,.F.,
 .F.,(2,2),(0.,1956.7007177874),.UNSPECIFIED.);
#5971=B_SPLINE_CURVE_WITH_KNOTS('',1,(#10175,#10176),.UNSPECIFIED.,.F.,
 .F.,(2,2),(-51213.69224833,-51212.69224833),.UNSPECIFIED.);
#5972=B_SPLINE_CURVE_WITH_KNOTS('',1,(#10177,#10178,#10179),
 .UNSPECIFIED.,.F.,.F.,(2,1,2),(-51142.2612350121,-49870.0012350121,-48899.1112350121),
 .UNSPECIFIED.);
#5973=B_SPLINE_CURVE_WITH_KNOTS('',1,(#10180,#10181),.UNSPECIFIED.,.F.,
 .F.,(2,2),(0.,1956.7007177874),.UNSPECIFIED.);
#5974=B_SPLINE_CURVE_WITH_KNOTS('',1,(#10182,#10183,#10184),
 .UNSPECIFIED.,.F.,.F.,(2,1,2),(-51142.2612350121,-49870.0012350121,-48899.1112350121),
 .UNSPECIFIED.);
#5975=B_SPLINE_CURVE_WITH_KNOTS('',1,(#10185,#10186),.UNSPECIFIED.,.F.,
 .F.,(2,2),(0.,1956.7007177874),.UNSPECIFIED.);
#5976=B_SPLINE_CURVE_WITH_KNOTS('',1,(#10187,#10188),.UNSPECIFIED.,.F.,
 .F.,(2,2),(-48819.7099115503,-48818.7099115503),.UNSPECIFIED.);
#5977=B_SPLINE_CURVE_WITH_KNOTS('',1,(#10189,#10190),.UNSPECIFIED.,.F.,
 .F.,(2,2),(0.,1956.7007177874),.UNSPECIFIED.);
#5978=B_SPLINE_CURVE_WITH_KNOTS('',1,(#10191,#10192),.UNSPECIFIED.,.F.,
 .F.,(2,2),(-48819.7099115503,-48818.7099115503),.UNSPECIFIED.);
#5979=B_SPLINE_CURVE_WITH_KNOTS('',1,(#10193,#10194),.UNSPECIFIED.,.F.,
 .F.,(2,2),(-48769.7099115503,-48768.7099115503),.UNSPECIFIED.);
#5980=B_SPLINE_CURVE_WITH_KNOTS('',1,(#10195,#10196),.UNSPECIFIED.,.F.,
 .F.,(2,2),(0.,1956.7007177874),.UNSPECIFIED.);
#5981=B_SPLINE_CURVE_WITH_KNOTS('',1,(#10197,#10198),.UNSPECIFIED.,.F.,
 .F.,(2,2),(-48769.7099115503,-48768.7099115503),.UNSPECIFIED.);
#5982=B_SPLINE_CURVE_WITH_KNOTS('',1,(#10199,#10200,#10201),
 .UNSPECIFIED.,.F.,.F.,(2,1,2),(-48690.3085880885,-45469.4285880885,-44756.5885880885),
 .UNSPECIFIED.);
#5983=B_SPLINE_CURVE_WITH_KNOTS('',1,(#10202,#10203),.UNSPECIFIED.,.F.,
 .F.,(2,2),(0.,1956.7007177874),.UNSPECIFIED.);
#5984=B_SPLINE_CURVE_WITH_KNOTS('',1,(#10204,#10205,#10206),
 .UNSPECIFIED.,.F.,.F.,(2,1,2),(-48690.3085880885,-45469.4285880885,-44756.5885880885),
 .UNSPECIFIED.);
#5985=B_SPLINE_CURVE_WITH_KNOTS('',1,(#10207,#10208),.UNSPECIFIED.,.F.,
 .F.,(2,2),(0.,1956.7007177874),.UNSPECIFIED.);
#5986=B_SPLINE_CURVE_WITH_KNOTS('',1,(#10209,#10210),.UNSPECIFIED.,.F.,
 .F.,(2,2),(-44674.9648426779,-44673.9648426779),.UNSPECIFIED.);
#5987=B_SPLINE_CURVE_WITH_KNOTS('',1,(#10211,#10212),.UNSPECIFIED.,.F.,
 .F.,(2,2),(0.,1956.7007177874),.UNSPECIFIED.);
#5988=B_SPLINE_CURVE_WITH_KNOTS('',1,(#10213,#10214),.UNSPECIFIED.,.F.,
 .F.,(2,2),(-44674.9648426779,-44673.9648426779),.UNSPECIFIED.);
#5989=B_SPLINE_CURVE_WITH_KNOTS('',1,(#10215,#10216),.UNSPECIFIED.,.F.,
 .F.,(2,2),(-44624.9648426779,-44623.9648426779),.UNSPECIFIED.);
#5990=B_SPLINE_CURVE_WITH_KNOTS('',1,(#10217,#10218),.UNSPECIFIED.,.F.,
 .F.,(2,2),(0.,1956.7007177874),.UNSPECIFIED.);
#5991=B_SPLINE_CURVE_WITH_KNOTS('',1,(#10219,#10220),.UNSPECIFIED.,.F.,
 .F.,(2,2),(-44624.9648426779,-44623.9648426779),.UNSPECIFIED.);
#5992=B_SPLINE_CURVE_WITH_KNOTS('',1,(#10221,#10222),.UNSPECIFIED.,.F.,
 .F.,(2,2),(-44543.3410972673,-43490.4310972673),.UNSPECIFIED.);
#5993=B_SPLINE_CURVE_WITH_KNOTS('',1,(#10223,#10224),.UNSPECIFIED.,.F.,
 .F.,(2,2),(0.,1956.7007177874),.UNSPECIFIED.);
#5994=B_SPLINE_CURVE_WITH_KNOTS('',1,(#10225,#10226),.UNSPECIFIED.,.F.,
 .F.,(2,2),(-44543.3410972673,-43490.4310972673),.UNSPECIFIED.);
#5995=B_SPLINE_CURVE_WITH_KNOTS('',1,(#10227,#10228),.UNSPECIFIED.,.F.,
 .F.,(2,2),(-43490.4310972673,-40978.2855467419),.UNSPECIFIED.);
#5996=B_SPLINE_CURVE_WITH_KNOTS('',1,(#10229,#10230),.UNSPECIFIED.,.F.,
 .F.,(2,2),(0.,1956.7007177874),.UNSPECIFIED.);
#5997=B_SPLINE_CURVE_WITH_KNOTS('',1,(#10231,#10232),.UNSPECIFIED.,.F.,
 .F.,(2,2),(-43490.4310972673,-40978.2855467419),.UNSPECIFIED.);
#5998=B_SPLINE_CURVE_WITH_KNOTS('',1,(#10233,#10234),.UNSPECIFIED.,.F.,
 .F.,(2,2),(-40978.2855467419,-39925.3755467419),.UNSPECIFIED.);
#5999=B_SPLINE_CURVE_WITH_KNOTS('',1,(#10235,#10236),.UNSPECIFIED.,.F.,
 .F.,(2,2),(0.,1956.7007177874),.UNSPECIFIED.);
#6000=B_SPLINE_CURVE_WITH_KNOTS('',1,(#10237,#10238),.UNSPECIFIED.,.F.,
 .F.,(2,2),(-40978.2855467419,-39925.3755467419),.UNSPECIFIED.);
#6001=B_SPLINE_CURVE_WITH_KNOTS('',1,(#10239,#10240),.UNSPECIFIED.,.F.,
 .F.,(2,2),(0.,1956.7007177874),.UNSPECIFIED.);
#6002=B_SPLINE_CURVE_WITH_KNOTS('',1,(#10241,#10242),.UNSPECIFIED.,.F.,
 .F.,(2,2),(-37581.1595735317,-37580.1595735317),.UNSPECIFIED.);
#6003=B_SPLINE_CURVE_WITH_KNOTS('',1,(#10243,#10244),.UNSPECIFIED.,.F.,
 .F.,(2,2),(0.,1956.7007177874),.UNSPECIFIED.);
#6004=B_SPLINE_CURVE_WITH_KNOTS('',1,(#10245,#10246),.UNSPECIFIED.,.F.,
 .F.,(2,2),(-37581.1595735317,-37580.1595735317),.UNSPECIFIED.);
#6005=B_SPLINE_CURVE_WITH_KNOTS('',1,(#10247,#10248),.UNSPECIFIED.,.F.,
 .F.,(2,2),(-37531.1595735317,-37530.1595735317),.UNSPECIFIED.);
#6006=B_SPLINE_CURVE_WITH_KNOTS('',1,(#10249,#10250),.UNSPECIFIED.,.F.,
 .F.,(2,2),(0.,1956.7007177874),.UNSPECIFIED.);
#6007=B_SPLINE_CURVE_WITH_KNOTS('',1,(#10251,#10252),.UNSPECIFIED.,.F.,
 .F.,(2,2),(-37531.1595735317,-37530.1595735317),.UNSPECIFIED.);
#6008=B_SPLINE_CURVE_WITH_KNOTS('',1,(#10253,#10254),.UNSPECIFIED.,.F.,
 .F.,(2,2),(0.,1956.7007177874),.UNSPECIFIED.);
#6009=B_SPLINE_CURVE_WITH_KNOTS('',1,(#10255,#10256),.UNSPECIFIED.,.F.,
 .F.,(2,2),(-36710.3561641637,-36709.3561641637),.UNSPECIFIED.);
#6010=B_SPLINE_CURVE_WITH_KNOTS('',1,(#10257,#10258),.UNSPECIFIED.,.F.,
 .F.,(2,2),(0.,1956.7007177874),.UNSPECIFIED.);
#6011=B_SPLINE_CURVE_WITH_KNOTS('',1,(#10259,#10260),.UNSPECIFIED.,.F.,
 .F.,(2,2),(-36710.3561641637,-36709.3561641637),.UNSPECIFIED.);
#6012=B_SPLINE_CURVE_WITH_KNOTS('',1,(#10271,#10272),.UNSPECIFIED.,.F.,
 .F.,(2,2),(-62198.4093648362,-62197.4093648361),.UNSPECIFIED.);
#6013=B_SPLINE_CURVE_WITH_KNOTS('',1,(#10273,#10274),.UNSPECIFIED.,.F.,
 .F.,(2,2),(-62198.4093648362,-62197.4093648361),.UNSPECIFIED.);
#6014=B_SPLINE_CURVE_WITH_KNOTS('',1,(#10275,#10276),.UNSPECIFIED.,.F.,
 .F.,(2,2),(-62148.4093648361,-62147.4093648361),.UNSPECIFIED.);
#6015=B_SPLINE_CURVE_WITH_KNOTS('',1,(#10277,#10278),.UNSPECIFIED.,.F.,
 .F.,(2,2),(-62148.4093648361,-62147.4093648361),.UNSPECIFIED.);
#6016=B_SPLINE_CURVE_WITH_KNOTS('',1,(#10279,#10280),.UNSPECIFIED.,.F.,
 .F.,(2,2),(-61073.7265581049,-61072.7265581049),.UNSPECIFIED.);
#6017=B_SPLINE_CURVE_WITH_KNOTS('',1,(#10281,#10282),.UNSPECIFIED.,.F.,
 .F.,(2,2),(-61073.7265581049,-61072.7265581049),.UNSPECIFIED.);
#6018=B_SPLINE_CURVE_WITH_KNOTS('',1,(#10283,#10284),.UNSPECIFIED.,.F.,
 .F.,(2,2),(-58375.673931427,-58374.673931427),.UNSPECIFIED.);
#6019=B_SPLINE_CURVE_WITH_KNOTS('',1,(#10285,#10286),.UNSPECIFIED.,.F.,
 .F.,(2,2),(-58375.673931427,-58374.673931427),.UNSPECIFIED.);
#6020=B_SPLINE_CURVE_WITH_KNOTS('',1,(#10287,#10288),.UNSPECIFIED.,.F.,
 .F.,(2,2),(-58325.673931427,-58324.673931427),.UNSPECIFIED.);
#6021=B_SPLINE_CURVE_WITH_KNOTS('',1,(#10289,#10290),.UNSPECIFIED.,.F.,
 .F.,(2,2),(-58325.673931427,-58324.673931427),.UNSPECIFIED.);
#6022=B_SPLINE_CURVE_WITH_KNOTS('',1,(#10291,#10292),.UNSPECIFIED.,.F.,
 .F.,(2,2),(-51264.69224833,-51263.69224833),.UNSPECIFIED.);
#6023=B_SPLINE_CURVE_WITH_KNOTS('',1,(#10293,#10294),.UNSPECIFIED.,.F.,
 .F.,(2,2),(-51264.69224833,-51263.69224833),.UNSPECIFIED.);
#6024=B_SPLINE_CURVE_WITH_KNOTS('',1,(#10295,#10296),.UNSPECIFIED.,.F.,
 .F.,(2,2),(-51214.69224833,-51213.69224833),.UNSPECIFIED.);
#6025=B_SPLINE_CURVE_WITH_KNOTS('',1,(#10297,#10298),.UNSPECIFIED.,.F.,
 .F.,(2,2),(-51214.69224833,-51213.69224833),.UNSPECIFIED.);
#6026=B_SPLINE_CURVE_WITH_KNOTS('',1,(#10299,#10300),.UNSPECIFIED.,.F.,
 .F.,(2,2),(-48820.7099115503,-48819.7099115503),.UNSPECIFIED.);
#6027=B_SPLINE_CURVE_WITH_KNOTS('',1,(#10301,#10302),.UNSPECIFIED.,.F.,
 .F.,(2,2),(-48820.7099115503,-48819.7099115503),.UNSPECIFIED.);
#6028=B_SPLINE_CURVE_WITH_KNOTS('',1,(#10303,#10304),.UNSPECIFIED.,.F.,
 .F.,(2,2),(-48770.7099115503,-48769.7099115503),.UNSPECIFIED.);
#6029=B_SPLINE_CURVE_WITH_KNOTS('',1,(#10305,#10306),.UNSPECIFIED.,.F.,
 .F.,(2,2),(-48770.7099115503,-48769.7099115503),.UNSPECIFIED.);
#6030=B_SPLINE_CURVE_WITH_KNOTS('',1,(#10307,#10308),.UNSPECIFIED.,.F.,
 .F.,(2,2),(-44675.9648426779,-44674.9648426779),.UNSPECIFIED.);
#6031=B_SPLINE_CURVE_WITH_KNOTS('',1,(#10309,#10310),.UNSPECIFIED.,.F.,
 .F.,(2,2),(-44675.9648426779,-44674.9648426779),.UNSPECIFIED.);
#6032=B_SPLINE_CURVE_WITH_KNOTS('',1,(#10311,#10312),.UNSPECIFIED.,.F.,
 .F.,(2,2),(-44625.9648426779,-44624.9648426779),.UNSPECIFIED.);
#6033=B_SPLINE_CURVE_WITH_KNOTS('',1,(#10313,#10314),.UNSPECIFIED.,.F.,
 .F.,(2,2),(-44625.9648426779,-44624.9648426779),.UNSPECIFIED.);
#6034=B_SPLINE_CURVE_WITH_KNOTS('',1,(#10315,#10316),.UNSPECIFIED.,.F.,
 .F.,(2,2),(-37582.1595735317,-37581.1595735317),.UNSPECIFIED.);
#6035=B_SPLINE_CURVE_WITH_KNOTS('',1,(#10317,#10318),.UNSPECIFIED.,.F.,
 .F.,(2,2),(-37582.1595735317,-37581.1595735317),.UNSPECIFIED.);
#6036=B_SPLINE_CURVE_WITH_KNOTS('',1,(#10319,#10320),.UNSPECIFIED.,.F.,
 .F.,(2,2),(-37532.1595735316,-37531.1595735317),.UNSPECIFIED.);
#6037=B_SPLINE_CURVE_WITH_KNOTS('',1,(#10321,#10322),.UNSPECIFIED.,.F.,
 .F.,(2,2),(-37532.1595735316,-37531.1595735317),.UNSPECIFIED.);
#6038=B_SPLINE_CURVE_WITH_KNOTS('',1,(#10323,#10324),.UNSPECIFIED.,.F.,
 .F.,(2,2),(-36711.3561641637,-36710.3561641637),.UNSPECIFIED.);
#6039=B_SPLINE_CURVE_WITH_KNOTS('',1,(#10325,#10326),.UNSPECIFIED.,.F.,
 .F.,(2,2),(-36711.3561641637,-36710.3561641637),.UNSPECIFIED.);
#6040=B_SPLINE_CURVE_WITH_KNOTS('',1,(#10327,#10328),.UNSPECIFIED.,.F.,
 .F.,(2,2),(-63373.7381420077,-62198.4093648361),.UNSPECIFIED.);
#6041=B_SPLINE_CURVE_WITH_KNOTS('',1,(#10329,#10330),.UNSPECIFIED.,.F.,
 .F.,(2,2),(-63373.7381420077,-62198.4093648361),.UNSPECIFIED.);
#6042=B_SPLINE_CURVE_WITH_KNOTS('',3,(#10331,#10332,#10333,#10334),
 .UNSPECIFIED.,.F.,.F.,(4,4),(0.,1956.7007177874),.UNSPECIFIED.);
#6043=B_SPLINE_CURVE_WITH_KNOTS('',1,(#10335,#10336),.UNSPECIFIED.,.F.,
 .F.,(2,2),(0.,1956.7007177874),.UNSPECIFIED.);
#6044=B_SPLINE_CURVE_WITH_KNOTS('',1,(#10337,#10338),.UNSPECIFIED.,.F.,
 .F.,(2,2),(0.,1956.7007177874),.UNSPECIFIED.);
#6045=B_SPLINE_CURVE_WITH_KNOTS('',1,(#10339,#10340),.UNSPECIFIED.,.F.,
 .F.,(2,2),(-62196.4093648361,-62148.4093648361),.UNSPECIFIED.);
#6046=B_SPLINE_CURVE_WITH_KNOTS('',1,(#10341,#10342),.UNSPECIFIED.,.F.,
 .F.,(2,2),(-62196.4093648361,-62148.4093648361),.UNSPECIFIED.);
#6047=B_SPLINE_CURVE_WITH_KNOTS('',1,(#10343,#10344),.UNSPECIFIED.,.F.,
 .F.,(2,2),(0.,1956.7007177874),.UNSPECIFIED.);
#6048=B_SPLINE_CURVE_WITH_KNOTS('',1,(#10345,#10346),.UNSPECIFIED.,.F.,
 .F.,(2,2),(-62146.4093648361,-62043.6165581049),.UNSPECIFIED.);
#6049=B_SPLINE_CURVE_WITH_KNOTS('',1,(#10347,#10348),.UNSPECIFIED.,.F.,
 .F.,(2,2),(-62146.4093648361,-62043.6165581049),.UNSPECIFIED.);
#6050=B_SPLINE_CURVE_WITH_KNOTS('',1,(#10349,#10350),.UNSPECIFIED.,.F.,
 .F.,(2,2),(0.,1956.7007177874),.UNSPECIFIED.);
#6051=B_SPLINE_CURVE_WITH_KNOTS('',1,(#10351,#10352),.UNSPECIFIED.,.F.,
 .F.,(2,2),(-62043.6165581049,-61073.7265581049),.UNSPECIFIED.);
#6052=B_SPLINE_CURVE_WITH_KNOTS('',1,(#10353,#10354),.UNSPECIFIED.,.F.,
 .F.,(2,2),(-62043.6165581049,-61073.7265581049),.UNSPECIFIED.);
#6053=B_SPLINE_CURVE_WITH_KNOTS('',1,(#10355,#10356),.UNSPECIFIED.,.F.,
 .F.,(2,2),(0.,1956.7007177874),.UNSPECIFIED.);
#6054=B_SPLINE_CURVE_WITH_KNOTS('',1,(#10357,#10358),.UNSPECIFIED.,.F.,
 .F.,(2,2),(0.,1956.7007177874),.UNSPECIFIED.);
#6055=B_SPLINE_CURVE_WITH_KNOTS('',1,(#10359,#10360),.UNSPECIFIED.,.F.,
 .F.,(2,2),(-61071.7265581049,-60407.7205224716),.UNSPECIFIED.);
#6056=B_SPLINE_CURVE_WITH_KNOTS('',1,(#10361,#10362),.UNSPECIFIED.,.F.,
 .F.,(2,2),(-61071.7265581049,-60407.7205224716),.UNSPECIFIED.);
#6057=B_SPLINE_CURVE_WITH_KNOTS('',1,(#10363,#10364),.UNSPECIFIED.,.F.,
 .F.,(2,2),(0.,1956.7007177874),.UNSPECIFIED.);
#6058=B_SPLINE_CURVE_WITH_KNOTS('',1,(#10365,#10366),.UNSPECIFIED.,.F.,
 .F.,(2,2),(-60407.7205224716,-59135.4605224716),.UNSPECIFIED.);
#6059=B_SPLINE_CURVE_WITH_KNOTS('',1,(#10367,#10368),.UNSPECIFIED.,.F.,
 .F.,(2,2),(0.,1956.7007177874),.UNSPECIFIED.);
#6060=B_SPLINE_CURVE_WITH_KNOTS('',1,(#10369,#10370),.UNSPECIFIED.,.F.,
 .F.,(2,2),(-60407.7205224716,-59135.4605224716),.UNSPECIFIED.);
#6061=B_SPLINE_CURVE_WITH_KNOTS('',1,(#10371,#10372),.UNSPECIFIED.,.F.,
 .F.,(2,2),(0.,1956.7007177874),.UNSPECIFIED.);
#6062=B_SPLINE_CURVE_WITH_KNOTS('',1,(#10373,#10374),.UNSPECIFIED.,.F.,
 .F.,(2,2),(-59135.4605224716,-58375.673931427),.UNSPECIFIED.);
#6063=B_SPLINE_CURVE_WITH_KNOTS('',1,(#10375,#10376),.UNSPECIFIED.,.F.,
 .F.,(2,2),(-59135.4605224716,-58375.673931427),.UNSPECIFIED.);
#6064=B_SPLINE_CURVE_WITH_KNOTS('',1,(#10377,#10378),.UNSPECIFIED.,.F.,
 .F.,(2,2),(0.,1956.7007177874),.UNSPECIFIED.);
#6065=B_SPLINE_CURVE_WITH_KNOTS('',1,(#10379,#10380),.UNSPECIFIED.,.F.,
 .F.,(2,2),(0.,1956.7007177874),.UNSPECIFIED.);
#6066=B_SPLINE_CURVE_WITH_KNOTS('',1,(#10381,#10382),.UNSPECIFIED.,.F.,
 .F.,(2,2),(-58373.6739314269,-58325.6739314269),.UNSPECIFIED.);
#6067=B_SPLINE_CURVE_WITH_KNOTS('',1,(#10383,#10384),.UNSPECIFIED.,.F.,
 .F.,(2,2),(-58373.6739314269,-58325.6739314269),.UNSPECIFIED.);
#6068=B_SPLINE_CURVE_WITH_KNOTS('',1,(#10385,#10386),.UNSPECIFIED.,.F.,
 .F.,(2,2),(0.,1956.7007177874),.UNSPECIFIED.);
#6069=B_SPLINE_CURVE_WITH_KNOTS('',1,(#10387,#10388),.UNSPECIFIED.,.F.,
 .F.,(2,2),(-58323.6739314269,-55992.6408121732),.UNSPECIFIED.);
#6070=B_SPLINE_CURVE_WITH_KNOTS('',1,(#10389,#10390),.UNSPECIFIED.,.F.,
 .F.,(2,2),(-58323.6739314269,-55992.6408121732),.UNSPECIFIED.);
#6071=B_SPLINE_CURVE_WITH_KNOTS('',1,(#10391,#10392),.UNSPECIFIED.,.F.,
 .F.,(2,2),(0.,1956.7007177874),.UNSPECIFIED.);
#6072=B_SPLINE_CURVE_WITH_KNOTS('',1,(#10393,#10394),.UNSPECIFIED.,.F.,
 .F.,(2,2),(-55992.6408121732,-54919.9548121733),.UNSPECIFIED.);
#6073=B_SPLINE_CURVE_WITH_KNOTS('',1,(#10395,#10396),.UNSPECIFIED.,.F.,
 .F.,(2,2),(0.,1956.7007177874),.UNSPECIFIED.);
#6074=B_SPLINE_CURVE_WITH_KNOTS('',1,(#10397,#10398),.UNSPECIFIED.,.F.,
 .F.,(2,2),(-55992.6408121732,-54919.9548121733),.UNSPECIFIED.);
#6075=B_SPLINE_CURVE_WITH_KNOTS('',1,(#10399,#10400),.UNSPECIFIED.,.F.,
 .F.,(2,2),(0.,1956.7007177874),.UNSPECIFIED.);
#6076=B_SPLINE_CURVE_WITH_KNOTS('',1,(#10401,#10402),.UNSPECIFIED.,.F.,
 .F.,(2,2),(-54919.9548121733,-52407.8092616478),.UNSPECIFIED.);
#6077=B_SPLINE_CURVE_WITH_KNOTS('',1,(#10403,#10404),.UNSPECIFIED.,.F.,
 .F.,(2,2),(0.,1956.7007177874),.UNSPECIFIED.);
#6078=B_SPLINE_CURVE_WITH_KNOTS('',1,(#10405,#10406),.UNSPECIFIED.,.F.,
 .F.,(2,2),(-54919.9548121733,-52407.8092616478),.UNSPECIFIED.);
#6079=B_SPLINE_CURVE_WITH_KNOTS('',1,(#10407,#10408),.UNSPECIFIED.,.F.,
 .F.,(2,2),(0.,1956.7007177874),.UNSPECIFIED.);
#6080=B_SPLINE_CURVE_WITH_KNOTS('',1,(#10409,#10410),.UNSPECIFIED.,.F.,
 .F.,(2,2),(-52407.8092616478,-51335.1232616479),.UNSPECIFIED.);
#6081=B_SPLINE_CURVE_WITH_KNOTS('',1,(#10411,#10412),.UNSPECIFIED.,.F.,
 .F.,(2,2),(0.,1956.7007177874),.UNSPECIFIED.);
#6082=B_SPLINE_CURVE_WITH_KNOTS('',1,(#10413,#10414),.UNSPECIFIED.,.F.,
 .F.,(2,2),(-52407.8092616478,-51335.1232616479),.UNSPECIFIED.);
#6083=B_SPLINE_CURVE_WITH_KNOTS('',1,(#10415,#10416),.UNSPECIFIED.,.F.,
 .F.,(2,2),(0.,1956.7007177874),.UNSPECIFIED.);
#6084=B_SPLINE_CURVE_WITH_KNOTS('',1,(#10417,#10418),.UNSPECIFIED.,.F.,
 .F.,(2,2),(-51335.1232616479,-51264.69224833),.UNSPECIFIED.);
#6085=B_SPLINE_CURVE_WITH_KNOTS('',1,(#10419,#10420),.UNSPECIFIED.,.F.,
 .F.,(2,2),(-51335.1232616479,-51264.69224833),.UNSPECIFIED.);
#6086=B_SPLINE_CURVE_WITH_KNOTS('',1,(#10421,#10422),.UNSPECIFIED.,.F.,
 .F.,(2,2),(0.,1956.7007177874),.UNSPECIFIED.);
#6087=B_SPLINE_CURVE_WITH_KNOTS('',1,(#10423,#10424),.UNSPECIFIED.,.F.,
 .F.,(2,2),(0.,1956.7007177874),.UNSPECIFIED.);
#6088=B_SPLINE_CURVE_WITH_KNOTS('',1,(#10425,#10426),.UNSPECIFIED.,.F.,
 .F.,(2,2),(-51262.69224833,-51214.69224833),.UNSPECIFIED.);
#6089=B_SPLINE_CURVE_WITH_KNOTS('',1,(#10427,#10428),.UNSPECIFIED.,.F.,
 .F.,(2,2),(-51262.69224833,-51214.69224833),.UNSPECIFIED.);
#6090=B_SPLINE_CURVE_WITH_KNOTS('',1,(#10429,#10430),.UNSPECIFIED.,.F.,
 .F.,(2,2),(0.,1956.7007177874),.UNSPECIFIED.);
#6091=B_SPLINE_CURVE_WITH_KNOTS('',1,(#10431,#10432),.UNSPECIFIED.,.F.,
 .F.,(2,2),(-51212.69224833,-51142.2612350121),.UNSPECIFIED.);
#6092=B_SPLINE_CURVE_WITH_KNOTS('',1,(#10433,#10434),.UNSPECIFIED.,.F.,
 .F.,(2,2),(-51212.69224833,-51142.2612350121),.UNSPECIFIED.);
#6093=B_SPLINE_CURVE_WITH_KNOTS('',1,(#10435,#10436),.UNSPECIFIED.,.F.,
 .F.,(2,2),(0.,1956.7007177874),.UNSPECIFIED.);
#6094=B_SPLINE_CURVE_WITH_KNOTS('',1,(#10437,#10438,#10439),
 .UNSPECIFIED.,.F.,.F.,(2,1,2),(-51142.2612350121,-49870.0012350121,-48899.1112350121),
 .UNSPECIFIED.);
#6095=B_SPLINE_CURVE_WITH_KNOTS('',1,(#10440,#10441),.UNSPECIFIED.,.F.,
 .F.,(2,2),(0.,1956.7007177874),.UNSPECIFIED.);
#6096=B_SPLINE_CURVE_WITH_KNOTS('',1,(#10442,#10443,#10444),
 .UNSPECIFIED.,.F.,.F.,(2,1,2),(-51142.2612350121,-49870.0012350121,-48899.1112350121),
 .UNSPECIFIED.);
#6097=B_SPLINE_CURVE_WITH_KNOTS('',1,(#10445,#10446),.UNSPECIFIED.,.F.,
 .F.,(2,2),(0.,1956.7007177874),.UNSPECIFIED.);
#6098=B_SPLINE_CURVE_WITH_KNOTS('',1,(#10447,#10448),.UNSPECIFIED.,.F.,
 .F.,(2,2),(-48899.1112350121,-48820.7099115503),.UNSPECIFIED.);
#6099=B_SPLINE_CURVE_WITH_KNOTS('',1,(#10449,#10450),.UNSPECIFIED.,.F.,
 .F.,(2,2),(-48899.1112350121,-48820.7099115503),.UNSPECIFIED.);
#6100=B_SPLINE_CURVE_WITH_KNOTS('',1,(#10451,#10452),.UNSPECIFIED.,.F.,
 .F.,(2,2),(0.,1956.7007177874),.UNSPECIFIED.);
#6101=B_SPLINE_CURVE_WITH_KNOTS('',1,(#10453,#10454),.UNSPECIFIED.,.F.,
 .F.,(2,2),(0.,1956.7007177874),.UNSPECIFIED.);
#6102=B_SPLINE_CURVE_WITH_KNOTS('',1,(#10455,#10456),.UNSPECIFIED.,.F.,
 .F.,(2,2),(-48818.7099115503,-48770.7099115503),.UNSPECIFIED.);
#6103=B_SPLINE_CURVE_WITH_KNOTS('',1,(#10457,#10458),.UNSPECIFIED.,.F.,
 .F.,(2,2),(-48818.7099115503,-48770.7099115503),.UNSPECIFIED.);
#6104=B_SPLINE_CURVE_WITH_KNOTS('',1,(#10459,#10460),.UNSPECIFIED.,.F.,
 .F.,(2,2),(0.,1956.7007177874),.UNSPECIFIED.);
#6105=B_SPLINE_CURVE_WITH_KNOTS('',1,(#10461,#10462),.UNSPECIFIED.,.F.,
 .F.,(2,2),(-48768.7099115503,-48690.3085880885),.UNSPECIFIED.);
#6106=B_SPLINE_CURVE_WITH_KNOTS('',1,(#10463,#10464),.UNSPECIFIED.,.F.,
 .F.,(2,2),(-48768.7099115503,-48690.3085880885),.UNSPECIFIED.);
#6107=B_SPLINE_CURVE_WITH_KNOTS('',1,(#10465,#10466),.UNSPECIFIED.,.F.,
 .F.,(2,2),(0.,1956.7007177874),.UNSPECIFIED.);
#6108=B_SPLINE_CURVE_WITH_KNOTS('',1,(#10467,#10468,#10469),
 .UNSPECIFIED.,.F.,.F.,(2,1,2),(-48690.3085880885,-45469.4285880886,-44756.5885880885),
 .UNSPECIFIED.);
#6109=B_SPLINE_CURVE_WITH_KNOTS('',1,(#10470,#10471),.UNSPECIFIED.,.F.,
 .F.,(2,2),(0.,1956.7007177874),.UNSPECIFIED.);
#6110=B_SPLINE_CURVE_WITH_KNOTS('',1,(#10472,#10473,#10474),
 .UNSPECIFIED.,.F.,.F.,(2,1,2),(-48690.3085880885,-45469.4285880886,-44756.5885880885),
 .UNSPECIFIED.);
#6111=B_SPLINE_CURVE_WITH_KNOTS('',1,(#10475,#10476),.UNSPECIFIED.,.F.,
 .F.,(2,2),(0.,1956.7007177874),.UNSPECIFIED.);
#6112=B_SPLINE_CURVE_WITH_KNOTS('',1,(#10477,#10478),.UNSPECIFIED.,.F.,
 .F.,(2,2),(-44756.5885880885,-44675.9648426779),.UNSPECIFIED.);
#6113=B_SPLINE_CURVE_WITH_KNOTS('',1,(#10479,#10480),.UNSPECIFIED.,.F.,
 .F.,(2,2),(-44756.5885880885,-44675.9648426779),.UNSPECIFIED.);
#6114=B_SPLINE_CURVE_WITH_KNOTS('',1,(#10481,#10482),.UNSPECIFIED.,.F.,
 .F.,(2,2),(0.,1956.7007177874),.UNSPECIFIED.);
#6115=B_SPLINE_CURVE_WITH_KNOTS('',1,(#10483,#10484),.UNSPECIFIED.,.F.,
 .F.,(2,2),(0.,1956.7007177874),.UNSPECIFIED.);
#6116=B_SPLINE_CURVE_WITH_KNOTS('',1,(#10485,#10486),.UNSPECIFIED.,.F.,
 .F.,(2,2),(-44673.9648426779,-44625.9648426779),.UNSPECIFIED.);
#6117=B_SPLINE_CURVE_WITH_KNOTS('',1,(#10487,#10488),.UNSPECIFIED.,.F.,
 .F.,(2,2),(-44673.9648426779,-44625.9648426779),.UNSPECIFIED.);
#6118=B_SPLINE_CURVE_WITH_KNOTS('',1,(#10489,#10490),.UNSPECIFIED.,.F.,
 .F.,(2,2),(0.,1956.7007177874),.UNSPECIFIED.);
#6119=B_SPLINE_CURVE_WITH_KNOTS('',1,(#10491,#10492),.UNSPECIFIED.,.F.,
 .F.,(2,2),(-44623.9648426779,-44543.3410972673),.UNSPECIFIED.);
#6120=B_SPLINE_CURVE_WITH_KNOTS('',1,(#10493,#10494),.UNSPECIFIED.,.F.,
 .F.,(2,2),(-44623.9648426779,-44543.3410972673),.UNSPECIFIED.);
#6121=B_SPLINE_CURVE_WITH_KNOTS('',1,(#10495,#10496),.UNSPECIFIED.,.F.,
 .F.,(2,2),(0.,1956.7007177874),.UNSPECIFIED.);
#6122=B_SPLINE_CURVE_WITH_KNOTS('',1,(#10497,#10498),.UNSPECIFIED.,.F.,
 .F.,(2,2),(-44543.3410972673,-43490.4310972673),.UNSPECIFIED.);
#6123=B_SPLINE_CURVE_WITH_KNOTS('',1,(#10499,#10500),.UNSPECIFIED.,.F.,
 .F.,(2,2),(0.,1956.7007177874),.UNSPECIFIED.);
#6124=B_SPLINE_CURVE_WITH_KNOTS('',1,(#10501,#10502),.UNSPECIFIED.,.F.,
 .F.,(2,2),(-44543.3410972673,-43490.4310972673),.UNSPECIFIED.);
#6125=B_SPLINE_CURVE_WITH_KNOTS('',1,(#10503,#10504),.UNSPECIFIED.,.F.,
 .F.,(2,2),(0.,1956.7007177874),.UNSPECIFIED.);
#6126=B_SPLINE_CURVE_WITH_KNOTS('',1,(#10505,#10506),.UNSPECIFIED.,.F.,
 .F.,(2,2),(-43490.4310972673,-40978.2855467419),.UNSPECIFIED.);
#6127=B_SPLINE_CURVE_WITH_KNOTS('',1,(#10507,#10508),.UNSPECIFIED.,.F.,
 .F.,(2,2),(0.,1956.7007177874),.UNSPECIFIED.);
#6128=B_SPLINE_CURVE_WITH_KNOTS('',1,(#10509,#10510),.UNSPECIFIED.,.F.,
 .F.,(2,2),(-43490.4310972673,-40978.2855467419),.UNSPECIFIED.);
#6129=B_SPLINE_CURVE_WITH_KNOTS('',1,(#10511,#10512),.UNSPECIFIED.,.F.,
 .F.,(2,2),(0.,1956.7007177874),.UNSPECIFIED.);
#6130=B_SPLINE_CURVE_WITH_KNOTS('',1,(#10513,#10514),.UNSPECIFIED.,.F.,
 .F.,(2,2),(-40978.2855467419,-39925.3755467419),.UNSPECIFIED.);
#6131=B_SPLINE_CURVE_WITH_KNOTS('',1,(#10515,#10516),.UNSPECIFIED.,.F.,
 .F.,(2,2),(0.,1956.7007177874),.UNSPECIFIED.);
#6132=B_SPLINE_CURVE_WITH_KNOTS('',1,(#10517,#10518),.UNSPECIFIED.,.F.,
 .F.,(2,2),(-40978.2855467419,-39925.3755467419),.UNSPECIFIED.);
#6133=B_SPLINE_CURVE_WITH_KNOTS('',1,(#10519,#10520),.UNSPECIFIED.,.F.,
 .F.,(2,2),(0.,1956.7007177874),.UNSPECIFIED.);
#6134=B_SPLINE_CURVE_WITH_KNOTS('',1,(#10521,#10522),.UNSPECIFIED.,.F.,
 .F.,(2,2),(-39925.3755467419,-37582.1595735317),.UNSPECIFIED.);
#6135=B_SPLINE_CURVE_WITH_KNOTS('',1,(#10523,#10524),.UNSPECIFIED.,.F.,
 .F.,(2,2),(-39925.3755467419,-37582.1595735317),.UNSPECIFIED.);
#6136=B_SPLINE_CURVE_WITH_KNOTS('',1,(#10525,#10526),.UNSPECIFIED.,.F.,
 .F.,(2,2),(0.,1956.7007177874),.UNSPECIFIED.);
#6137=B_SPLINE_CURVE_WITH_KNOTS('',1,(#10527,#10528),.UNSPECIFIED.,.F.,
 .F.,(2,2),(0.,1956.7007177874),.UNSPECIFIED.);
#6138=B_SPLINE_CURVE_WITH_KNOTS('',1,(#10529,#10530),.UNSPECIFIED.,.F.,
 .F.,(2,2),(-37580.1595735316,-37532.1595735316),.UNSPECIFIED.);
#6139=B_SPLINE_CURVE_WITH_KNOTS('',1,(#10531,#10532),.UNSPECIFIED.,.F.,
 .F.,(2,2),(-37580.1595735317,-37532.1595735316),.UNSPECIFIED.);
#6140=B_SPLINE_CURVE_WITH_KNOTS('',1,(#10533,#10534),.UNSPECIFIED.,.F.,
 .F.,(2,2),(0.,1956.7007177874),.UNSPECIFIED.);
#6141=B_SPLINE_CURVE_WITH_KNOTS('',1,(#10535,#10536),.UNSPECIFIED.,.F.,
 .F.,(2,2),(-37530.1595735316,-37423.1961641637),.UNSPECIFIED.);
#6142=B_SPLINE_CURVE_WITH_KNOTS('',1,(#10537,#10538),.UNSPECIFIED.,.F.,
 .F.,(2,2),(-37530.1595735316,-37423.1961641637),.UNSPECIFIED.);
#6143=B_SPLINE_CURVE_WITH_KNOTS('',1,(#10539,#10540),.UNSPECIFIED.,.F.,
 .F.,(2,2),(0.,1956.7007177874),.UNSPECIFIED.);
#6144=B_SPLINE_CURVE_WITH_KNOTS('',1,(#10541,#10542),.UNSPECIFIED.,.F.,
 .F.,(2,2),(-37423.1961641637,-36711.3561641637),.UNSPECIFIED.);
#6145=B_SPLINE_CURVE_WITH_KNOTS('',1,(#10543,#10544),.UNSPECIFIED.,.F.,
 .F.,(2,2),(-37423.1961641637,-36711.3561641637),.UNSPECIFIED.);
#6146=B_SPLINE_CURVE_WITH_KNOTS('',1,(#10545,#10546),.UNSPECIFIED.,.F.,
 .F.,(2,2),(-2.27373675443232E-13,1956.7007177874),.UNSPECIFIED.);
#6147=B_SPLINE_CURVE_WITH_KNOTS('',3,(#10547,#10548,#10549,#10550),
 .UNSPECIFIED.,.F.,.F.,(4,4),(0.,1956.7007177874),.UNSPECIFIED.);
#6148=B_SPLINE_CURVE_WITH_KNOTS('',1,(#10551,#10552),.UNSPECIFIED.,.F.,
 .F.,(2,2),(-36709.3561641637,-35637.8201937234),.UNSPECIFIED.);
#6149=B_SPLINE_CURVE_WITH_KNOTS('',1,(#10553,#10554),.UNSPECIFIED.,.F.,
 .F.,(2,2),(-36709.3561641637,-35637.8201937234),.UNSPECIFIED.);
#6150=B_SPLINE_CURVE_WITH_KNOTS('',1,(#10750,#10751),.UNSPECIFIED.,.F.,
 .F.,(2,2),(-63373.7381420077,-62198.4093648362),.UNSPECIFIED.);
#6151=B_SPLINE_CURVE_WITH_KNOTS('',1,(#10752,#10753),.UNSPECIFIED.,.F.,
 .F.,(2,2),(0.,1.),.UNSPECIFIED.);
#6152=B_SPLINE_CURVE_WITH_KNOTS('',1,(#10754,#10755),.UNSPECIFIED.,.F.,
 .F.,(2,2),(-62196.4093648361,-62148.4093648361),.UNSPECIFIED.);
#6153=B_SPLINE_CURVE_WITH_KNOTS('',1,(#10756,#10757),.UNSPECIFIED.,.F.,
 .F.,(2,2),(0.,1.),.UNSPECIFIED.);
#6154=B_SPLINE_CURVE_WITH_KNOTS('',1,(#10758,#10759),.UNSPECIFIED.,.F.,
 .F.,(2,2),(-1.,0.),.UNSPECIFIED.);
#6155=B_SPLINE_CURVE_WITH_KNOTS('',1,(#10760,#10761),.UNSPECIFIED.,.F.,
 .F.,(2,2),(-62146.4093648361,-62043.6165581049),.UNSPECIFIED.);
#6156=B_SPLINE_CURVE_WITH_KNOTS('',1,(#10762,#10763),.UNSPECIFIED.,.F.,
 .F.,(2,2),(0.,1.),.UNSPECIFIED.);
#6157=B_SPLINE_CURVE_WITH_KNOTS('',1,(#10764,#10765),.UNSPECIFIED.,.F.,
 .F.,(2,2),(-1.,0.),.UNSPECIFIED.);
#6158=B_SPLINE_CURVE_WITH_KNOTS('',1,(#10766,#10767),.UNSPECIFIED.,.F.,
 .F.,(2,2),(-62043.6165581049,-61073.7265581049),.UNSPECIFIED.);
#6159=B_SPLINE_CURVE_WITH_KNOTS('',1,(#10768,#10769),.UNSPECIFIED.,.F.,
 .F.,(2,2),(0.,1.),.UNSPECIFIED.);
#6160=B_SPLINE_CURVE_WITH_KNOTS('',1,(#10770,#10771),.UNSPECIFIED.,.F.,
 .F.,(2,2),(-1.,0.),.UNSPECIFIED.);
#6161=B_SPLINE_CURVE_WITH_KNOTS('',1,(#10772,#10773),.UNSPECIFIED.,.F.,
 .F.,(2,2),(-61071.7265581049,-60407.7205224716),.UNSPECIFIED.);
#6162=B_SPLINE_CURVE_WITH_KNOTS('',1,(#10774,#10775),.UNSPECIFIED.,.F.,
 .F.,(2,2),(0.,1.),.UNSPECIFIED.);
#6163=B_SPLINE_CURVE_WITH_KNOTS('',1,(#10776,#10777),.UNSPECIFIED.,.F.,
 .F.,(2,2),(-1.,0.),.UNSPECIFIED.);
#6164=B_SPLINE_CURVE_WITH_KNOTS('',1,(#10778,#10779),.UNSPECIFIED.,.F.,
 .F.,(2,2),(0.,1.),.UNSPECIFIED.);
#6165=B_SPLINE_CURVE_WITH_KNOTS('',1,(#10780,#10781),.UNSPECIFIED.,.F.,
 .F.,(2,2),(-1.,0.),.UNSPECIFIED.);
#6166=B_SPLINE_CURVE_WITH_KNOTS('',1,(#10782,#10783),.UNSPECIFIED.,.F.,
 .F.,(2,2),(-59135.4605224716,-58375.673931427),.UNSPECIFIED.);
#6167=B_SPLINE_CURVE_WITH_KNOTS('',1,(#10784,#10785),.UNSPECIFIED.,.F.,
 .F.,(2,2),(0.,1.),.UNSPECIFIED.);
#6168=B_SPLINE_CURVE_WITH_KNOTS('',1,(#10786,#10787),.UNSPECIFIED.,.F.,
 .F.,(2,2),(-1.,0.),.UNSPECIFIED.);
#6169=B_SPLINE_CURVE_WITH_KNOTS('',1,(#10788,#10789),.UNSPECIFIED.,.F.,
 .F.,(2,2),(-58373.673931427,-58325.673931427),.UNSPECIFIED.);
#6170=B_SPLINE_CURVE_WITH_KNOTS('',1,(#10790,#10791),.UNSPECIFIED.,.F.,
 .F.,(2,2),(0.,1.),.UNSPECIFIED.);
#6171=B_SPLINE_CURVE_WITH_KNOTS('',1,(#10792,#10793),.UNSPECIFIED.,.F.,
 .F.,(2,2),(-1.,0.),.UNSPECIFIED.);
#6172=B_SPLINE_CURVE_WITH_KNOTS('',1,(#10794,#10795),.UNSPECIFIED.,.F.,
 .F.,(2,2),(-58323.6739314269,-55992.6408121732),.UNSPECIFIED.);
#6173=B_SPLINE_CURVE_WITH_KNOTS('',1,(#10796,#10797),.UNSPECIFIED.,.F.,
 .F.,(2,2),(0.,1.),.UNSPECIFIED.);
#6174=B_SPLINE_CURVE_WITH_KNOTS('',1,(#10798,#10799),.UNSPECIFIED.,.F.,
 .F.,(2,2),(-1.,0.),.UNSPECIFIED.);
#6175=B_SPLINE_CURVE_WITH_KNOTS('',1,(#10800,#10801),.UNSPECIFIED.,.F.,
 .F.,(2,2),(0.,1.),.UNSPECIFIED.);
#6176=B_SPLINE_CURVE_WITH_KNOTS('',1,(#10802,#10803),.UNSPECIFIED.,.F.,
 .F.,(2,2),(-1.,0.),.UNSPECIFIED.);
#6177=B_SPLINE_CURVE_WITH_KNOTS('',1,(#10804,#10805),.UNSPECIFIED.,.F.,
 .F.,(2,2),(0.,1.),.UNSPECIFIED.);
#6178=B_SPLINE_CURVE_WITH_KNOTS('',1,(#10806,#10807),.UNSPECIFIED.,.F.,
 .F.,(2,2),(-1.,0.),.UNSPECIFIED.);
#6179=B_SPLINE_CURVE_WITH_KNOTS('',1,(#10808,#10809),.UNSPECIFIED.,.F.,
 .F.,(2,2),(0.,1.),.UNSPECIFIED.);
#6180=B_SPLINE_CURVE_WITH_KNOTS('',1,(#10810,#10811),.UNSPECIFIED.,.F.,
 .F.,(2,2),(-1.,0.),.UNSPECIFIED.);
#6181=B_SPLINE_CURVE_WITH_KNOTS('',1,(#10812,#10813),.UNSPECIFIED.,.F.,
 .F.,(2,2),(-51335.1232616479,-51264.69224833),.UNSPECIFIED.);
#6182=B_SPLINE_CURVE_WITH_KNOTS('',1,(#10814,#10815),.UNSPECIFIED.,.F.,
 .F.,(2,2),(0.,1.),.UNSPECIFIED.);
#6183=B_SPLINE_CURVE_WITH_KNOTS('',1,(#10816,#10817),.UNSPECIFIED.,.F.,
 .F.,(2,2),(-1.,0.),.UNSPECIFIED.);
#6184=B_SPLINE_CURVE_WITH_KNOTS('',1,(#10818,#10819),.UNSPECIFIED.,.F.,
 .F.,(2,2),(-51262.69224833,-51214.69224833),.UNSPECIFIED.);
#6185=B_SPLINE_CURVE_WITH_KNOTS('',1,(#10820,#10821),.UNSPECIFIED.,.F.,
 .F.,(2,2),(0.,1.),.UNSPECIFIED.);
#6186=B_SPLINE_CURVE_WITH_KNOTS('',1,(#10822,#10823),.UNSPECIFIED.,.F.,
 .F.,(2,2),(-1.,0.),.UNSPECIFIED.);
#6187=B_SPLINE_CURVE_WITH_KNOTS('',1,(#10824,#10825),.UNSPECIFIED.,.F.,
 .F.,(2,2),(-51212.69224833,-51142.2612350121),.UNSPECIFIED.);
#6188=B_SPLINE_CURVE_WITH_KNOTS('',1,(#10826,#10827),.UNSPECIFIED.,.F.,
 .F.,(2,2),(0.,1.),.UNSPECIFIED.);
#6189=B_SPLINE_CURVE_WITH_KNOTS('',1,(#10828,#10829),.UNSPECIFIED.,.F.,
 .F.,(2,2),(-1.,0.),.UNSPECIFIED.);
#6190=B_SPLINE_CURVE_WITH_KNOTS('',1,(#10830,#10831),.UNSPECIFIED.,.F.,
 .F.,(2,2),(0.,1.),.UNSPECIFIED.);
#6191=B_SPLINE_CURVE_WITH_KNOTS('',1,(#10832,#10833),.UNSPECIFIED.,.F.,
 .F.,(2,2),(-1.,0.),.UNSPECIFIED.);
#6192=B_SPLINE_CURVE_WITH_KNOTS('',1,(#10834,#10835),.UNSPECIFIED.,.F.,
 .F.,(2,2),(-48899.1112350121,-48820.7099115503),.UNSPECIFIED.);
#6193=B_SPLINE_CURVE_WITH_KNOTS('',1,(#10836,#10837),.UNSPECIFIED.,.F.,
 .F.,(2,2),(0.,1.),.UNSPECIFIED.);
#6194=B_SPLINE_CURVE_WITH_KNOTS('',1,(#10838,#10839),.UNSPECIFIED.,.F.,
 .F.,(2,2),(-1.,0.),.UNSPECIFIED.);
#6195=B_SPLINE_CURVE_WITH_KNOTS('',1,(#10840,#10841),.UNSPECIFIED.,.F.,
 .F.,(2,2),(-48818.7099115503,-48770.7099115503),.UNSPECIFIED.);
#6196=B_SPLINE_CURVE_WITH_KNOTS('',1,(#10842,#10843),.UNSPECIFIED.,.F.,
 .F.,(2,2),(0.,1.),.UNSPECIFIED.);
#6197=B_SPLINE_CURVE_WITH_KNOTS('',1,(#10844,#10845),.UNSPECIFIED.,.F.,
 .F.,(2,2),(-1.,0.),.UNSPECIFIED.);
#6198=B_SPLINE_CURVE_WITH_KNOTS('',1,(#10846,#10847),.UNSPECIFIED.,.F.,
 .F.,(2,2),(-48768.7099115503,-48690.3085880885),.UNSPECIFIED.);
#6199=B_SPLINE_CURVE_WITH_KNOTS('',1,(#10848,#10849),.UNSPECIFIED.,.F.,
 .F.,(2,2),(0.,1.),.UNSPECIFIED.);
#6200=B_SPLINE_CURVE_WITH_KNOTS('',1,(#10850,#10851),.UNSPECIFIED.,.F.,
 .F.,(2,2),(-1.,0.),.UNSPECIFIED.);
#6201=B_SPLINE_CURVE_WITH_KNOTS('',1,(#10852,#10853),.UNSPECIFIED.,.F.,
 .F.,(2,2),(0.,1.),.UNSPECIFIED.);
#6202=B_SPLINE_CURVE_WITH_KNOTS('',1,(#10854,#10855),.UNSPECIFIED.,.F.,
 .F.,(2,2),(-1.,0.),.UNSPECIFIED.);
#6203=B_SPLINE_CURVE_WITH_KNOTS('',1,(#10856,#10857),.UNSPECIFIED.,.F.,
 .F.,(2,2),(-44756.5885880885,-44675.9648426779),.UNSPECIFIED.);
#6204=B_SPLINE_CURVE_WITH_KNOTS('',1,(#10858,#10859),.UNSPECIFIED.,.F.,
 .F.,(2,2),(0.,1.),.UNSPECIFIED.);
#6205=B_SPLINE_CURVE_WITH_KNOTS('',1,(#10860,#10861),.UNSPECIFIED.,.F.,
 .F.,(2,2),(-1.,0.),.UNSPECIFIED.);
#6206=B_SPLINE_CURVE_WITH_KNOTS('',1,(#10862,#10863),.UNSPECIFIED.,.F.,
 .F.,(2,2),(-44673.9648426779,-44625.9648426779),.UNSPECIFIED.);
#6207=B_SPLINE_CURVE_WITH_KNOTS('',1,(#10864,#10865),.UNSPECIFIED.,.F.,
 .F.,(2,2),(0.,1.),.UNSPECIFIED.);
#6208=B_SPLINE_CURVE_WITH_KNOTS('',1,(#10866,#10867),.UNSPECIFIED.,.F.,
 .F.,(2,2),(-1.,0.),.UNSPECIFIED.);
#6209=B_SPLINE_CURVE_WITH_KNOTS('',1,(#10868,#10869),.UNSPECIFIED.,.F.,
 .F.,(2,2),(-44623.9648426779,-44543.3410972673),.UNSPECIFIED.);
#6210=B_SPLINE_CURVE_WITH_KNOTS('',1,(#10870,#10871),.UNSPECIFIED.,.F.,
 .F.,(2,2),(0.,1.),.UNSPECIFIED.);
#6211=B_SPLINE_CURVE_WITH_KNOTS('',1,(#10872,#10873),.UNSPECIFIED.,.F.,
 .F.,(2,2),(-1.,0.),.UNSPECIFIED.);
#6212=B_SPLINE_CURVE_WITH_KNOTS('',1,(#10874,#10875),.UNSPECIFIED.,.F.,
 .F.,(2,2),(0.,1.),.UNSPECIFIED.);
#6213=B_SPLINE_CURVE_WITH_KNOTS('',1,(#10876,#10877),.UNSPECIFIED.,.F.,
 .F.,(2,2),(-1.,0.),.UNSPECIFIED.);
#6214=B_SPLINE_CURVE_WITH_KNOTS('',1,(#10878,#10879),.UNSPECIFIED.,.F.,
 .F.,(2,2),(0.,1.),.UNSPECIFIED.);
#6215=B_SPLINE_CURVE_WITH_KNOTS('',1,(#10880,#10881),.UNSPECIFIED.,.F.,
 .F.,(2,2),(-1.,0.),.UNSPECIFIED.);
#6216=B_SPLINE_CURVE_WITH_KNOTS('',1,(#10882,#10883),.UNSPECIFIED.,.F.,
 .F.,(2,2),(0.,1.),.UNSPECIFIED.);
#6217=B_SPLINE_CURVE_WITH_KNOTS('',1,(#10884,#10885),.UNSPECIFIED.,.F.,
 .F.,(2,2),(-1.,0.),.UNSPECIFIED.);
#6218=B_SPLINE_CURVE_WITH_KNOTS('',1,(#10886,#10887),.UNSPECIFIED.,.F.,
 .F.,(2,2),(-39925.3755467419,-37582.1595735317),.UNSPECIFIED.);
#6219=B_SPLINE_CURVE_WITH_KNOTS('',1,(#10888,#10889),.UNSPECIFIED.,.F.,
 .F.,(2,2),(0.,1.),.UNSPECIFIED.);
#6220=B_SPLINE_CURVE_WITH_KNOTS('',1,(#10890,#10891),.UNSPECIFIED.,.F.,
 .F.,(2,2),(-1.,0.),.UNSPECIFIED.);
#6221=B_SPLINE_CURVE_WITH_KNOTS('',1,(#10892,#10893),.UNSPECIFIED.,.F.,
 .F.,(2,2),(-37580.1595735317,-37532.1595735316),.UNSPECIFIED.);
#6222=B_SPLINE_CURVE_WITH_KNOTS('',1,(#10894,#10895),.UNSPECIFIED.,.F.,
 .F.,(2,2),(0.,1.),.UNSPECIFIED.);
#6223=B_SPLINE_CURVE_WITH_KNOTS('',1,(#10896,#10897),.UNSPECIFIED.,.F.,
 .F.,(2,2),(-1.,0.),.UNSPECIFIED.);
#6224=B_SPLINE_CURVE_WITH_KNOTS('',1,(#10898,#10899),.UNSPECIFIED.,.F.,
 .F.,(2,2),(-37530.1595735317,-37423.1961641637),.UNSPECIFIED.);
#6225=B_SPLINE_CURVE_WITH_KNOTS('',1,(#10900,#10901),.UNSPECIFIED.,.F.,
 .F.,(2,2),(0.,1.),.UNSPECIFIED.);
#6226=B_SPLINE_CURVE_WITH_KNOTS('',1,(#10902,#10903),.UNSPECIFIED.,.F.,
 .F.,(2,2),(-1.,0.),.UNSPECIFIED.);
#6227=B_SPLINE_CURVE_WITH_KNOTS('',1,(#10904,#10905),.UNSPECIFIED.,.F.,
 .F.,(2,2),(-37423.1961641637,-36711.3561641637),.UNSPECIFIED.);
#6228=B_SPLINE_CURVE_WITH_KNOTS('',1,(#10906,#10907),.UNSPECIFIED.,.F.,
 .F.,(2,2),(0.,1.),.UNSPECIFIED.);
#6229=B_SPLINE_CURVE_WITH_KNOTS('',1,(#10908,#10909),.UNSPECIFIED.,.F.,
 .F.,(2,2),(-1.,0.),.UNSPECIFIED.);
#6230=B_SPLINE_CURVE_WITH_KNOTS('',1,(#10910,#10911),.UNSPECIFIED.,.F.,
 .F.,(2,2),(-36709.3561641637,-35637.8201937234),.UNSPECIFIED.);
#6231=B_SPLINE_CURVE_WITH_KNOTS('',1,(#10912,#10913),.UNSPECIFIED.,.F.,
 .F.,(2,2),(-1.,0.),.UNSPECIFIED.);
#6232=B_SPLINE_CURVE_WITH_KNOTS('',1,(#10914,#10915),.UNSPECIFIED.,.F.,
 .F.,(2,2),(62198.4093648362,63373.7381420077),.UNSPECIFIED.);
#6233=B_SPLINE_CURVE_WITH_KNOTS('',1,(#10916,#10917),.UNSPECIFIED.,.F.,
 .F.,(2,2),(0.,1.),.UNSPECIFIED.);
#6234=B_SPLINE_CURVE_WITH_KNOTS('',1,(#10918,#10919),.UNSPECIFIED.,.F.,
 .F.,(2,2),(-1.,0.),.UNSPECIFIED.);
#6235=B_SPLINE_CURVE_WITH_KNOTS('',1,(#10920,#10921),.UNSPECIFIED.,.F.,
 .F.,(2,2),(62148.4093648361,62196.4093648361),.UNSPECIFIED.);
#6236=B_SPLINE_CURVE_WITH_KNOTS('',1,(#10922,#10923),.UNSPECIFIED.,.F.,
 .F.,(2,2),(0.,1.),.UNSPECIFIED.);
#6237=B_SPLINE_CURVE_WITH_KNOTS('',1,(#10924,#10925),.UNSPECIFIED.,.F.,
 .F.,(2,2),(-1.,0.),.UNSPECIFIED.);
#6238=B_SPLINE_CURVE_WITH_KNOTS('',1,(#10926,#10927),.UNSPECIFIED.,.F.,
 .F.,(2,2),(62043.6165581049,62146.4093648361),.UNSPECIFIED.);
#6239=B_SPLINE_CURVE_WITH_KNOTS('',1,(#10928,#10929),.UNSPECIFIED.,.F.,
 .F.,(2,2),(0.,1.),.UNSPECIFIED.);
#6240=B_SPLINE_CURVE_WITH_KNOTS('',1,(#10930,#10931),.UNSPECIFIED.,.F.,
 .F.,(2,2),(-1.,0.),.UNSPECIFIED.);
#6241=B_SPLINE_CURVE_WITH_KNOTS('',1,(#10932,#10933),.UNSPECIFIED.,.F.,
 .F.,(2,2),(61073.7265581049,62043.6165581049),.UNSPECIFIED.);
#6242=B_SPLINE_CURVE_WITH_KNOTS('',1,(#10934,#10935),.UNSPECIFIED.,.F.,
 .F.,(2,2),(0.,1.),.UNSPECIFIED.);
#6243=B_SPLINE_CURVE_WITH_KNOTS('',1,(#10936,#10937),.UNSPECIFIED.,.F.,
 .F.,(2,2),(-1.,0.),.UNSPECIFIED.);
#6244=B_SPLINE_CURVE_WITH_KNOTS('',1,(#10938,#10939),.UNSPECIFIED.,.F.,
 .F.,(2,2),(60407.7205224716,61071.7265581049),.UNSPECIFIED.);
#6245=B_SPLINE_CURVE_WITH_KNOTS('',1,(#10940,#10941),.UNSPECIFIED.,.F.,
 .F.,(2,2),(0.,1.),.UNSPECIFIED.);
#6246=B_SPLINE_CURVE_WITH_KNOTS('',1,(#10942,#10943),.UNSPECIFIED.,.F.,
 .F.,(2,2),(-1.,0.),.UNSPECIFIED.);
#6247=B_SPLINE_CURVE_WITH_KNOTS('',1,(#10944,#10945),.UNSPECIFIED.,.F.,
 .F.,(2,2),(0.,1.),.UNSPECIFIED.);
#6248=B_SPLINE_CURVE_WITH_KNOTS('',1,(#10946,#10947),.UNSPECIFIED.,.F.,
 .F.,(2,2),(-1.,0.),.UNSPECIFIED.);
#6249=B_SPLINE_CURVE_WITH_KNOTS('',1,(#10948,#10949),.UNSPECIFIED.,.F.,
 .F.,(2,2),(58375.673931427,59135.4605224716),.UNSPECIFIED.);
#6250=B_SPLINE_CURVE_WITH_KNOTS('',1,(#10950,#10951),.UNSPECIFIED.,.F.,
 .F.,(2,2),(0.,1.),.UNSPECIFIED.);
#6251=B_SPLINE_CURVE_WITH_KNOTS('',1,(#10952,#10953),.UNSPECIFIED.,.F.,
 .F.,(2,2),(-1.,0.),.UNSPECIFIED.);
#6252=B_SPLINE_CURVE_WITH_KNOTS('',1,(#10954,#10955),.UNSPECIFIED.,.F.,
 .F.,(2,2),(58325.673931427,58373.673931427),.UNSPECIFIED.);
#6253=B_SPLINE_CURVE_WITH_KNOTS('',1,(#10956,#10957),.UNSPECIFIED.,.F.,
 .F.,(2,2),(0.,1.),.UNSPECIFIED.);
#6254=B_SPLINE_CURVE_WITH_KNOTS('',1,(#10958,#10959),.UNSPECIFIED.,.F.,
 .F.,(2,2),(-1.,0.),.UNSPECIFIED.);
#6255=B_SPLINE_CURVE_WITH_KNOTS('',1,(#10960,#10961),.UNSPECIFIED.,.F.,
 .F.,(2,2),(55992.6408121732,58323.6739314269),.UNSPECIFIED.);
#6256=B_SPLINE_CURVE_WITH_KNOTS('',1,(#10962,#10963),.UNSPECIFIED.,.F.,
 .F.,(2,2),(0.,1.),.UNSPECIFIED.);
#6257=B_SPLINE_CURVE_WITH_KNOTS('',1,(#10964,#10965),.UNSPECIFIED.,.F.,
 .F.,(2,2),(-1.,0.),.UNSPECIFIED.);
#6258=B_SPLINE_CURVE_WITH_KNOTS('',1,(#10966,#10967),.UNSPECIFIED.,.F.,
 .F.,(2,2),(0.,1.),.UNSPECIFIED.);
#6259=B_SPLINE_CURVE_WITH_KNOTS('',1,(#10968,#10969),.UNSPECIFIED.,.F.,
 .F.,(2,2),(-1.,0.),.UNSPECIFIED.);
#6260=B_SPLINE_CURVE_WITH_KNOTS('',1,(#10970,#10971),.UNSPECIFIED.,.F.,
 .F.,(2,2),(0.,1.),.UNSPECIFIED.);
#6261=B_SPLINE_CURVE_WITH_KNOTS('',1,(#10972,#10973),.UNSPECIFIED.,.F.,
 .F.,(2,2),(-1.,0.),.UNSPECIFIED.);
#6262=B_SPLINE_CURVE_WITH_KNOTS('',1,(#10974,#10975),.UNSPECIFIED.,.F.,
 .F.,(2,2),(0.,1.),.UNSPECIFIED.);
#6263=B_SPLINE_CURVE_WITH_KNOTS('',1,(#10976,#10977),.UNSPECIFIED.,.F.,
 .F.,(2,2),(-1.,0.),.UNSPECIFIED.);
#6264=B_SPLINE_CURVE_WITH_KNOTS('',1,(#10978,#10979),.UNSPECIFIED.,.F.,
 .F.,(2,2),(51264.69224833,51335.1232616479),.UNSPECIFIED.);
#6265=B_SPLINE_CURVE_WITH_KNOTS('',1,(#10980,#10981),.UNSPECIFIED.,.F.,
 .F.,(2,2),(0.,1.),.UNSPECIFIED.);
#6266=B_SPLINE_CURVE_WITH_KNOTS('',1,(#10982,#10983),.UNSPECIFIED.,.F.,
 .F.,(2,2),(-1.,0.),.UNSPECIFIED.);
#6267=B_SPLINE_CURVE_WITH_KNOTS('',1,(#10984,#10985),.UNSPECIFIED.,.F.,
 .F.,(2,2),(51214.69224833,51262.69224833),.UNSPECIFIED.);
#6268=B_SPLINE_CURVE_WITH_KNOTS('',1,(#10986,#10987),.UNSPECIFIED.,.F.,
 .F.,(2,2),(0.,1.),.UNSPECIFIED.);
#6269=B_SPLINE_CURVE_WITH_KNOTS('',1,(#10988,#10989),.UNSPECIFIED.,.F.,
 .F.,(2,2),(-1.,0.),.UNSPECIFIED.);
#6270=B_SPLINE_CURVE_WITH_KNOTS('',1,(#10990,#10991),.UNSPECIFIED.,.F.,
 .F.,(2,2),(51142.2612350121,51212.69224833),.UNSPECIFIED.);
#6271=B_SPLINE_CURVE_WITH_KNOTS('',1,(#10992,#10993),.UNSPECIFIED.,.F.,
 .F.,(2,2),(0.,1.),.UNSPECIFIED.);
#6272=B_SPLINE_CURVE_WITH_KNOTS('',1,(#10994,#10995),.UNSPECIFIED.,.F.,
 .F.,(2,2),(-1.,0.),.UNSPECIFIED.);
#6273=B_SPLINE_CURVE_WITH_KNOTS('',1,(#10996,#10997),.UNSPECIFIED.,.F.,
 .F.,(2,2),(0.,1.),.UNSPECIFIED.);
#6274=B_SPLINE_CURVE_WITH_KNOTS('',1,(#10998,#10999),.UNSPECIFIED.,.F.,
 .F.,(2,2),(-1.,0.),.UNSPECIFIED.);
#6275=B_SPLINE_CURVE_WITH_KNOTS('',1,(#11000,#11001),.UNSPECIFIED.,.F.,
 .F.,(2,2),(48820.7099115503,48899.1112350121),.UNSPECIFIED.);
#6276=B_SPLINE_CURVE_WITH_KNOTS('',1,(#11002,#11003),.UNSPECIFIED.,.F.,
 .F.,(2,2),(0.,1.),.UNSPECIFIED.);
#6277=B_SPLINE_CURVE_WITH_KNOTS('',1,(#11004,#11005),.UNSPECIFIED.,.F.,
 .F.,(2,2),(-1.,0.),.UNSPECIFIED.);
#6278=B_SPLINE_CURVE_WITH_KNOTS('',1,(#11006,#11007),.UNSPECIFIED.,.F.,
 .F.,(2,2),(48770.7099115503,48818.7099115503),.UNSPECIFIED.);
#6279=B_SPLINE_CURVE_WITH_KNOTS('',1,(#11008,#11009),.UNSPECIFIED.,.F.,
 .F.,(2,2),(0.,1.),.UNSPECIFIED.);
#6280=B_SPLINE_CURVE_WITH_KNOTS('',1,(#11010,#11011),.UNSPECIFIED.,.F.,
 .F.,(2,2),(-1.,0.),.UNSPECIFIED.);
#6281=B_SPLINE_CURVE_WITH_KNOTS('',1,(#11012,#11013),.UNSPECIFIED.,.F.,
 .F.,(2,2),(48690.3085880885,48768.7099115503),.UNSPECIFIED.);
#6282=B_SPLINE_CURVE_WITH_KNOTS('',1,(#11014,#11015),.UNSPECIFIED.,.F.,
 .F.,(2,2),(0.,1.),.UNSPECIFIED.);
#6283=B_SPLINE_CURVE_WITH_KNOTS('',1,(#11016,#11017),.UNSPECIFIED.,.F.,
 .F.,(2,2),(-1.,0.),.UNSPECIFIED.);
#6284=B_SPLINE_CURVE_WITH_KNOTS('',1,(#11018,#11019),.UNSPECIFIED.,.F.,
 .F.,(2,2),(0.,1.),.UNSPECIFIED.);
#6285=B_SPLINE_CURVE_WITH_KNOTS('',1,(#11020,#11021),.UNSPECIFIED.,.F.,
 .F.,(2,2),(-1.,0.),.UNSPECIFIED.);
#6286=B_SPLINE_CURVE_WITH_KNOTS('',1,(#11022,#11023),.UNSPECIFIED.,.F.,
 .F.,(2,2),(44675.9648426779,44756.5885880885),.UNSPECIFIED.);
#6287=B_SPLINE_CURVE_WITH_KNOTS('',1,(#11024,#11025),.UNSPECIFIED.,.F.,
 .F.,(2,2),(0.,1.),.UNSPECIFIED.);
#6288=B_SPLINE_CURVE_WITH_KNOTS('',1,(#11026,#11027),.UNSPECIFIED.,.F.,
 .F.,(2,2),(-1.,0.),.UNSPECIFIED.);
#6289=B_SPLINE_CURVE_WITH_KNOTS('',1,(#11028,#11029),.UNSPECIFIED.,.F.,
 .F.,(2,2),(44625.9648426779,44673.9648426779),.UNSPECIFIED.);
#6290=B_SPLINE_CURVE_WITH_KNOTS('',1,(#11030,#11031),.UNSPECIFIED.,.F.,
 .F.,(2,2),(0.,1.),.UNSPECIFIED.);
#6291=B_SPLINE_CURVE_WITH_KNOTS('',1,(#11032,#11033),.UNSPECIFIED.,.F.,
 .F.,(2,2),(-1.,0.),.UNSPECIFIED.);
#6292=B_SPLINE_CURVE_WITH_KNOTS('',1,(#11034,#11035),.UNSPECIFIED.,.F.,
 .F.,(2,2),(44543.3410972673,44623.9648426779),.UNSPECIFIED.);
#6293=B_SPLINE_CURVE_WITH_KNOTS('',1,(#11036,#11037),.UNSPECIFIED.,.F.,
 .F.,(2,2),(0.,1.),.UNSPECIFIED.);
#6294=B_SPLINE_CURVE_WITH_KNOTS('',1,(#11038,#11039),.UNSPECIFIED.,.F.,
 .F.,(2,2),(-1.,0.),.UNSPECIFIED.);
#6295=B_SPLINE_CURVE_WITH_KNOTS('',1,(#11040,#11041),.UNSPECIFIED.,.F.,
 .F.,(2,2),(0.,1.),.UNSPECIFIED.);
#6296=B_SPLINE_CURVE_WITH_KNOTS('',1,(#11042,#11043),.UNSPECIFIED.,.F.,
 .F.,(2,2),(-1.,0.),.UNSPECIFIED.);
#6297=B_SPLINE_CURVE_WITH_KNOTS('',1,(#11044,#11045),.UNSPECIFIED.,.F.,
 .F.,(2,2),(0.,1.),.UNSPECIFIED.);
#6298=B_SPLINE_CURVE_WITH_KNOTS('',1,(#11046,#11047),.UNSPECIFIED.,.F.,
 .F.,(2,2),(-1.,0.),.UNSPECIFIED.);
#6299=B_SPLINE_CURVE_WITH_KNOTS('',1,(#11048,#11049),.UNSPECIFIED.,.F.,
 .F.,(2,2),(0.,1.),.UNSPECIFIED.);
#6300=B_SPLINE_CURVE_WITH_KNOTS('',1,(#11050,#11051),.UNSPECIFIED.,.F.,
 .F.,(2,2),(-1.,0.),.UNSPECIFIED.);
#6301=B_SPLINE_CURVE_WITH_KNOTS('',1,(#11052,#11053),.UNSPECIFIED.,.F.,
 .F.,(2,2),(37582.1595735317,39925.3755467419),.UNSPECIFIED.);
#6302=B_SPLINE_CURVE_WITH_KNOTS('',1,(#11054,#11055),.UNSPECIFIED.,.F.,
 .F.,(2,2),(0.,1.),.UNSPECIFIED.);
#6303=B_SPLINE_CURVE_WITH_KNOTS('',1,(#11056,#11057),.UNSPECIFIED.,.F.,
 .F.,(2,2),(-1.,0.),.UNSPECIFIED.);
#6304=B_SPLINE_CURVE_WITH_KNOTS('',1,(#11058,#11059),.UNSPECIFIED.,.F.,
 .F.,(2,2),(37532.1595735316,37580.1595735317),.UNSPECIFIED.);
#6305=B_SPLINE_CURVE_WITH_KNOTS('',1,(#11060,#11061),.UNSPECIFIED.,.F.,
 .F.,(2,2),(0.,1.),.UNSPECIFIED.);
#6306=B_SPLINE_CURVE_WITH_KNOTS('',1,(#11062,#11063),.UNSPECIFIED.,.F.,
 .F.,(2,2),(-1.,0.),.UNSPECIFIED.);
#6307=B_SPLINE_CURVE_WITH_KNOTS('',1,(#11064,#11065),.UNSPECIFIED.,.F.,
 .F.,(2,2),(37423.1961641637,37530.1595735317),.UNSPECIFIED.);
#6308=B_SPLINE_CURVE_WITH_KNOTS('',1,(#11066,#11067),.UNSPECIFIED.,.F.,
 .F.,(2,2),(0.,1.),.UNSPECIFIED.);
#6309=B_SPLINE_CURVE_WITH_KNOTS('',1,(#11068,#11069),.UNSPECIFIED.,.F.,
 .F.,(2,2),(-1.,0.),.UNSPECIFIED.);
#6310=B_SPLINE_CURVE_WITH_KNOTS('',1,(#11070,#11071),.UNSPECIFIED.,.F.,
 .F.,(2,2),(36711.3561641637,37423.1961641637),.UNSPECIFIED.);
#6311=B_SPLINE_CURVE_WITH_KNOTS('',1,(#11072,#11073),.UNSPECIFIED.,.F.,
 .F.,(2,2),(0.,1.),.UNSPECIFIED.);
#6312=B_SPLINE_CURVE_WITH_KNOTS('',1,(#11074,#11075),.UNSPECIFIED.,.F.,
 .F.,(2,2),(-1.,0.),.UNSPECIFIED.);
#6313=B_SPLINE_CURVE_WITH_KNOTS('',1,(#11076,#11077),.UNSPECIFIED.,.F.,
 .F.,(2,2),(35637.8201937234,36709.3561641637),.UNSPECIFIED.);
#6314=B_SPLINE_CURVE_WITH_KNOTS('',1,(#11078,#11079),.UNSPECIFIED.,.F.,
 .F.,(2,2),(0.,1.),.UNSPECIFIED.);
#6315=B_SPLINE_CURVE_WITH_KNOTS('',1,(#11080,#11081),.UNSPECIFIED.,.F.,
 .F.,(2,2),(-1.,0.),.UNSPECIFIED.);
#6316=B_SPLINE_CURVE_WITH_KNOTS('',1,(#11114,#11115),.UNSPECIFIED.,.F.,
 .F.,(2,2),(0.,45.),.UNSPECIFIED.);
#6317=B_SPLINE_CURVE_WITH_KNOTS('',1,(#11119,#11120),.UNSPECIFIED.,.F.,
 .F.,(2,2),(0.,45.),.UNSPECIFIED.);
#6318=B_SPLINE_CURVE_WITH_KNOTS('',1,(#11121,#11122),.UNSPECIFIED.,.F.,
 .F.,(2,2),(0.,9.5710319297431),.UNSPECIFIED.);
#6319=B_SPLINE_CURVE_WITH_KNOTS('',1,(#11123,#11124),.UNSPECIFIED.,.F.,
 .F.,(2,2),(0.,9.5710319297431),.UNSPECIFIED.);
#6320=B_SPLINE_CURVE_WITH_KNOTS('',1,(#11125,#11126),.UNSPECIFIED.,.F.,
 .F.,(2,2),(0.,45.),.UNSPECIFIED.);
#6321=B_SPLINE_CURVE_WITH_KNOTS('',1,(#11133,#11134),.UNSPECIFIED.,.F.,
 .F.,(2,2),(-45.,0.),.UNSPECIFIED.);
#6322=B_SPLINE_CURVE_WITH_KNOTS('',1,(#11135,#11136),.UNSPECIFIED.,.F.,
 .F.,(2,2),(0.,9.57103192974323),.UNSPECIFIED.);
#6323=B_SPLINE_CURVE_WITH_KNOTS('',1,(#11137,#11138),.UNSPECIFIED.,.F.,
 .F.,(2,2),(0.,9.57103192974323),.UNSPECIFIED.);
#6324=B_SPLINE_CURVE_WITH_KNOTS('',1,(#11156,#11157),.UNSPECIFIED.,.F.,
 .F.,(2,2),(0.,45.),.UNSPECIFIED.);
#6325=B_SPLINE_CURVE_WITH_KNOTS('',1,(#11161,#11162),.UNSPECIFIED.,.F.,
 .F.,(2,2),(0.,45.),.UNSPECIFIED.);
#6326=B_SPLINE_CURVE_WITH_KNOTS('',1,(#11163,#11164),.UNSPECIFIED.,.F.,
 .F.,(2,2),(0.,9.57103192974322),.UNSPECIFIED.);
#6327=B_SPLINE_CURVE_WITH_KNOTS('',1,(#11165,#11166),.UNSPECIFIED.,.F.,
 .F.,(2,2),(0.,9.57103192974322),.UNSPECIFIED.);
#6328=B_SPLINE_CURVE_WITH_KNOTS('',1,(#11167,#11168),.UNSPECIFIED.,.F.,
 .F.,(2,2),(0.,45.),.UNSPECIFIED.);
#6329=B_SPLINE_CURVE_WITH_KNOTS('',1,(#11175,#11176),.UNSPECIFIED.,.F.,
 .F.,(2,2),(-45.,0.),.UNSPECIFIED.);
#6330=B_SPLINE_CURVE_WITH_KNOTS('',1,(#11177,#11178),.UNSPECIFIED.,.F.,
 .F.,(2,2),(0.,9.5710319297431),.UNSPECIFIED.);
#6331=B_SPLINE_CURVE_WITH_KNOTS('',1,(#11179,#11180),.UNSPECIFIED.,.F.,
 .F.,(2,2),(0.,9.5710319297431),.UNSPECIFIED.);
#6332=B_SPLINE_CURVE_WITH_KNOTS('',1,(#11198,#11199),.UNSPECIFIED.,.F.,
 .F.,(2,2),(0.,45.),.UNSPECIFIED.);
#6333=B_SPLINE_CURVE_WITH_KNOTS('',1,(#11203,#11204),.UNSPECIFIED.,.F.,
 .F.,(2,2),(0.,45.),.UNSPECIFIED.);
#6334=B_SPLINE_CURVE_WITH_KNOTS('',1,(#11205,#11206),.UNSPECIFIED.,.F.,
 .F.,(2,2),(0.,9.57103192974323),.UNSPECIFIED.);
#6335=B_SPLINE_CURVE_WITH_KNOTS('',1,(#11207,#11208),.UNSPECIFIED.,.F.,
 .F.,(2,2),(0.,9.57103192974323),.UNSPECIFIED.);
#6336=B_SPLINE_CURVE_WITH_KNOTS('',1,(#11209,#11210),.UNSPECIFIED.,.F.,
 .F.,(2,2),(0.,45.),.UNSPECIFIED.);
#6337=B_SPLINE_CURVE_WITH_KNOTS('',1,(#11217,#11218),.UNSPECIFIED.,.F.,
 .F.,(2,2),(-45.,0.),.UNSPECIFIED.);
#6338=B_SPLINE_CURVE_WITH_KNOTS('',1,(#11219,#11220),.UNSPECIFIED.,.F.,
 .F.,(2,2),(0.,9.5710319297432),.UNSPECIFIED.);
#6339=B_SPLINE_CURVE_WITH_KNOTS('',1,(#11221,#11222),.UNSPECIFIED.,.F.,
 .F.,(2,2),(-9.5710319297432,0.),.UNSPECIFIED.);
#6340=B_SPLINE_CURVE_WITH_KNOTS('',1,(#11240,#11241),.UNSPECIFIED.,.F.,
 .F.,(2,2),(0.,45.),.UNSPECIFIED.);
#6341=B_SPLINE_CURVE_WITH_KNOTS('',1,(#11245,#11246),.UNSPECIFIED.,.F.,
 .F.,(2,2),(0.,45.),.UNSPECIFIED.);
#6342=B_SPLINE_CURVE_WITH_KNOTS('',1,(#11247,#11248),.UNSPECIFIED.,.F.,
 .F.,(2,2),(0.,9.57103192974322),.UNSPECIFIED.);
#6343=B_SPLINE_CURVE_WITH_KNOTS('',1,(#11249,#11250),.UNSPECIFIED.,.F.,
 .F.,(2,2),(0.,9.57103192974322),.UNSPECIFIED.);
#6344=B_SPLINE_CURVE_WITH_KNOTS('',1,(#11251,#11252),.UNSPECIFIED.,.F.,
 .F.,(2,2),(0.,45.),.UNSPECIFIED.);
#6345=B_SPLINE_CURVE_WITH_KNOTS('',1,(#11259,#11260),.UNSPECIFIED.,.F.,
 .F.,(2,2),(-45.,0.),.UNSPECIFIED.);
#6346=B_SPLINE_CURVE_WITH_KNOTS('',1,(#11261,#11262),.UNSPECIFIED.,.F.,
 .F.,(2,2),(0.,9.5710319297431),.UNSPECIFIED.);
#6347=B_SPLINE_CURVE_WITH_KNOTS('',1,(#11263,#11264),.UNSPECIFIED.,.F.,
 .F.,(2,2),(-9.5710319297431,0.),.UNSPECIFIED.);
#6348=B_SPLINE_CURVE_WITH_KNOTS('',1,(#11279,#11280),.UNSPECIFIED.,.F.,
 .F.,(2,2),(0.,9.5710319297431),.UNSPECIFIED.);
#6349=B_SPLINE_CURVE_WITH_KNOTS('',1,(#11281,#11282),.UNSPECIFIED.,.F.,
 .F.,(2,2),(0.,45.),.UNSPECIFIED.);
#6350=B_SPLINE_CURVE_WITH_KNOTS('',1,(#11283,#11284),.UNSPECIFIED.,.F.,
 .F.,(2,2),(0.,9.5710319297431),.UNSPECIFIED.);
#6351=B_SPLINE_CURVE_WITH_KNOTS('',1,(#11285,#11286),.UNSPECIFIED.,.F.,
 .F.,(2,2),(0.,45.),.UNSPECIFIED.);
#6352=B_SPLINE_CURVE_WITH_KNOTS('',1,(#11293,#11294),.UNSPECIFIED.,.F.,
 .F.,(2,2),(-45.,0.),.UNSPECIFIED.);
#6353=B_SPLINE_CURVE_WITH_KNOTS('',1,(#11295,#11296),.UNSPECIFIED.,.F.,
 .F.,(2,2),(0.,9.57103192974322),.UNSPECIFIED.);
#6354=B_SPLINE_CURVE_WITH_KNOTS('',1,(#11297,#11298),.UNSPECIFIED.,.F.,
 .F.,(2,2),(0.,9.57103192974322),.UNSPECIFIED.);
#6355=B_SPLINE_CURVE_WITH_KNOTS('',1,(#11299,#11300),.UNSPECIFIED.,.F.,
 .F.,(2,2),(0.,45.),.UNSPECIFIED.);
#6356=B_SPLINE_CURVE_WITH_KNOTS('',1,(#11324,#11325),.UNSPECIFIED.,.F.,
 .F.,(2,2),(0.,45.),.UNSPECIFIED.);
#6357=B_SPLINE_CURVE_WITH_KNOTS('',1,(#11329,#11330),.UNSPECIFIED.,.F.,
 .F.,(2,2),(0.,45.),.UNSPECIFIED.);
#6358=B_SPLINE_CURVE_WITH_KNOTS('',1,(#11331,#11332),.UNSPECIFIED.,.F.,
 .F.,(2,2),(0.,9.5710319297432),.UNSPECIFIED.);
#6359=B_SPLINE_CURVE_WITH_KNOTS('',1,(#11333,#11334),.UNSPECIFIED.,.F.,
 .F.,(2,2),(0.,9.5710319297432),.UNSPECIFIED.);
#6360=B_SPLINE_CURVE_WITH_KNOTS('',1,(#11335,#11336),.UNSPECIFIED.,.F.,
 .F.,(2,2),(0.,45.),.UNSPECIFIED.);
#6361=B_SPLINE_CURVE_WITH_KNOTS('',1,(#11343,#11344),.UNSPECIFIED.,.F.,
 .F.,(2,2),(-45.,0.),.UNSPECIFIED.);
#6362=B_SPLINE_CURVE_WITH_KNOTS('',1,(#11345,#11346),.UNSPECIFIED.,.F.,
 .F.,(2,2),(0.,9.5710319297431),.UNSPECIFIED.);
#6363=B_SPLINE_CURVE_WITH_KNOTS('',1,(#11347,#11348),.UNSPECIFIED.,.F.,
 .F.,(2,2),(0.,9.5710319297431),.UNSPECIFIED.);
#6364=B_SPLINE_CURVE_WITH_KNOTS('',1,(#11357,#11358),.UNSPECIFIED.,.F.,
 .F.,(2,2),(0.,0.142099789290964),.UNSPECIFIED.);
#6365=B_SPLINE_CURVE_WITH_KNOTS('',1,(#11359,#11360),.UNSPECIFIED.,.F.,
 .F.,(2,2),(0.,45.),.UNSPECIFIED.);
#6366=B_SPLINE_CURVE_WITH_KNOTS('',1,(#11361,#11362),.UNSPECIFIED.,.F.,
 .F.,(2,2),(0.,0.142099789290964),.UNSPECIFIED.);
#6367=B_SPLINE_CURVE_WITH_KNOTS('',1,(#11363,#11364),.UNSPECIFIED.,.F.,
 .F.,(2,2),(0.,45.),.UNSPECIFIED.);
#6368=B_SPLINE_CURVE_WITH_KNOTS('',1,(#11397,#11398),.UNSPECIFIED.,.F.,
 .F.,(2,2),(0.,0.161627218299614),.UNSPECIFIED.);
#6369=B_SPLINE_CURVE_WITH_KNOTS('',1,(#11399,#11400),.UNSPECIFIED.,.F.,
 .F.,(2,2),(0.,45.),.UNSPECIFIED.);
#6370=B_SPLINE_CURVE_WITH_KNOTS('',1,(#11401,#11402),.UNSPECIFIED.,.F.,
 .F.,(2,2),(0.,0.161627218299614),.UNSPECIFIED.);
#6371=B_SPLINE_CURVE_WITH_KNOTS('',1,(#11403,#11404),.UNSPECIFIED.,.F.,
 .F.,(2,2),(0.,45.),.UNSPECIFIED.);
#6372=B_SPLINE_CURVE_WITH_KNOTS('',1,(#11423,#11424),.UNSPECIFIED.,.F.,
 .F.,(2,2),(0.,45.),.UNSPECIFIED.);
#6373=B_SPLINE_CURVE_WITH_KNOTS('',1,(#11425,#11426),.UNSPECIFIED.,.F.,
 .F.,(2,2),(0.,0.283602913183758),.UNSPECIFIED.);
#6374=B_SPLINE_CURVE_WITH_KNOTS('',1,(#11427,#11428),.UNSPECIFIED.,.F.,
 .F.,(2,2),(0.,0.283602913183758),.UNSPECIFIED.);
#6375=B_SPLINE_CURVE_WITH_KNOTS('',1,(#11429,#11430),.UNSPECIFIED.,.F.,
 .F.,(2,2),(0.,45.),.UNSPECIFIED.);
#6376=B_SPLINE_CURVE_WITH_KNOTS('',1,(#11454,#11455),.UNSPECIFIED.,.F.,
 .F.,(2,2),(0.,45.),.UNSPECIFIED.);
#6377=B_SPLINE_CURVE_WITH_KNOTS('',1,(#11465,#11466),.UNSPECIFIED.,.F.,
 .F.,(2,2),(0.,45.),.UNSPECIFIED.);
#6378=B_SPLINE_CURVE_WITH_KNOTS('',1,(#11467,#11468),.UNSPECIFIED.,.F.,
 .F.,(2,2),(0.,0.0820654509651734),.UNSPECIFIED.);
#6379=B_SPLINE_CURVE_WITH_KNOTS('',1,(#11469,#11470),.UNSPECIFIED.,.F.,
 .F.,(2,2),(0.,0.0820654509651734),.UNSPECIFIED.);
#6380=B_SPLINE_CURVE_WITH_KNOTS('',1,(#11495,#11496),.UNSPECIFIED.,.F.,
 .F.,(2,2),(4.62000000000001,49.62),.UNSPECIFIED.);
#6381=B_SPLINE_CURVE_WITH_KNOTS('',1,(#11507,#11508),.UNSPECIFIED.,.F.,
 .F.,(2,2),(4.62000000000001,49.62),.UNSPECIFIED.);
#6382=B_SPLINE_CURVE_WITH_KNOTS('',1,(#11509,#11510),.UNSPECIFIED.,.F.,
 .F.,(2,2),(4.62,49.62),.UNSPECIFIED.);
#6383=B_SPLINE_CURVE_WITH_KNOTS('',1,(#11521,#11522),.UNSPECIFIED.,.F.,
 .F.,(2,2),(4.62,49.62),.UNSPECIFIED.);
#6384=B_SPLINE_CURVE_WITH_KNOTS('',1,(#11551,#11552),.UNSPECIFIED.,.F.,
 .F.,(2,2),(4.62000000000001,49.62),.UNSPECIFIED.);
#6385=B_SPLINE_CURVE_WITH_KNOTS('',1,(#11553,#11554),.UNSPECIFIED.,.F.,
 .F.,(2,2),(4.62,49.62),.UNSPECIFIED.);
#6386=B_SPLINE_CURVE_WITH_KNOTS('',1,(#11582,#11583),.UNSPECIFIED.,.F.,
 .F.,(2,2),(0.,45.),.UNSPECIFIED.);
#6387=B_SPLINE_CURVE_WITH_KNOTS('',1,(#11593,#11594),.UNSPECIFIED.,.F.,
 .F.,(2,2),(0.,45.),.UNSPECIFIED.);
#6388=B_SPLINE_CURVE_WITH_KNOTS('',1,(#11595,#11596),.UNSPECIFIED.,.F.,
 .F.,(2,2),(0.,0.0374043777958026),.UNSPECIFIED.);
#6389=B_SPLINE_CURVE_WITH_KNOTS('',1,(#11597,#11598),.UNSPECIFIED.,.F.,
 .F.,(2,2),(-0.0374043777958026,0.),.UNSPECIFIED.);
#6390=B_SPLINE_CURVE_WITH_KNOTS('',1,(#11617,#11618),.UNSPECIFIED.,.F.,
 .F.,(2,2),(4.62000000000001,49.62),.UNSPECIFIED.);
#6391=B_SPLINE_CURVE_WITH_KNOTS('',1,(#11619,#11620),.UNSPECIFIED.,.F.,
 .F.,(2,2),(4.62,49.62),.UNSPECIFIED.);
#6392=B_SPLINE_CURVE_WITH_KNOTS('',1,(#11660,#11661),.UNSPECIFIED.,.F.,
 .F.,(2,2),(0.,45.),.UNSPECIFIED.);
#6393=B_SPLINE_CURVE_WITH_KNOTS('',1,(#11665,#11666),.UNSPECIFIED.,.F.,
 .F.,(2,2),(0.,45.),.UNSPECIFIED.);
#6394=B_SPLINE_CURVE_WITH_KNOTS('',1,(#11667,#11668),.UNSPECIFIED.,.F.,
 .F.,(2,2),(0.,0.215790617986742),.UNSPECIFIED.);
#6395=B_SPLINE_CURVE_WITH_KNOTS('',1,(#11669,#11670),.UNSPECIFIED.,.F.,
 .F.,(2,2),(0.,0.215790617986742),.UNSPECIFIED.);
#6396=B_SPLINE_CURVE_WITH_KNOTS('',1,(#11671,#11672),.UNSPECIFIED.,.F.,
 .F.,(2,2),(0.,45.),.UNSPECIFIED.);
#6397=B_SPLINE_CURVE_WITH_KNOTS('',1,(#11679,#11680),.UNSPECIFIED.,.F.,
 .F.,(2,2),(0.,45.),.UNSPECIFIED.);
#6398=B_SPLINE_CURVE_WITH_KNOTS('',1,(#11687,#11688),.UNSPECIFIED.,.F.,
 .F.,(2,2),(0.,45.),.UNSPECIFIED.);
#6399=B_SPLINE_CURVE_WITH_KNOTS('',1,(#11689,#11690),.UNSPECIFIED.,.F.,
 .F.,(2,2),(0.,45.),.UNSPECIFIED.);
#6400=B_SPLINE_CURVE_WITH_KNOTS('',1,(#11697,#11698),.UNSPECIFIED.,.F.,
 .F.,(2,2),(0.,45.),.UNSPECIFIED.);
#6401=B_SPLINE_CURVE_WITH_KNOTS('',1,(#11705,#11706),.UNSPECIFIED.,.F.,
 .F.,(2,2),(0.,45.),.UNSPECIFIED.);
#6402=B_SPLINE_CURVE_WITH_KNOTS('',1,(#11707,#11708),.UNSPECIFIED.,.F.,
 .F.,(2,2),(0.,0.0052920681977839),.UNSPECIFIED.);
#6403=B_SPLINE_CURVE_WITH_KNOTS('',1,(#11714,#11715),.UNSPECIFIED.,.F.,
 .F.,(2,2),(-0.0052920681977839,0.),.UNSPECIFIED.);
#6404=B_SPLINE_CURVE_WITH_KNOTS('',1,(#11738,#11739),.UNSPECIFIED.,.F.,
 .F.,(2,2),(0.,45.),.UNSPECIFIED.);
#6405=B_SPLINE_CURVE_WITH_KNOTS('',1,(#11749,#11750),.UNSPECIFIED.,.F.,
 .F.,(2,2),(0.,45.),.UNSPECIFIED.);
#6406=B_SPLINE_CURVE_WITH_KNOTS('',1,(#11751,#11752),.UNSPECIFIED.,.F.,
 .F.,(2,2),(0.,0.302239273070128),.UNSPECIFIED.);
#6407=B_SPLINE_CURVE_WITH_KNOTS('',1,(#11753,#11754),.UNSPECIFIED.,.F.,
 .F.,(2,2),(-0.302239273070128,0.),.UNSPECIFIED.);
#6408=B_SPLINE_CURVE_WITH_KNOTS('',1,(#11773,#11774),.UNSPECIFIED.,.F.,
 .F.,(2,2),(4.62000000000001,49.62),.UNSPECIFIED.);
#6409=B_SPLINE_CURVE_WITH_KNOTS('',1,(#11775,#11776),.UNSPECIFIED.,.F.,
 .F.,(2,2),(4.62,49.62),.UNSPECIFIED.);
#6410=B_SPLINE_CURVE_WITH_KNOTS('',1,(#11804,#11805),.UNSPECIFIED.,.F.,
 .F.,(2,2),(0.,45.),.UNSPECIFIED.);
#6411=B_SPLINE_CURVE_WITH_KNOTS('',1,(#11815,#11816),.UNSPECIFIED.,.F.,
 .F.,(2,2),(0.,45.),.UNSPECIFIED.);
#6412=B_SPLINE_CURVE_WITH_KNOTS('',1,(#11817,#11818),.UNSPECIFIED.,.F.,
 .F.,(2,2),(0.,0.256504762664438),.UNSPECIFIED.);
#6413=B_SPLINE_CURVE_WITH_KNOTS('',1,(#11819,#11820),.UNSPECIFIED.,.F.,
 .F.,(2,2),(-0.256504762664438,0.),.UNSPECIFIED.);
#6414=B_SPLINE_CURVE_WITH_KNOTS('',1,(#11845,#11846),.UNSPECIFIED.,.F.,
 .F.,(2,2),(4.62000000000001,49.62),.UNSPECIFIED.);
#6415=B_SPLINE_CURVE_WITH_KNOTS('',1,(#11857,#11858),.UNSPECIFIED.,.F.,
 .F.,(2,2),(4.62000000000001,49.62),.UNSPECIFIED.);
#6416=B_SPLINE_CURVE_WITH_KNOTS('',1,(#11859,#11860),.UNSPECIFIED.,.F.,
 .F.,(2,2),(4.62,49.62),.UNSPECIFIED.);
#6417=B_SPLINE_CURVE_WITH_KNOTS('',1,(#11871,#11872),.UNSPECIFIED.,.F.,
 .F.,(2,2),(4.62,49.62),.UNSPECIFIED.);
#6418=B_SPLINE_CURVE_WITH_KNOTS('',1,(#11901,#11902),.UNSPECIFIED.,.F.,
 .F.,(2,2),(4.62000000000001,49.62),.UNSPECIFIED.);
#6419=B_SPLINE_CURVE_WITH_KNOTS('',1,(#11903,#11904),.UNSPECIFIED.,.F.,
 .F.,(2,2),(4.62,49.62),.UNSPECIFIED.);
#6420=B_SPLINE_CURVE_WITH_KNOTS('',1,(#11933,#11934),.UNSPECIFIED.,.F.,
 .F.,(2,2),(4.62000000000001,49.62),.UNSPECIFIED.);
#6421=B_SPLINE_CURVE_WITH_KNOTS('',1,(#11935,#11936),.UNSPECIFIED.,.F.,
 .F.,(2,2),(4.62,49.62),.UNSPECIFIED.);
#6422=B_SPLINE_CURVE_WITH_KNOTS('',1,(#11965,#11966),.UNSPECIFIED.,.F.,
 .F.,(2,2),(4.62000000000001,49.62),.UNSPECIFIED.);
#6423=B_SPLINE_CURVE_WITH_KNOTS('',1,(#11967,#11968),.UNSPECIFIED.,.F.,
 .F.,(2,2),(4.62,49.62),.UNSPECIFIED.);
#6424=B_SPLINE_CURVE_WITH_KNOTS('',1,(#12002,#12003),.UNSPECIFIED.,.F.,
 .F.,(2,2),(0.,45.),.UNSPECIFIED.);
#6425=B_SPLINE_CURVE_WITH_KNOTS('',1,(#12007,#12008),.UNSPECIFIED.,.F.,
 .F.,(2,2),(0.,45.),.UNSPECIFIED.);
#6426=B_SPLINE_CURVE_WITH_KNOTS('',1,(#12019,#12020),.UNSPECIFIED.,.F.,
 .F.,(2,2),(0.,45.),.UNSPECIFIED.);
#6427=B_SPLINE_CURVE_WITH_KNOTS('',1,(#12027,#12028),.UNSPECIFIED.,.F.,
 .F.,(2,2),(0.,45.),.UNSPECIFIED.);
#6428=B_SPLINE_CURVE_WITH_KNOTS('',1,(#12035,#12036),.UNSPECIFIED.,.F.,
 .F.,(2,2),(0.,45.),.UNSPECIFIED.);
#6429=B_SPLINE_CURVE_WITH_KNOTS('',1,(#12047,#12048),.UNSPECIFIED.,.F.,
 .F.,(2,2),(0.,45.),.UNSPECIFIED.);
#6430=B_SPLINE_CURVE_WITH_KNOTS('',1,(#12049,#12050),.UNSPECIFIED.,.F.,
 .F.,(2,2),(0.,0.00529683430989891),.UNSPECIFIED.);
#6431=B_SPLINE_CURVE_WITH_KNOTS('',1,(#12051,#12052),.UNSPECIFIED.,.F.,
 .F.,(2,2),(0.,0.00529683430989891),.UNSPECIFIED.);
#6432=B_SPLINE_CURVE_WITH_KNOTS('',1,(#12071,#12072),.UNSPECIFIED.,.F.,
 .F.,(2,2),(4.62000000000001,49.62),.UNSPECIFIED.);
#6433=B_SPLINE_CURVE_WITH_KNOTS('',1,(#12073,#12074),.UNSPECIFIED.,.F.,
 .F.,(2,2),(4.62,49.62),.UNSPECIFIED.);
#6434=B_SPLINE_CURVE_WITH_KNOTS('',1,(#12102,#12103),.UNSPECIFIED.,.F.,
 .F.,(2,2),(0.,45.),.UNSPECIFIED.);
#6435=B_SPLINE_CURVE_WITH_KNOTS('',1,(#12113,#12114),.UNSPECIFIED.,.F.,
 .F.,(2,2),(0.,45.),.UNSPECIFIED.);
#6436=B_SPLINE_CURVE_WITH_KNOTS('',1,(#12115,#12116),.UNSPECIFIED.,.F.,
 .F.,(2,2),(0.,0.357363299851841),.UNSPECIFIED.);
#6437=B_SPLINE_CURVE_WITH_KNOTS('',1,(#12117,#12118),.UNSPECIFIED.,.F.,
 .F.,(2,2),(0.,0.357363299851841),.UNSPECIFIED.);
#6438=B_SPLINE_CURVE_WITH_KNOTS('',1,(#12136,#12137),.UNSPECIFIED.,.F.,
 .F.,(2,2),(0.,45.),.UNSPECIFIED.);
#6439=B_SPLINE_CURVE_WITH_KNOTS('',1,(#12147,#12148),.UNSPECIFIED.,.F.,
 .F.,(2,2),(0.,45.),.UNSPECIFIED.);
#6440=B_SPLINE_CURVE_WITH_KNOTS('',1,(#12149,#12150),.UNSPECIFIED.,.F.,
 .F.,(2,2),(0.,0.447551776336073),.UNSPECIFIED.);
#6441=B_SPLINE_CURVE_WITH_KNOTS('',1,(#12151,#12152),.UNSPECIFIED.,.F.,
 .F.,(2,2),(-0.447551776336073,0.),.UNSPECIFIED.);
#6442=B_SPLINE_CURVE_WITH_KNOTS('',1,(#12171,#12172),.UNSPECIFIED.,.F.,
 .F.,(2,2),(4.62000000000001,49.62),.UNSPECIFIED.);
#6443=B_SPLINE_CURVE_WITH_KNOTS('',1,(#12173,#12174),.UNSPECIFIED.,.F.,
 .F.,(2,2),(4.62,49.62),.UNSPECIFIED.);
#6444=B_SPLINE_CURVE_WITH_KNOTS('',1,(#12203,#12204),.UNSPECIFIED.,.F.,
 .F.,(2,2),(4.62000000000001,49.62),.UNSPECIFIED.);
#6445=B_SPLINE_CURVE_WITH_KNOTS('',1,(#12205,#12206),.UNSPECIFIED.,.F.,
 .F.,(2,2),(4.62,49.62),.UNSPECIFIED.);
#6446=B_SPLINE_CURVE_WITH_KNOTS('',1,(#12228,#12229),.UNSPECIFIED.,.F.,
 .F.,(2,2),(0.,0.00613801373925447),.UNSPECIFIED.);
#6447=B_SPLINE_CURVE_WITH_KNOTS('',1,(#12230,#12231),.UNSPECIFIED.,.F.,
 .F.,(2,2),(0.,45.),.UNSPECIFIED.);
#6448=B_SPLINE_CURVE_WITH_KNOTS('',1,(#12232,#12233),.UNSPECIFIED.,.F.,
 .F.,(2,2),(0.,0.00613801373925447),.UNSPECIFIED.);
#6449=B_SPLINE_CURVE_WITH_KNOTS('',1,(#12234,#12235),.UNSPECIFIED.,.F.,
 .F.,(2,2),(0.,45.),.UNSPECIFIED.);
#6450=B_SPLINE_CURVE_WITH_KNOTS('',1,(#12254,#12255),.UNSPECIFIED.,.F.,
 .F.,(2,2),(0.,45.),.UNSPECIFIED.);
#6451=B_SPLINE_CURVE_WITH_KNOTS('',1,(#12256,#12257),.UNSPECIFIED.,.F.,
 .F.,(2,2),(0.,0.541532636298751),.UNSPECIFIED.);
#6452=B_SPLINE_CURVE_WITH_KNOTS('',1,(#12258,#12259),.UNSPECIFIED.,.F.,
 .F.,(2,2),(0.,0.541532636298751),.UNSPECIFIED.);
#6453=B_SPLINE_CURVE_WITH_KNOTS('',1,(#12278,#12279),.UNSPECIFIED.,.F.,
 .F.,(2,2),(4.62000000000001,49.62),.UNSPECIFIED.);
#6454=B_SPLINE_CURVE_WITH_KNOTS('',1,(#12280,#12281),.UNSPECIFIED.,.F.,
 .F.,(2,2),(4.62,49.62),.UNSPECIFIED.);
#6455=B_SPLINE_CURVE_WITH_KNOTS('',1,(#12309,#12310),.UNSPECIFIED.,.F.,
 .F.,(2,2),(0.,45.),.UNSPECIFIED.);
#6456=B_SPLINE_CURVE_WITH_KNOTS('',1,(#12320,#12321),.UNSPECIFIED.,.F.,
 .F.,(2,2),(0.,45.),.UNSPECIFIED.);
#6457=B_SPLINE_CURVE_WITH_KNOTS('',1,(#12322,#12323),.UNSPECIFIED.,.F.,
 .F.,(2,2),(0.,0.611520235307361),.UNSPECIFIED.);
#6458=B_SPLINE_CURVE_WITH_KNOTS('',1,(#12324,#12325),.UNSPECIFIED.,.F.,
 .F.,(2,2),(-0.611520235307361,0.),.UNSPECIFIED.);
#6459=B_SPLINE_CURVE_WITH_KNOTS('',1,(#12343,#12344),.UNSPECIFIED.,.F.,
 .F.,(2,2),(0.,45.),.UNSPECIFIED.);
#6460=B_SPLINE_CURVE_WITH_KNOTS('',1,(#12354,#12355),.UNSPECIFIED.,.F.,
 .F.,(2,2),(0.,45.),.UNSPECIFIED.);
#6461=B_SPLINE_CURVE_WITH_KNOTS('',1,(#12356,#12357),.UNSPECIFIED.,.F.,
 .F.,(2,2),(0.,0.037404377795817),.UNSPECIFIED.);
#6462=B_SPLINE_CURVE_WITH_KNOTS('',1,(#12358,#12359),.UNSPECIFIED.,.F.,
 .F.,(2,2),(-0.037404377795817,0.),.UNSPECIFIED.);
#6463=B_SPLINE_CURVE_WITH_KNOTS('',1,(#12378,#12379),.UNSPECIFIED.,.F.,
 .F.,(2,2),(4.62000000000001,49.62),.UNSPECIFIED.);
#6464=B_SPLINE_CURVE_WITH_KNOTS('',1,(#12380,#12381),.UNSPECIFIED.,.F.,
 .F.,(2,2),(4.62,49.62),.UNSPECIFIED.);
#6465=B_SPLINE_CURVE_WITH_KNOTS('',1,(#12409,#12410),.UNSPECIFIED.,.F.,
 .F.,(2,2),(0.,45.),.UNSPECIFIED.);
#6466=B_SPLINE_CURVE_WITH_KNOTS('',1,(#12420,#12421),.UNSPECIFIED.,.F.,
 .F.,(2,2),(0.,45.),.UNSPECIFIED.);
#6467=B_SPLINE_CURVE_WITH_KNOTS('',1,(#12422,#12423),.UNSPECIFIED.,.F.,
 .F.,(2,2),(0.,0.306830565156049),.UNSPECIFIED.);
#6468=B_SPLINE_CURVE_WITH_KNOTS('',1,(#12424,#12425),.UNSPECIFIED.,.F.,
 .F.,(2,2),(0.,0.306830565156049),.UNSPECIFIED.);
#6469=B_SPLINE_CURVE_WITH_KNOTS('',1,(#12444,#12445),.UNSPECIFIED.,.F.,
 .F.,(2,2),(4.62000000000001,49.62),.UNSPECIFIED.);
#6470=B_SPLINE_CURVE_WITH_KNOTS('',1,(#12446,#12447),.UNSPECIFIED.,.F.,
 .F.,(2,2),(4.62,49.62),.UNSPECIFIED.);
#6471=B_SPLINE_CURVE_WITH_KNOTS('',1,(#12475,#12476),.UNSPECIFIED.,.F.,
 .F.,(2,2),(0.,45.),.UNSPECIFIED.);
#6472=B_SPLINE_CURVE_WITH_KNOTS('',1,(#12480,#12481),.UNSPECIFIED.,.F.,
 .F.,(2,2),(0.,45.),.UNSPECIFIED.);
#6473=B_SPLINE_CURVE_WITH_KNOTS('',1,(#12482,#12483),.UNSPECIFIED.,.F.,
 .F.,(2,2),(0.,0.230234635256898),.UNSPECIFIED.);
#6474=B_SPLINE_CURVE_WITH_KNOTS('',1,(#12484,#12485),.UNSPECIFIED.,.F.,
 .F.,(2,2),(0.,0.230234635256898),.UNSPECIFIED.);
#6475=B_SPLINE_CURVE_WITH_KNOTS('',1,(#12486,#12487),.UNSPECIFIED.,.F.,
 .F.,(2,2),(0.,45.),.UNSPECIFIED.);
#6476=B_SPLINE_CURVE_WITH_KNOTS('',1,(#12506,#12507),.UNSPECIFIED.,.F.,
 .F.,(2,2),(0.,45.),.UNSPECIFIED.);
#6477=B_SPLINE_CURVE_WITH_KNOTS('',1,(#12508,#12509),.UNSPECIFIED.,.F.,
 .F.,(2,2),(0.,0.0817089251081747),.UNSPECIFIED.);
#6478=B_SPLINE_CURVE_WITH_KNOTS('',1,(#12510,#12511),.UNSPECIFIED.,.F.,
 .F.,(2,2),(-0.0817089251081747,0.),.UNSPECIFIED.);
#6479=B_SPLINE_CURVE_WITH_KNOTS('',1,(#12541,#12542),.UNSPECIFIED.,.F.,
 .F.,(2,2),(0.,45.),.UNSPECIFIED.);
#6480=B_SPLINE_CURVE_WITH_KNOTS('',1,(#12548,#12549),.UNSPECIFIED.,.F.,
 .F.,(2,2),(0.,45.),.UNSPECIFIED.);
#6481=B_SPLINE_CURVE_WITH_KNOTS('',1,(#12553,#12554),.UNSPECIFIED.,.F.,
 .F.,(2,2),(0.,45.),.UNSPECIFIED.);
#6482=B_SPLINE_CURVE_WITH_KNOTS('',3,(#12567,#12568,#12569,#12570,#12571,
#12572),.UNSPECIFIED.,.F.,.F.,(4,2,4),(0.,22.5,45.),.UNSPECIFIED.);
#6483=B_SPLINE_CURVE_WITH_KNOTS('',1,(#12582,#12583),.UNSPECIFIED.,.F.,
 .F.,(2,2),(0.,0.00269378413320159),.UNSPECIFIED.);
#6484=B_SPLINE_CURVE_WITH_KNOTS('',1,(#12584,#12585),.UNSPECIFIED.,.F.,
 .F.,(2,2),(-45.,0.),.UNSPECIFIED.);
#6485=B_SPLINE_CURVE_WITH_KNOTS('',1,(#12586,#12587),.UNSPECIFIED.,.F.,
 .F.,(2,2),(0.,0.00269378413320159),.UNSPECIFIED.);
#6486=B_SPLINE_CURVE_WITH_KNOTS('',1,(#12616,#12617),.UNSPECIFIED.,.F.,
 .F.,(2,2),(0.,45.),.UNSPECIFIED.);
#6487=B_SPLINE_CURVE_WITH_KNOTS('',1,(#12627,#12628),.UNSPECIFIED.,.F.,
 .F.,(2,2),(0.,45.),.UNSPECIFIED.);
#6488=B_SPLINE_CURVE_WITH_KNOTS('',1,(#12629,#12630),.UNSPECIFIED.,.F.,
 .F.,(2,2),(0.,0.311329204725309),.UNSPECIFIED.);
#6489=B_SPLINE_CURVE_WITH_KNOTS('',1,(#12631,#12632),.UNSPECIFIED.,.F.,
 .F.,(2,2),(0.,0.311329204725309),.UNSPECIFIED.);
#6490=B_SPLINE_CURVE_WITH_KNOTS('',1,(#12633,#12634),.UNSPECIFIED.,.F.,
 .F.,(2,2),(0.,45.),.UNSPECIFIED.);
#6491=B_SPLINE_CURVE_WITH_KNOTS('',1,(#12635,#12636),.UNSPECIFIED.,.F.,
 .F.,(2,2),(0.,0.282482545217088),.UNSPECIFIED.);
#6492=B_SPLINE_CURVE_WITH_KNOTS('',1,(#12637,#12638),.UNSPECIFIED.,.F.,
 .F.,(2,2),(0.,0.282482545217088),.UNSPECIFIED.);
#6493=B_SPLINE_CURVE_WITH_KNOTS('',1,(#12656,#12657),.UNSPECIFIED.,.F.,
 .F.,(2,2),(0.,45.),.UNSPECIFIED.);
#6494=B_SPLINE_CURVE_WITH_KNOTS('',1,(#12667,#12668),.UNSPECIFIED.,.F.,
 .F.,(2,2),(0.,45.),.UNSPECIFIED.);
#6495=B_SPLINE_CURVE_WITH_KNOTS('',1,(#12669,#12670),.UNSPECIFIED.,.F.,
 .F.,(2,2),(0.,0.332045147637078),.UNSPECIFIED.);
#6496=B_SPLINE_CURVE_WITH_KNOTS('',1,(#12671,#12672),.UNSPECIFIED.,.F.,
 .F.,(2,2),(-0.332045147637078,0.),.UNSPECIFIED.);
#6497=B_SPLINE_CURVE_WITH_KNOTS('',1,(#12691,#12692),.UNSPECIFIED.,.F.,
 .F.,(2,2),(4.62000000000001,49.62),.UNSPECIFIED.);
#6498=B_SPLINE_CURVE_WITH_KNOTS('',1,(#12693,#12694),.UNSPECIFIED.,.F.,
 .F.,(2,2),(4.62,49.62),.UNSPECIFIED.);
#6499=B_SPLINE_CURVE_WITH_KNOTS('',1,(#12725,#12726),.UNSPECIFIED.,.F.,
 .F.,(2,2),(0.,45.),.UNSPECIFIED.);
#6500=B_SPLINE_CURVE_WITH_KNOTS('',1,(#12736,#12737),.UNSPECIFIED.,.F.,
 .F.,(2,2),(0.,45.),.UNSPECIFIED.);
#6501=B_SPLINE_CURVE_WITH_KNOTS('',1,(#12738,#12739),.UNSPECIFIED.,.F.,
 .F.,(2,2),(0.,0.655400396627656),.UNSPECIFIED.);
#6502=B_SPLINE_CURVE_WITH_KNOTS('',1,(#12740,#12741),.UNSPECIFIED.,.F.,
 .F.,(2,2),(0.,0.655400396627656),.UNSPECIFIED.);
#6503=B_SPLINE_CURVE_WITH_KNOTS('',1,(#12742,#12743),.UNSPECIFIED.,.F.,
 .F.,(2,2),(0.,45.),.UNSPECIFIED.);
#6504=B_SPLINE_CURVE_WITH_KNOTS('',1,(#12744,#12745),.UNSPECIFIED.,.F.,
 .F.,(2,2),(0.,0.0126035862657883),.UNSPECIFIED.);
#6505=B_SPLINE_CURVE_WITH_KNOTS('',1,(#12746,#12747),.UNSPECIFIED.,.F.,
 .F.,(2,2),(0.,0.0126035862657883),.UNSPECIFIED.);
#6506=B_SPLINE_CURVE_WITH_KNOTS('',1,(#12765,#12766),.UNSPECIFIED.,.F.,
 .F.,(2,2),(0.,45.),.UNSPECIFIED.);
#6507=B_SPLINE_CURVE_WITH_KNOTS('',1,(#12776,#12777),.UNSPECIFIED.,.F.,
 .F.,(2,2),(0.,45.),.UNSPECIFIED.);
#6508=B_SPLINE_CURVE_WITH_KNOTS('',1,(#12778,#12779),.UNSPECIFIED.,.F.,
 .F.,(2,2),(0.,0.161627218298622),.UNSPECIFIED.);
#6509=B_SPLINE_CURVE_WITH_KNOTS('',1,(#12780,#12781),.UNSPECIFIED.,.F.,
 .F.,(2,2),(-0.161627218298622,0.),.UNSPECIFIED.);
#6510=B_SPLINE_CURVE_WITH_KNOTS('',1,(#12800,#12801),.UNSPECIFIED.,.F.,
 .F.,(2,2),(4.62000000000001,49.62),.UNSPECIFIED.);
#6511=B_SPLINE_CURVE_WITH_KNOTS('',1,(#12802,#12803),.UNSPECIFIED.,.F.,
 .F.,(2,2),(4.62,49.62),.UNSPECIFIED.);
#6512=B_SPLINE_CURVE_WITH_KNOTS('',1,(#12832,#12833),.UNSPECIFIED.,.F.,
 .F.,(2,2),(4.62000000000001,49.62),.UNSPECIFIED.);
#6513=B_SPLINE_CURVE_WITH_KNOTS('',1,(#12834,#12835),.UNSPECIFIED.,.F.,
 .F.,(2,2),(4.62,49.62),.UNSPECIFIED.);
#6514=B_SPLINE_CURVE_WITH_KNOTS('',1,(#12863,#12864),.UNSPECIFIED.,.F.,
 .F.,(2,2),(0.,45.),.UNSPECIFIED.);
#6515=B_SPLINE_CURVE_WITH_KNOTS('',1,(#12874,#12875),.UNSPECIFIED.,.F.,
 .F.,(2,2),(0.,45.),.UNSPECIFIED.);
#6516=B_SPLINE_CURVE_WITH_KNOTS('',1,(#12876,#12877),.UNSPECIFIED.,.F.,
 .F.,(2,2),(0.,0.159757586821354),.UNSPECIFIED.);
#6517=B_SPLINE_CURVE_WITH_KNOTS('',1,(#12878,#12879),.UNSPECIFIED.,.F.,
 .F.,(2,2),(0.,0.159757586821354),.UNSPECIFIED.);
#6518=B_SPLINE_CURVE_WITH_KNOTS('',1,(#12898,#12899),.UNSPECIFIED.,.F.,
 .F.,(2,2),(4.62000000000001,49.62),.UNSPECIFIED.);
#6519=B_SPLINE_CURVE_WITH_KNOTS('',1,(#12900,#12901),.UNSPECIFIED.,.F.,
 .F.,(2,2),(4.62,49.62),.UNSPECIFIED.);
#6520=B_SPLINE_CURVE_WITH_KNOTS('',1,(#12930,#12931),.UNSPECIFIED.,.F.,
 .F.,(2,2),(4.62000000000001,49.62),.UNSPECIFIED.);
#6521=B_SPLINE_CURVE_WITH_KNOTS('',1,(#12932,#12933),.UNSPECIFIED.,.F.,
 .F.,(2,2),(4.62,49.62),.UNSPECIFIED.);
#6522=B_SPLINE_CURVE_WITH_KNOTS('',1,(#12961,#12962),.UNSPECIFIED.,.F.,
 .F.,(2,2),(0.,45.),.UNSPECIFIED.);
#6523=B_SPLINE_CURVE_WITH_KNOTS('',1,(#12972,#12973),.UNSPECIFIED.,.F.,
 .F.,(2,2),(0.,45.),.UNSPECIFIED.);
#6524=B_SPLINE_CURVE_WITH_KNOTS('',1,(#12974,#12975),.UNSPECIFIED.,.F.,
 .F.,(2,2),(0.,0.225318003364293),.UNSPECIFIED.);
#6525=B_SPLINE_CURVE_WITH_KNOTS('',1,(#12976,#12977),.UNSPECIFIED.,.F.,
 .F.,(2,2),(0.,0.225318003364293),.UNSPECIFIED.);
#6526=B_SPLINE_CURVE_WITH_KNOTS('',1,(#12996,#12997),.UNSPECIFIED.,.F.,
 .F.,(2,2),(4.62000000000001,49.62),.UNSPECIFIED.);
#6527=B_SPLINE_CURVE_WITH_KNOTS('',1,(#12998,#12999),.UNSPECIFIED.,.F.,
 .F.,(2,2),(4.62,49.62),.UNSPECIFIED.);
#6528=B_SPLINE_CURVE_WITH_KNOTS('',1,(#13026,#13027),.UNSPECIFIED.,.F.,
 .F.,(2,2),(4.12000000000001,44.12),.UNSPECIFIED.);
#6529=B_SPLINE_CURVE_WITH_KNOTS('',1,(#13028,#13029),.UNSPECIFIED.,.F.,
 .F.,(2,2),(4.12,44.12),.UNSPECIFIED.);
#6530=B_SPLINE_CURVE_WITH_KNOTS('',1,(#13101,#13102),.UNSPECIFIED.,.F.,
 .F.,(2,2),(-40.,0.),.UNSPECIFIED.);
#6531=B_SPLINE_CURVE_WITH_KNOTS('',1,(#13108,#13109),.UNSPECIFIED.,.F.,
 .F.,(2,2),(-40.,0.),.UNSPECIFIED.);
#6532=B_SPLINE_CURVE_WITH_KNOTS('',1,(#13110,#13111),.UNSPECIFIED.,.F.,
 .F.,(2,2),(0.,2.71878912264279),.UNSPECIFIED.);
#6533=B_SPLINE_CURVE_WITH_KNOTS('',1,(#13112,#13113),.UNSPECIFIED.,.F.,
 .F.,(2,2),(0.,2.71878912264279),.UNSPECIFIED.);
#6534=B_SPLINE_CURVE_WITH_KNOTS('',1,(#13114,#13115),.UNSPECIFIED.,.F.,
 .F.,(2,2),(0.,40.),.UNSPECIFIED.);
#6535=B_SPLINE_CURVE_WITH_KNOTS('',1,(#13126,#13127),.UNSPECIFIED.,.F.,
 .F.,(2,2),(0.,40.),.UNSPECIFIED.);
#6536=B_SPLINE_CURVE_WITH_KNOTS('',1,(#13128,#13129),.UNSPECIFIED.,.F.,
 .F.,(2,2),(0.,8.23164334294433),.UNSPECIFIED.);
#6537=B_SPLINE_CURVE_WITH_KNOTS('',1,(#13130,#13131),.UNSPECIFIED.,.F.,
 .F.,(2,2),(0.,8.23164334294433),.UNSPECIFIED.);
#6538=B_SPLINE_CURVE_WITH_KNOTS('',1,(#13132,#13133),.UNSPECIFIED.,.F.,
 .F.,(2,2),(0.,40.),.UNSPECIFIED.);
#6539=B_SPLINE_CURVE_WITH_KNOTS('',1,(#13144,#13145),.UNSPECIFIED.,.F.,
 .F.,(2,2),(-40.,0.),.UNSPECIFIED.);
#6540=B_SPLINE_CURVE_WITH_KNOTS('',1,(#13146,#13147),.UNSPECIFIED.,.F.,
 .F.,(2,2),(0.,7.72024593772142),.UNSPECIFIED.);
#6541=B_SPLINE_CURVE_WITH_KNOTS('',1,(#13148,#13149),.UNSPECIFIED.,.F.,
 .F.,(2,2),(0.,7.72024593772142),.UNSPECIFIED.);
#6542=B_SPLINE_CURVE_WITH_KNOTS('',1,(#13150,#13151),.UNSPECIFIED.,.F.,
 .F.,(2,2),(0.,40.),.UNSPECIFIED.);
#6543=B_SPLINE_CURVE_WITH_KNOTS('',1,(#13162,#13163),.UNSPECIFIED.,.F.,
 .F.,(2,2),(0.,40.),.UNSPECIFIED.);
#6544=B_SPLINE_CURVE_WITH_KNOTS('',1,(#13164,#13165),.UNSPECIFIED.,.F.,
 .F.,(2,2),(0.,7.20919417091274),.UNSPECIFIED.);
#6545=B_SPLINE_CURVE_WITH_KNOTS('',1,(#13166,#13167),.UNSPECIFIED.,.F.,
 .F.,(2,2),(0.,7.20919417091274),.UNSPECIFIED.);
#6546=B_SPLINE_CURVE_WITH_KNOTS('',1,(#13168,#13169),.UNSPECIFIED.,.F.,
 .F.,(2,2),(0.,40.),.UNSPECIFIED.);
#6547=B_SPLINE_CURVE_WITH_KNOTS('',1,(#13180,#13181),.UNSPECIFIED.,.F.,
 .F.,(2,2),(0.,40.),.UNSPECIFIED.);
#6548=B_SPLINE_CURVE_WITH_KNOTS('',1,(#13182,#13183),.UNSPECIFIED.,.F.,
 .F.,(2,2),(0.,6.40619196101809),.UNSPECIFIED.);
#6549=B_SPLINE_CURVE_WITH_KNOTS('',1,(#13184,#13185),.UNSPECIFIED.,.F.,
 .F.,(2,2),(0.,6.40619196101809),.UNSPECIFIED.);
#6550=B_SPLINE_CURVE_WITH_KNOTS('',1,(#13186,#13187),.UNSPECIFIED.,.F.,
 .F.,(2,2),(0.,40.),.UNSPECIFIED.);
#6551=B_SPLINE_CURVE_WITH_KNOTS('',1,(#13194,#13195),.UNSPECIFIED.,.F.,
 .F.,(2,2),(-40.,0.),.UNSPECIFIED.);
#6552=B_SPLINE_CURVE_WITH_KNOTS('',1,(#13196,#13197),.UNSPECIFIED.,.F.,
 .F.,(2,2),(0.,5.40609708606711),.UNSPECIFIED.);
#6553=B_SPLINE_CURVE_WITH_KNOTS('',1,(#13198,#13199),.UNSPECIFIED.,.F.,
 .F.,(2,2),(0.,5.40609708606711),.UNSPECIFIED.);
#6554=B_SPLINE_CURVE_WITH_KNOTS('',1,(#13200,#13201),.UNSPECIFIED.,.F.,
 .F.,(2,2),(0.,40.),.UNSPECIFIED.);
#6555=B_SPLINE_CURVE_WITH_KNOTS('',1,(#13208,#13209),.UNSPECIFIED.,.F.,
 .F.,(2,2),(0.,40.),.UNSPECIFIED.);
#6556=B_SPLINE_CURVE_WITH_KNOTS('',1,(#13210,#13211),.UNSPECIFIED.,.F.,
 .F.,(2,2),(0.,11.5861041666667),.UNSPECIFIED.);
#6557=B_SPLINE_CURVE_WITH_KNOTS('',1,(#13212,#13213),.UNSPECIFIED.,.F.,
 .F.,(2,2),(0.,11.5861041666667),.UNSPECIFIED.);
#6558=B_SPLINE_CURVE_WITH_KNOTS('',1,(#13214,#13215),.UNSPECIFIED.,.F.,
 .F.,(2,2),(0.,40.),.UNSPECIFIED.);
#6559=B_SPLINE_CURVE_WITH_KNOTS('',1,(#13222,#13223),.UNSPECIFIED.,.F.,
 .F.,(2,2),(0.,40.),.UNSPECIFIED.);
#6560=B_SPLINE_CURVE_WITH_KNOTS('',1,(#13224,#13225),.UNSPECIFIED.,.F.,
 .F.,(2,2),(0.,12.8191424640361),.UNSPECIFIED.);
#6561=B_SPLINE_CURVE_WITH_KNOTS('',1,(#13226,#13227),.UNSPECIFIED.,.F.,
 .F.,(2,2),(0.,12.8191424640361),.UNSPECIFIED.);
#6562=B_SPLINE_CURVE_WITH_KNOTS('',1,(#13228,#13229),.UNSPECIFIED.,.F.,
 .F.,(2,2),(0.,40.),.UNSPECIFIED.);
#6563=B_SPLINE_CURVE_WITH_KNOTS('',1,(#13240,#13241),.UNSPECIFIED.,.F.,
 .F.,(2,2),(-40.,0.),.UNSPECIFIED.);
#6564=B_SPLINE_CURVE_WITH_KNOTS('',1,(#13242,#13243),.UNSPECIFIED.,.F.,
 .F.,(2,2),(0.,6.15196931898552),.UNSPECIFIED.);
#6565=B_SPLINE_CURVE_WITH_KNOTS('',1,(#13244,#13245),.UNSPECIFIED.,.F.,
 .F.,(2,2),(0.,40.),.UNSPECIFIED.);
#6566=B_SPLINE_CURVE_WITH_KNOTS('',1,(#13246,#13247),.UNSPECIFIED.,.F.,
 .F.,(2,2),(0.,6.15196931898552),.UNSPECIFIED.);
#6567=B_SPLINE_CURVE_WITH_KNOTS('',1,(#13358,#13359),.UNSPECIFIED.,.F.,
 .F.,(2,2),(0.,40.),.UNSPECIFIED.);
#6568=B_SPLINE_CURVE_WITH_KNOTS('',1,(#13363,#13364),.UNSPECIFIED.,.F.,
 .F.,(2,2),(0.,40.),.UNSPECIFIED.);
#6569=B_SPLINE_CURVE_WITH_KNOTS('',1,(#13365,#13366),.UNSPECIFIED.,.F.,
 .F.,(2,2),(0.,4.55479728040941),.UNSPECIFIED.);
#6570=B_SPLINE_CURVE_WITH_KNOTS('',1,(#13367,#13368),.UNSPECIFIED.,.F.,
 .F.,(2,2),(0.,4.55479728040941),.UNSPECIFIED.);
#6571=B_SPLINE_CURVE_WITH_KNOTS('',1,(#13369,#13370),.UNSPECIFIED.,.F.,
 .F.,(2,2),(0.,40.),.UNSPECIFIED.);
#6572=B_SPLINE_CURVE_WITH_KNOTS('',1,(#13377,#13378),.UNSPECIFIED.,.F.,
 .F.,(2,2),(-40.,0.),.UNSPECIFIED.);
#6573=B_SPLINE_CURVE_WITH_KNOTS('',1,(#13379,#13380),.UNSPECIFIED.,.F.,
 .F.,(2,2),(0.,8.40610897467934),.UNSPECIFIED.);
#6574=B_SPLINE_CURVE_WITH_KNOTS('',1,(#13381,#13382),.UNSPECIFIED.,.F.,
 .F.,(2,2),(0.,8.40610897467934),.UNSPECIFIED.);
#6575=B_SPLINE_CURVE_WITH_KNOTS('',1,(#13383,#13384),.UNSPECIFIED.,.F.,
 .F.,(2,2),(0.,40.),.UNSPECIFIED.);
#6576=B_SPLINE_CURVE_WITH_KNOTS('',1,(#13391,#13392),.UNSPECIFIED.,.F.,
 .F.,(2,2),(-40.,0.),.UNSPECIFIED.);
#6577=B_SPLINE_CURVE_WITH_KNOTS('',1,(#13393,#13394),.UNSPECIFIED.,.F.,
 .F.,(2,2),(0.,14.1305132833846),.UNSPECIFIED.);
#6578=B_SPLINE_CURVE_WITH_KNOTS('',1,(#13395,#13396),.UNSPECIFIED.,.F.,
 .F.,(2,2),(0.,14.1305132833846),.UNSPECIFIED.);
#6579=B_SPLINE_CURVE_WITH_KNOTS('',1,(#13397,#13398),.UNSPECIFIED.,.F.,
 .F.,(2,2),(0.,40.),.UNSPECIFIED.);
#6580=B_SPLINE_CURVE_WITH_KNOTS('',1,(#13405,#13406),.UNSPECIFIED.,.F.,
 .F.,(2,2),(0.,40.),.UNSPECIFIED.);
#6581=B_SPLINE_CURVE_WITH_KNOTS('',1,(#13407,#13408),.UNSPECIFIED.,.F.,
 .F.,(2,2),(0.,14.0580213742309),.UNSPECIFIED.);
#6582=B_SPLINE_CURVE_WITH_KNOTS('',1,(#13409,#13410),.UNSPECIFIED.,.F.,
 .F.,(2,2),(0.,14.0580213742309),.UNSPECIFIED.);
#6583=B_SPLINE_CURVE_WITH_KNOTS('',1,(#13411,#13412),.UNSPECIFIED.,.F.,
 .F.,(2,2),(0.,40.),.UNSPECIFIED.);
#6584=B_SPLINE_CURVE_WITH_KNOTS('',1,(#13431,#13432),.UNSPECIFIED.,.F.,
 .F.,(2,2),(-40.,0.),.UNSPECIFIED.);
#6585=B_SPLINE_CURVE_WITH_KNOTS('',1,(#13433,#13434),.UNSPECIFIED.,.F.,
 .F.,(2,2),(0.,11.3570262350132),.UNSPECIFIED.);
#6586=B_SPLINE_CURVE_WITH_KNOTS('',1,(#13435,#13436),.UNSPECIFIED.,.F.,
 .F.,(2,2),(0.,11.3570262350132),.UNSPECIFIED.);
#6587=B_SPLINE_CURVE_WITH_KNOTS('',1,(#13437,#13438),.UNSPECIFIED.,.F.,
 .F.,(2,2),(0.,40.),.UNSPECIFIED.);
#6588=B_SPLINE_CURVE_WITH_KNOTS('',1,(#13449,#13450),.UNSPECIFIED.,.F.,
 .F.,(2,2),(0.,40.),.UNSPECIFIED.);
#6589=B_SPLINE_CURVE_WITH_KNOTS('',1,(#13451,#13452),.UNSPECIFIED.,.F.,
 .F.,(2,2),(0.,3.63511021445934),.UNSPECIFIED.);
#6590=B_SPLINE_CURVE_WITH_KNOTS('',1,(#13453,#13454),.UNSPECIFIED.,.F.,
 .F.,(2,2),(0.,3.63511021445934),.UNSPECIFIED.);
#6591=B_SPLINE_CURVE_WITH_KNOTS('',1,(#13455,#13456),.UNSPECIFIED.,.F.,
 .F.,(2,2),(0.,40.),.UNSPECIFIED.);
#6592=B_SPLINE_CURVE_WITH_KNOTS('',1,(#13463,#13464),.UNSPECIFIED.,.F.,
 .F.,(2,2),(-40.,0.),.UNSPECIFIED.);
#6593=B_SPLINE_CURVE_WITH_KNOTS('',1,(#13465,#13466),.UNSPECIFIED.,.F.,
 .F.,(2,2),(0.,9.55612163264854),.UNSPECIFIED.);
#6594=B_SPLINE_CURVE_WITH_KNOTS('',1,(#13467,#13468),.UNSPECIFIED.,.F.,
 .F.,(2,2),(0.,9.55612163264854),.UNSPECIFIED.);
#6595=B_SPLINE_CURVE_WITH_KNOTS('',1,(#13469,#13470),.UNSPECIFIED.,.F.,
 .F.,(2,2),(0.,40.),.UNSPECIFIED.);
#6596=B_SPLINE_CURVE_WITH_KNOTS('',1,(#13481,#13482),.UNSPECIFIED.,.F.,
 .F.,(2,2),(-40.,0.),.UNSPECIFIED.);
#6597=B_SPLINE_CURVE_WITH_KNOTS('',1,(#13483,#13484),.UNSPECIFIED.,.F.,
 .F.,(2,2),(0.,10.2292939388352),.UNSPECIFIED.);
#6598=B_SPLINE_CURVE_WITH_KNOTS('',1,(#13485,#13486),.UNSPECIFIED.,.F.,
 .F.,(2,2),(0.,10.2292939388352),.UNSPECIFIED.);
#6599=B_SPLINE_CURVE_WITH_KNOTS('',1,(#13487,#13488),.UNSPECIFIED.,.F.,
 .F.,(2,2),(0.,40.),.UNSPECIFIED.);
#6600=B_SPLINE_CURVE_WITH_KNOTS('',1,(#13507,#13508),.UNSPECIFIED.,.F.,
 .F.,(2,2),(0.,40.),.UNSPECIFIED.);
#6601=B_SPLINE_CURVE_WITH_KNOTS('',1,(#13509,#13510),.UNSPECIFIED.,.F.,
 .F.,(2,2),(0.,8.81276421743416),.UNSPECIFIED.);
#6602=B_SPLINE_CURVE_WITH_KNOTS('',1,(#13511,#13512),.UNSPECIFIED.,.F.,
 .F.,(2,2),(0.,8.81276421743416),.UNSPECIFIED.);
#6603=B_SPLINE_CURVE_WITH_KNOTS('',1,(#13513,#13514),.UNSPECIFIED.,.F.,
 .F.,(2,2),(0.,40.),.UNSPECIFIED.);
#6604=B_SPLINE_CURVE_WITH_KNOTS('',1,(#13525,#13526),.UNSPECIFIED.,.F.,
 .F.,(2,2),(-40.,0.),.UNSPECIFIED.);
#6605=B_SPLINE_CURVE_WITH_KNOTS('',1,(#13527,#13528),.UNSPECIFIED.,.F.,
 .F.,(2,2),(0.,9.81197453795012),.UNSPECIFIED.);
#6606=B_SPLINE_CURVE_WITH_KNOTS('',1,(#13529,#13530),.UNSPECIFIED.,.F.,
 .F.,(2,2),(0.,9.81197453795012),.UNSPECIFIED.);
#6607=B_SPLINE_CURVE_WITH_KNOTS('',1,(#13531,#13532),.UNSPECIFIED.,.F.,
 .F.,(2,2),(0.,40.),.UNSPECIFIED.);
#6608=B_SPLINE_CURVE_WITH_KNOTS('',1,(#13539,#13540),.UNSPECIFIED.,.F.,
 .F.,(2,2),(-40.,0.),.UNSPECIFIED.);
#6609=B_SPLINE_CURVE_WITH_KNOTS('',1,(#13541,#13542),.UNSPECIFIED.,.F.,
 .F.,(2,2),(0.,3.68558125392096),.UNSPECIFIED.);
#6610=B_SPLINE_CURVE_WITH_KNOTS('',1,(#13543,#13544),.UNSPECIFIED.,.F.,
 .F.,(2,2),(0.,3.68558125392096),.UNSPECIFIED.);
#6611=B_SPLINE_CURVE_WITH_KNOTS('',1,(#13545,#13546),.UNSPECIFIED.,.F.,
 .F.,(2,2),(0.,40.),.UNSPECIFIED.);
#6612=B_SPLINE_CURVE_WITH_KNOTS('',1,(#13557,#13558),.UNSPECIFIED.,.F.,
 .F.,(2,2),(0.,40.),.UNSPECIFIED.);
#6613=B_SPLINE_CURVE_WITH_KNOTS('',1,(#13559,#13560),.UNSPECIFIED.,.F.,
 .F.,(2,2),(0.,11.4134905098143),.UNSPECIFIED.);
#6614=B_SPLINE_CURVE_WITH_KNOTS('',1,(#13561,#13562),.UNSPECIFIED.,.F.,
 .F.,(2,2),(0.,11.4134905098143),.UNSPECIFIED.);
#6615=B_SPLINE_CURVE_WITH_KNOTS('',1,(#13563,#13564),.UNSPECIFIED.,.F.,
 .F.,(2,2),(0.,40.),.UNSPECIFIED.);
#6616=B_SPLINE_CURVE_WITH_KNOTS('',1,(#13583,#13584),.UNSPECIFIED.,.F.,
 .F.,(2,2),(0.,14.0227248380707),.UNSPECIFIED.);
#6617=B_SPLINE_CURVE_WITH_KNOTS('',1,(#13585,#13586),.UNSPECIFIED.,.F.,
 .F.,(2,2),(0.,40.),.UNSPECIFIED.);
#6618=B_SPLINE_CURVE_WITH_KNOTS('',1,(#13587,#13588),.UNSPECIFIED.,.F.,
 .F.,(2,2),(0.,14.0227248380706),.UNSPECIFIED.);
#6619=B_SPLINE_CURVE_WITH_KNOTS('',1,(#13589,#13590),.UNSPECIFIED.,.F.,
 .F.,(2,2),(0.,40.),.UNSPECIFIED.);
#6620=B_SPLINE_CURVE_WITH_KNOTS('',1,(#13597,#13598),.UNSPECIFIED.,.F.,
 .F.,(2,2),(0.,40.),.UNSPECIFIED.);
#6621=B_SPLINE_CURVE_WITH_KNOTS('',1,(#13599,#13600),.UNSPECIFIED.,.F.,
 .F.,(2,2),(0.,13.7308981990411),.UNSPECIFIED.);
#6622=B_SPLINE_CURVE_WITH_KNOTS('',1,(#13601,#13602),.UNSPECIFIED.,.F.,
 .F.,(2,2),(0.,13.7308981990411),.UNSPECIFIED.);
#6623=B_SPLINE_CURVE_WITH_KNOTS('',1,(#13603,#13604),.UNSPECIFIED.,.F.,
 .F.,(2,2),(0.,40.),.UNSPECIFIED.);
#6624=B_SPLINE_CURVE_WITH_KNOTS('',1,(#13611,#13612),.UNSPECIFIED.,.F.,
 .F.,(2,2),(-40.,0.),.UNSPECIFIED.);
#6625=B_SPLINE_CURVE_WITH_KNOTS('',1,(#13613,#13614),.UNSPECIFIED.,.F.,
 .F.,(2,2),(0.,32.0731715582394),.UNSPECIFIED.);
#6626=B_SPLINE_CURVE_WITH_KNOTS('',1,(#13615,#13616),.UNSPECIFIED.,.F.,
 .F.,(2,2),(0.,32.0731715582394),.UNSPECIFIED.);
#6627=B_SPLINE_CURVE_WITH_KNOTS('',1,(#13617,#13618),.UNSPECIFIED.,.F.,
 .F.,(2,2),(0.,40.),.UNSPECIFIED.);
#6628=B_SPLINE_CURVE_WITH_KNOTS('',1,(#13625,#13626),.UNSPECIFIED.,.F.,
 .F.,(2,2),(-40.,0.),.UNSPECIFIED.);
#6629=B_SPLINE_CURVE_WITH_KNOTS('',1,(#13627,#13628),.UNSPECIFIED.,.F.,
 .F.,(2,2),(0.,13.0627929436184),.UNSPECIFIED.);
#6630=B_SPLINE_CURVE_WITH_KNOTS('',1,(#13629,#13630),.UNSPECIFIED.,.F.,
 .F.,(2,2),(0.,13.0627929436184),.UNSPECIFIED.);
#6631=B_SPLINE_CURVE_WITH_KNOTS('',1,(#13631,#13632),.UNSPECIFIED.,.F.,
 .F.,(2,2),(0.,40.),.UNSPECIFIED.);
#6632=B_SPLINE_CURVE_WITH_KNOTS('',1,(#13639,#13640),.UNSPECIFIED.,.F.,
 .F.,(2,2),(0.,40.),.UNSPECIFIED.);
#6633=B_SPLINE_CURVE_WITH_KNOTS('',1,(#13641,#13642),.UNSPECIFIED.,.F.,
 .F.,(2,2),(0.,13.3720331179875),.UNSPECIFIED.);
#6634=B_SPLINE_CURVE_WITH_KNOTS('',1,(#13643,#13644),.UNSPECIFIED.,.F.,
 .F.,(2,2),(0.,13.3720331179875),.UNSPECIFIED.);
#6635=B_SPLINE_CURVE_WITH_KNOTS('',1,(#13645,#13646),.UNSPECIFIED.,.F.,
 .F.,(2,2),(0.,40.),.UNSPECIFIED.);
#6636=B_SPLINE_CURVE_WITH_KNOTS('',1,(#13661,#13662),.UNSPECIFIED.,.F.,
 .F.,(2,2),(0.,40.),.UNSPECIFIED.);
#6637=B_SPLINE_CURVE_WITH_KNOTS('',1,(#13666,#13667),.UNSPECIFIED.,.F.,
 .F.,(2,2),(0.,40.),.UNSPECIFIED.);
#6638=B_SPLINE_CURVE_WITH_KNOTS('',1,(#13668,#13669),.UNSPECIFIED.,.F.,
 .F.,(2,2),(0.,8.64310613222168),.UNSPECIFIED.);
#6639=B_SPLINE_CURVE_WITH_KNOTS('',1,(#13670,#13671),.UNSPECIFIED.,.F.,
 .F.,(2,2),(0.,8.64310613222168),.UNSPECIFIED.);
#6640=B_SPLINE_CURVE_WITH_KNOTS('',1,(#13672,#13673),.UNSPECIFIED.,.F.,
 .F.,(2,2),(0.,40.),.UNSPECIFIED.);
#6641=B_SPLINE_CURVE_WITH_KNOTS('',1,(#13674,#13675),.UNSPECIFIED.,.F.,
 .F.,(2,2),(0.,4.55337846707357),.UNSPECIFIED.);
#6642=B_SPLINE_CURVE_WITH_KNOTS('',1,(#13676,#13677),.UNSPECIFIED.,.F.,
 .F.,(2,2),(0.,40.),.UNSPECIFIED.);
#6643=B_SPLINE_CURVE_WITH_KNOTS('',1,(#13678,#13679),.UNSPECIFIED.,.F.,
 .F.,(2,2),(0.,4.55337846707357),.UNSPECIFIED.);
#6644=B_SPLINE_CURVE_WITH_KNOTS('',1,(#13730,#13731),.UNSPECIFIED.,.F.,
 .F.,(2,2),(0.,40.),.UNSPECIFIED.);
#6645=B_SPLINE_CURVE_WITH_KNOTS('',1,(#13735,#13736),.UNSPECIFIED.,.F.,
 .F.,(2,2),(0.,40.),.UNSPECIFIED.);
#6646=B_SPLINE_CURVE_WITH_KNOTS('',1,(#13737,#13738),.UNSPECIFIED.,.F.,
 .F.,(2,2),(0.,5.07641307827877),.UNSPECIFIED.);
#6647=B_SPLINE_CURVE_WITH_KNOTS('',1,(#13739,#13740),.UNSPECIFIED.,.F.,
 .F.,(2,2),(0.,5.07641307827877),.UNSPECIFIED.);
#6648=B_SPLINE_CURVE_WITH_KNOTS('',1,(#13741,#13742),.UNSPECIFIED.,.F.,
 .F.,(2,2),(0.,40.),.UNSPECIFIED.);
#6649=B_SPLINE_CURVE_WITH_KNOTS('',1,(#13749,#13750),.UNSPECIFIED.,.F.,
 .F.,(2,2),(-40.,0.),.UNSPECIFIED.);
#6650=B_SPLINE_CURVE_WITH_KNOTS('',1,(#13751,#13752),.UNSPECIFIED.,.F.,
 .F.,(2,2),(0.,6.40587505261144),.UNSPECIFIED.);
#6651=B_SPLINE_CURVE_WITH_KNOTS('',1,(#13753,#13754),.UNSPECIFIED.,.F.,
 .F.,(2,2),(0.,6.40587505261144),.UNSPECIFIED.);
#6652=B_SPLINE_CURVE_WITH_KNOTS('',1,(#13755,#13756),.UNSPECIFIED.,.F.,
 .F.,(2,2),(0.,40.),.UNSPECIFIED.);
#6653=B_SPLINE_CURVE_WITH_KNOTS('',1,(#13767,#13768),.UNSPECIFIED.,.F.,
 .F.,(2,2),(0.,40.),.UNSPECIFIED.);
#6654=B_SPLINE_CURVE_WITH_KNOTS('',1,(#13769,#13770),.UNSPECIFIED.,.F.,
 .F.,(2,2),(0.,7.2398939772981),.UNSPECIFIED.);
#6655=B_SPLINE_CURVE_WITH_KNOTS('',1,(#13771,#13772),.UNSPECIFIED.,.F.,
 .F.,(2,2),(0.,7.2398939772981),.UNSPECIFIED.);
#6656=B_SPLINE_CURVE_WITH_KNOTS('',1,(#13773,#13774),.UNSPECIFIED.,.F.,
 .F.,(2,2),(0.,40.),.UNSPECIFIED.);
#6657=B_SPLINE_CURVE_WITH_KNOTS('',1,(#13785,#13786),.UNSPECIFIED.,.F.,
 .F.,(2,2),(0.,40.),.UNSPECIFIED.);
#6658=B_SPLINE_CURVE_WITH_KNOTS('',1,(#13787,#13788),.UNSPECIFIED.,.F.,
 .F.,(2,2),(0.,7.5760183845144),.UNSPECIFIED.);
#6659=B_SPLINE_CURVE_WITH_KNOTS('',1,(#13789,#13790),.UNSPECIFIED.,.F.,
 .F.,(2,2),(0.,7.5760183845144),.UNSPECIFIED.);
#6660=B_SPLINE_CURVE_WITH_KNOTS('',1,(#13791,#13792),.UNSPECIFIED.,.F.,
 .F.,(2,2),(0.,40.),.UNSPECIFIED.);
#6661=B_SPLINE_CURVE_WITH_KNOTS('',1,(#13803,#13804),.UNSPECIFIED.,.F.,
 .F.,(2,2),(-40.,0.),.UNSPECIFIED.);
#6662=B_SPLINE_CURVE_WITH_KNOTS('',1,(#13805,#13806),.UNSPECIFIED.,.F.,
 .F.,(2,2),(0.,7.55633000144333),.UNSPECIFIED.);
#6663=B_SPLINE_CURVE_WITH_KNOTS('',1,(#13807,#13808),.UNSPECIFIED.,.F.,
 .F.,(2,2),(0.,7.55633000144333),.UNSPECIFIED.);
#6664=B_SPLINE_CURVE_WITH_KNOTS('',1,(#13809,#13810),.UNSPECIFIED.,.F.,
 .F.,(2,2),(0.,40.),.UNSPECIFIED.);
#6665=B_SPLINE_CURVE_WITH_KNOTS('',1,(#13821,#13822),.UNSPECIFIED.,.F.,
 .F.,(2,2),(0.,40.),.UNSPECIFIED.);
#6666=B_SPLINE_CURVE_WITH_KNOTS('',1,(#13823,#13824),.UNSPECIFIED.,.F.,
 .F.,(2,2),(0.,2.7582301728884),.UNSPECIFIED.);
#6667=B_SPLINE_CURVE_WITH_KNOTS('',1,(#13825,#13826),.UNSPECIFIED.,.F.,
 .F.,(2,2),(0.,2.7582301728884),.UNSPECIFIED.);
#6668=B_SPLINE_CURVE_WITH_KNOTS('',1,(#13827,#13828),.UNSPECIFIED.,.F.,
 .F.,(2,2),(0.,40.),.UNSPECIFIED.);
#6669=B_SPLINE_CURVE_WITH_KNOTS('',1,(#13835,#13836),.UNSPECIFIED.,.F.,
 .F.,(2,2),(-40.,0.),.UNSPECIFIED.);
#6670=B_SPLINE_CURVE_WITH_KNOTS('',1,(#13837,#13838),.UNSPECIFIED.,.F.,
 .F.,(2,2),(0.,7.08187775182215),.UNSPECIFIED.);
#6671=B_SPLINE_CURVE_WITH_KNOTS('',1,(#13839,#13840),.UNSPECIFIED.,.F.,
 .F.,(2,2),(0.,7.08187775182215),.UNSPECIFIED.);
#6672=B_SPLINE_CURVE_WITH_KNOTS('',1,(#13841,#13842),.UNSPECIFIED.,.F.,
 .F.,(2,2),(0.,40.),.UNSPECIFIED.);
#6673=B_SPLINE_CURVE_WITH_KNOTS('',1,(#13861,#13862),.UNSPECIFIED.,.F.,
 .F.,(2,2),(-40.,0.),.UNSPECIFIED.);
#6674=VERTEX_POINT('',#9097);
#6675=VERTEX_POINT('',#9098);
#6676=VERTEX_POINT('',#9099);
#6677=VERTEX_POINT('',#9100);
#6678=VERTEX_POINT('',#9101);
#6679=VERTEX_POINT('',#9102);
#6680=VERTEX_POINT('',#9103);
#6681=VERTEX_POINT('',#9104);
#6682=VERTEX_POINT('',#9135);
#6683=VERTEX_POINT('',#9136);
#6684=VERTEX_POINT('',#9137);
#6685=VERTEX_POINT('',#9138);
#6686=VERTEX_POINT('',#9139);
#6687=VERTEX_POINT('',#9140);
#6688=VERTEX_POINT('',#9141);
#6689=VERTEX_POINT('',#9142);
#6690=VERTEX_POINT('',#9173);
#6691=VERTEX_POINT('',#9174);
#6692=VERTEX_POINT('',#9175);
#6693=VERTEX_POINT('',#9176);
#6694=VERTEX_POINT('',#9177);
#6695=VERTEX_POINT('',#9178);
#6696=VERTEX_POINT('',#9179);
#6697=VERTEX_POINT('',#9180);
#6698=VERTEX_POINT('',#9211);
#6699=VERTEX_POINT('',#9212);
#6700=VERTEX_POINT('',#9213);
#6701=VERTEX_POINT('',#9214);
#6702=VERTEX_POINT('',#9215);
#6703=VERTEX_POINT('',#9216);
#6704=VERTEX_POINT('',#9217);
#6705=VERTEX_POINT('',#9218);
#6706=VERTEX_POINT('',#9249);
#6707=VERTEX_POINT('',#9250);
#6708=VERTEX_POINT('',#9251);
#6709=VERTEX_POINT('',#9252);
#6710=VERTEX_POINT('',#9253);
#6711=VERTEX_POINT('',#9254);
#6712=VERTEX_POINT('',#9255);
#6713=VERTEX_POINT('',#9256);
#6714=VERTEX_POINT('',#9287);
#6715=VERTEX_POINT('',#9288);
#6716=VERTEX_POINT('',#9289);
#6717=VERTEX_POINT('',#9290);
#6718=VERTEX_POINT('',#9291);
#6719=VERTEX_POINT('',#9292);
#6720=VERTEX_POINT('',#9293);
#6721=VERTEX_POINT('',#9294);
#6722=VERTEX_POINT('',#9325);
#6723=VERTEX_POINT('',#9326);
#6724=VERTEX_POINT('',#9327);
#6725=VERTEX_POINT('',#9328);
#6726=VERTEX_POINT('',#9329);
#6727=VERTEX_POINT('',#9330);
#6728=VERTEX_POINT('',#9331);
#6729=VERTEX_POINT('',#9332);
#6730=VERTEX_POINT('',#9363);
#6731=VERTEX_POINT('',#9364);
#6732=VERTEX_POINT('',#9365);
#6733=VERTEX_POINT('',#9366);
#6734=VERTEX_POINT('',#9367);
#6735=VERTEX_POINT('',#9368);
#6736=VERTEX_POINT('',#9369);
#6737=VERTEX_POINT('',#9370);
#6738=VERTEX_POINT('',#9401);
#6739=VERTEX_POINT('',#9402);
#6740=VERTEX_POINT('',#9403);
#6741=VERTEX_POINT('',#9404);
#6742=VERTEX_POINT('',#9405);
#6743=VERTEX_POINT('',#9406);
#6744=VERTEX_POINT('',#9407);
#6745=VERTEX_POINT('',#9408);
#6746=VERTEX_POINT('',#9439);
#6747=VERTEX_POINT('',#9440);
#6748=VERTEX_POINT('',#9441);
#6749=VERTEX_POINT('',#9442);
#6750=VERTEX_POINT('',#9443);
#6751=VERTEX_POINT('',#9444);
#6752=VERTEX_POINT('',#9445);
#6753=VERTEX_POINT('',#9446);
#6754=VERTEX_POINT('',#9477);
#6755=VERTEX_POINT('',#9478);
#6756=VERTEX_POINT('',#9479);
#6757=VERTEX_POINT('',#9480);
#6758=VERTEX_POINT('',#9481);
#6759=VERTEX_POINT('',#9482);
#6760=VERTEX_POINT('',#9483);
#6761=VERTEX_POINT('',#9484);
#6762=VERTEX_POINT('',#9515);
#6763=VERTEX_POINT('',#9516);
#6764=VERTEX_POINT('',#9517);
#6765=VERTEX_POINT('',#9518);
#6766=VERTEX_POINT('',#9519);
#6767=VERTEX_POINT('',#9520);
#6768=VERTEX_POINT('',#9521);
#6769=VERTEX_POINT('',#9522);
#6770=VERTEX_POINT('',#9553);
#6771=VERTEX_POINT('',#9554);
#6772=VERTEX_POINT('',#9555);
#6773=VERTEX_POINT('',#9556);
#6774=VERTEX_POINT('',#9557);
#6775=VERTEX_POINT('',#9558);
#6776=VERTEX_POINT('',#9559);
#6777=VERTEX_POINT('',#9560);
#6778=VERTEX_POINT('',#9885);
#6779=VERTEX_POINT('',#9886);
#6780=VERTEX_POINT('',#9887);
#6781=VERTEX_POINT('',#9888);
#6782=VERTEX_POINT('',#9889);
#6783=VERTEX_POINT('',#9890);
#6784=VERTEX_POINT('',#9891);
#6785=VERTEX_POINT('',#9892);
#6786=VERTEX_POINT('',#9893);
#6787=VERTEX_POINT('',#9894);
#6788=VERTEX_POINT('',#9895);
#6789=VERTEX_POINT('',#9896);
#6790=VERTEX_POINT('',#9897);
#6791=VERTEX_POINT('',#9898);
#6792=VERTEX_POINT('',#9899);
#6793=VERTEX_POINT('',#9900);
#6794=VERTEX_POINT('',#9901);
#6795=VERTEX_POINT('',#9902);
#6796=VERTEX_POINT('',#9903);
#6797=VERTEX_POINT('',#9904);
#6798=VERTEX_POINT('',#9905);
#6799=VERTEX_POINT('',#9906);
#6800=VERTEX_POINT('',#9907);
#6801=VERTEX_POINT('',#9908);
#6802=VERTEX_POINT('',#9909);
#6803=VERTEX_POINT('',#9910);
#6804=VERTEX_POINT('',#9911);
#6805=VERTEX_POINT('',#9912);
#6806=VERTEX_POINT('',#9913);
#6807=VERTEX_POINT('',#9914);
#6808=VERTEX_POINT('',#9915);
#6809=VERTEX_POINT('',#9916);
#6810=VERTEX_POINT('',#9917);
#6811=VERTEX_POINT('',#9918);
#6812=VERTEX_POINT('',#9919);
#6813=VERTEX_POINT('',#9920);
#6814=VERTEX_POINT('',#9921);
#6815=VERTEX_POINT('',#9922);
#6816=VERTEX_POINT('',#9923);
#6817=VERTEX_POINT('',#9924);
#6818=VERTEX_POINT('',#9925);
#6819=VERTEX_POINT('',#9926);
#6820=VERTEX_POINT('',#9927);
#6821=VERTEX_POINT('',#9928);
#6822=VERTEX_POINT('',#9929);
#6823=VERTEX_POINT('',#9930);
#6824=VERTEX_POINT('',#9931);
#6825=VERTEX_POINT('',#9932);
#6826=VERTEX_POINT('',#9933);
#6827=VERTEX_POINT('',#9934);
#6828=VERTEX_POINT('',#9935);
#6829=VERTEX_POINT('',#9936);
#6830=VERTEX_POINT('',#9937);
#6831=VERTEX_POINT('',#9938);
#6832=VERTEX_POINT('',#9939);
#6833=VERTEX_POINT('',#9940);
#6834=VERTEX_POINT('',#9941);
#6835=VERTEX_POINT('',#9942);
#6836=VERTEX_POINT('',#9943);
#6837=VERTEX_POINT('',#9944);
#6838=VERTEX_POINT('',#9945);
#6839=VERTEX_POINT('',#9946);
#6840=VERTEX_POINT('',#9947);
#6841=VERTEX_POINT('',#9948);
#6842=VERTEX_POINT('',#9949);
#6843=VERTEX_POINT('',#9950);
#6844=VERTEX_POINT('',#9951);
#6845=VERTEX_POINT('',#9952);
#6846=VERTEX_POINT('',#9953);
#6847=VERTEX_POINT('',#9954);
#6848=VERTEX_POINT('',#9955);
#6849=VERTEX_POINT('',#9956);
#6850=VERTEX_POINT('',#9957);
#6851=VERTEX_POINT('',#9958);
#6852=VERTEX_POINT('',#9959);
#6853=VERTEX_POINT('',#9960);
#6854=VERTEX_POINT('',#9961);
#6855=VERTEX_POINT('',#9962);
#6856=VERTEX_POINT('',#9963);
#6857=VERTEX_POINT('',#9964);
#6858=VERTEX_POINT('',#9965);
#6859=VERTEX_POINT('',#9966);
#6860=VERTEX_POINT('',#9967);
#6861=VERTEX_POINT('',#9968);
#6862=VERTEX_POINT('',#9969);
#6863=VERTEX_POINT('',#9970);
#6864=VERTEX_POINT('',#9971);
#6865=VERTEX_POINT('',#9972);
#6866=VERTEX_POINT('',#9973);
#6867=VERTEX_POINT('',#9974);
#6868=VERTEX_POINT('',#9975);
#6869=VERTEX_POINT('',#9976);
#6870=VERTEX_POINT('',#9977);
#6871=VERTEX_POINT('',#9978);
#6872=VERTEX_POINT('',#9979);
#6873=VERTEX_POINT('',#9980);
#6874=VERTEX_POINT('',#9981);
#6875=VERTEX_POINT('',#9982);
#6876=VERTEX_POINT('',#9983);
#6877=VERTEX_POINT('',#9984);
#6878=VERTEX_POINT('',#9985);
#6879=VERTEX_POINT('',#9986);
#6880=VERTEX_POINT('',#9987);
#6881=VERTEX_POINT('',#9988);
#6882=VERTEX_POINT('',#9989);
#6883=VERTEX_POINT('',#9990);
#6884=VERTEX_POINT('',#9991);
#6885=VERTEX_POINT('',#9992);
#6886=VERTEX_POINT('',#9993);
#6887=VERTEX_POINT('',#9994);
#6888=VERTEX_POINT('',#9995);
#6889=VERTEX_POINT('',#9996);
#6890=VERTEX_POINT('',#9997);
#6891=VERTEX_POINT('',#9998);
#6892=VERTEX_POINT('',#9999);
#6893=VERTEX_POINT('',#10000);
#6894=VERTEX_POINT('',#10001);
#6895=VERTEX_POINT('',#10002);
#6896=VERTEX_POINT('',#10003);
#6897=VERTEX_POINT('',#10004);
#6898=VERTEX_POINT('',#10005);
#6899=VERTEX_POINT('',#10006);
#6900=VERTEX_POINT('',#10007);
#6901=VERTEX_POINT('',#10008);
#6902=VERTEX_POINT('',#10009);
#6903=VERTEX_POINT('',#10010);
#6904=VERTEX_POINT('',#10011);
#6905=VERTEX_POINT('',#10012);
#6906=VERTEX_POINT('',#10013);
#6907=VERTEX_POINT('',#10014);
#6908=VERTEX_POINT('',#10015);
#6909=VERTEX_POINT('',#10016);
#6910=VERTEX_POINT('',#10017);
#6911=VERTEX_POINT('',#10018);
#6912=VERTEX_POINT('',#10019);
#6913=VERTEX_POINT('',#10020);
#6914=VERTEX_POINT('',#10021);
#6915=VERTEX_POINT('',#10022);
#6916=VERTEX_POINT('',#10023);
#6917=VERTEX_POINT('',#10024);
#6918=VERTEX_POINT('',#10025);
#6919=VERTEX_POINT('',#10026);
#6920=VERTEX_POINT('',#10027);
#6921=VERTEX_POINT('',#10028);
#6922=VERTEX_POINT('',#10029);
#6923=VERTEX_POINT('',#10030);
#6924=VERTEX_POINT('',#10031);
#6925=VERTEX_POINT('',#10032);
#6926=VERTEX_POINT('',#10033);
#6927=VERTEX_POINT('',#10034);
#6928=VERTEX_POINT('',#10035);
#6929=VERTEX_POINT('',#10036);
#6930=VERTEX_POINT('',#10037);
#6931=VERTEX_POINT('',#10038);
#6932=VERTEX_POINT('',#10039);
#6933=VERTEX_POINT('',#10040);
#6934=VERTEX_POINT('',#10041);
#6935=VERTEX_POINT('',#10042);
#6936=VERTEX_POINT('',#10043);
#6937=VERTEX_POINT('',#10044);
#6938=VERTEX_POINT('',#10045);
#6939=VERTEX_POINT('',#10046);
#6940=VERTEX_POINT('',#10047);
#6941=VERTEX_POINT('',#10048);
#6942=VERTEX_POINT('',#10049);
#6943=VERTEX_POINT('',#10050);
#6944=VERTEX_POINT('',#10051);
#6945=VERTEX_POINT('',#10052);
#6946=VERTEX_POINT('',#10053);
#6947=VERTEX_POINT('',#10054);
#6948=VERTEX_POINT('',#10055);
#6949=VERTEX_POINT('',#10056);
#6950=VERTEX_POINT('',#10057);
#6951=VERTEX_POINT('',#10058);
#6952=VERTEX_POINT('',#10059);
#6953=VERTEX_POINT('',#10060);
#6954=VERTEX_POINT('',#10061);
#6955=VERTEX_POINT('',#10062);
#6956=VERTEX_POINT('',#10063);
#6957=VERTEX_POINT('',#10064);
#6958=VERTEX_POINT('',#10065);
#6959=VERTEX_POINT('',#10066);
#6960=VERTEX_POINT('',#10067);
#6961=VERTEX_POINT('',#10068);
#6962=VERTEX_POINT('',#10069);
#6963=VERTEX_POINT('',#10070);
#6964=VERTEX_POINT('',#10071);
#6965=VERTEX_POINT('',#10072);
#6966=VERTEX_POINT('',#10073);
#6967=VERTEX_POINT('',#10074);
#6968=VERTEX_POINT('',#10075);
#6969=VERTEX_POINT('',#10076);
#6970=VERTEX_POINT('',#10077);
#6971=VERTEX_POINT('',#10078);
#6972=VERTEX_POINT('',#10079);
#6973=VERTEX_POINT('',#10080);
#6974=VERTEX_POINT('',#10081);
#6975=VERTEX_POINT('',#10082);
#6976=VERTEX_POINT('',#10083);
#6977=VERTEX_POINT('',#10084);
#6978=VERTEX_POINT('',#10085);
#6979=VERTEX_POINT('',#10086);
#6980=VERTEX_POINT('',#10087);
#6981=VERTEX_POINT('',#10088);
#6982=VERTEX_POINT('',#10089);
#6983=VERTEX_POINT('',#10090);
#6984=VERTEX_POINT('',#10091);
#6985=VERTEX_POINT('',#10092);
#6986=VERTEX_POINT('',#10093);
#6987=VERTEX_POINT('',#10094);
#6988=VERTEX_POINT('',#10095);
#6989=VERTEX_POINT('',#10096);
#6990=VERTEX_POINT('',#10097);
#6991=VERTEX_POINT('',#10098);
#6992=VERTEX_POINT('',#10099);
#6993=VERTEX_POINT('',#10100);
#6994=VERTEX_POINT('',#11103);
#6995=VERTEX_POINT('',#11104);
#6996=VERTEX_POINT('',#11105);
#6997=VERTEX_POINT('',#11106);
#6998=VERTEX_POINT('',#11107);
#6999=VERTEX_POINT('',#11108);
#7000=VERTEX_POINT('',#11109);
#7001=VERTEX_POINT('',#11110);
#7002=VERTEX_POINT('',#11145);
#7003=VERTEX_POINT('',#11146);
#7004=VERTEX_POINT('',#11147);
#7005=VERTEX_POINT('',#11148);
#7006=VERTEX_POINT('',#11149);
#7007=VERTEX_POINT('',#11150);
#7008=VERTEX_POINT('',#11151);
#7009=VERTEX_POINT('',#11152);
#7010=VERTEX_POINT('',#11187);
#7011=VERTEX_POINT('',#11188);
#7012=VERTEX_POINT('',#11189);
#7013=VERTEX_POINT('',#11190);
#7014=VERTEX_POINT('',#11191);
#7015=VERTEX_POINT('',#11192);
#7016=VERTEX_POINT('',#11193);
#7017=VERTEX_POINT('',#11194);
#7018=VERTEX_POINT('',#11229);
#7019=VERTEX_POINT('',#11230);
#7020=VERTEX_POINT('',#11231);
#7021=VERTEX_POINT('',#11232);
#7022=VERTEX_POINT('',#11233);
#7023=VERTEX_POINT('',#11234);
#7024=VERTEX_POINT('',#11235);
#7025=VERTEX_POINT('',#11236);
#7026=VERTEX_POINT('',#11271);
#7027=VERTEX_POINT('',#11272);
#7028=VERTEX_POINT('',#11273);
#7029=VERTEX_POINT('',#11274);
#7030=VERTEX_POINT('',#11275);
#7031=VERTEX_POINT('',#11276);
#7032=VERTEX_POINT('',#11277);
#7033=VERTEX_POINT('',#11278);
#7034=VERTEX_POINT('',#11313);
#7035=VERTEX_POINT('',#11314);
#7036=VERTEX_POINT('',#11315);
#7037=VERTEX_POINT('',#11316);
#7038=VERTEX_POINT('',#11317);
#7039=VERTEX_POINT('',#11318);
#7040=VERTEX_POINT('',#11319);
#7041=VERTEX_POINT('',#11320);
#7042=VERTEX_POINT('',#11353);
#7043=VERTEX_POINT('',#11354);
#7044=VERTEX_POINT('',#11355);
#7045=VERTEX_POINT('',#11356);
#7046=VERTEX_POINT('',#11389);
#7047=VERTEX_POINT('',#11390);
#7048=VERTEX_POINT('',#11391);
#7049=VERTEX_POINT('',#11392);
#7050=VERTEX_POINT('',#11393);
#7051=VERTEX_POINT('',#11394);
#7052=VERTEX_POINT('',#11395);
#7053=VERTEX_POINT('',#11396);
#7054=VERTEX_POINT('',#11441);
#7055=VERTEX_POINT('',#11442);
#7056=VERTEX_POINT('',#11443);
#7057=VERTEX_POINT('',#11444);
#7058=VERTEX_POINT('',#11477);
#7059=VERTEX_POINT('',#11478);
#7060=VERTEX_POINT('',#11479);
#7061=VERTEX_POINT('',#11480);
#7062=VERTEX_POINT('',#11481);
#7063=VERTEX_POINT('',#11482);
#7064=VERTEX_POINT('',#11483);
#7065=VERTEX_POINT('',#11484);
#7066=VERTEX_POINT('',#11537);
#7067=VERTEX_POINT('',#11538);
#7068=VERTEX_POINT('',#11539);
#7069=VERTEX_POINT('',#11540);
#7070=VERTEX_POINT('',#11569);
#7071=VERTEX_POINT('',#11570);
#7072=VERTEX_POINT('',#11571);
#7073=VERTEX_POINT('',#11572);
#7074=VERTEX_POINT('',#11603);
#7075=VERTEX_POINT('',#11604);
#7076=VERTEX_POINT('',#11605);
#7077=VERTEX_POINT('',#11606);
#7078=VERTEX_POINT('',#11641);
#7079=VERTEX_POINT('',#11642);
#7080=VERTEX_POINT('',#11643);
#7081=VERTEX_POINT('',#11644);
#7082=VERTEX_POINT('',#11645);
#7083=VERTEX_POINT('',#11646);
#7084=VERTEX_POINT('',#11647);
#7085=VERTEX_POINT('',#11648);
#7086=VERTEX_POINT('',#11649);
#7087=VERTEX_POINT('',#11650);
#7088=VERTEX_POINT('',#11651);
#7089=VERTEX_POINT('',#11652);
#7090=VERTEX_POINT('',#11653);
#7091=VERTEX_POINT('',#11654);
#7092=VERTEX_POINT('',#11655);
#7093=VERTEX_POINT('',#11656);
#7094=VERTEX_POINT('',#11725);
#7095=VERTEX_POINT('',#11726);
#7096=VERTEX_POINT('',#11727);
#7097=VERTEX_POINT('',#11728);
#7098=VERTEX_POINT('',#11759);
#7099=VERTEX_POINT('',#11760);
#7100=VERTEX_POINT('',#11761);
#7101=VERTEX_POINT('',#11762);
#7102=VERTEX_POINT('',#11791);
#7103=VERTEX_POINT('',#11792);
#7104=VERTEX_POINT('',#11793);
#7105=VERTEX_POINT('',#11794);
#7106=VERTEX_POINT('',#11827);
#7107=VERTEX_POINT('',#11828);
#7108=VERTEX_POINT('',#11829);
#7109=VERTEX_POINT('',#11830);
#7110=VERTEX_POINT('',#11831);
#7111=VERTEX_POINT('',#11832);
#7112=VERTEX_POINT('',#11833);
#7113=VERTEX_POINT('',#11834);
#7114=VERTEX_POINT('',#11887);
#7115=VERTEX_POINT('',#11888);
#7116=VERTEX_POINT('',#11889);
#7117=VERTEX_POINT('',#11890);
#7118=VERTEX_POINT('',#11919);
#7119=VERTEX_POINT('',#11920);
#7120=VERTEX_POINT('',#11921);
#7121=VERTEX_POINT('',#11922);
#7122=VERTEX_POINT('',#11951);
#7123=VERTEX_POINT('',#11952);
#7124=VERTEX_POINT('',#11953);
#7125=VERTEX_POINT('',#11954);
#7126=VERTEX_POINT('',#11987);
#7127=VERTEX_POINT('',#11988);
#7128=VERTEX_POINT('',#11989);
#7129=VERTEX_POINT('',#11990);
#7130=VERTEX_POINT('',#11991);
#7131=VERTEX_POINT('',#11992);
#7132=VERTEX_POINT('',#11993);
#7133=VERTEX_POINT('',#11994);
#7134=VERTEX_POINT('',#11995);
#7135=VERTEX_POINT('',#11996);
#7136=VERTEX_POINT('',#11997);
#7137=VERTEX_POINT('',#11998);
#7138=VERTEX_POINT('',#12057);
#7139=VERTEX_POINT('',#12058);
#7140=VERTEX_POINT('',#12059);
#7141=VERTEX_POINT('',#12060);
#7142=VERTEX_POINT('',#12089);
#7143=VERTEX_POINT('',#12090);
#7144=VERTEX_POINT('',#12091);
#7145=VERTEX_POINT('',#12092);
#7146=VERTEX_POINT('',#12123);
#7147=VERTEX_POINT('',#12124);
#7148=VERTEX_POINT('',#12125);
#7149=VERTEX_POINT('',#12126);
#7150=VERTEX_POINT('',#12157);
#7151=VERTEX_POINT('',#12158);
#7152=VERTEX_POINT('',#12159);
#7153=VERTEX_POINT('',#12160);
#7154=VERTEX_POINT('',#12189);
#7155=VERTEX_POINT('',#12190);
#7156=VERTEX_POINT('',#12191);
#7157=VERTEX_POINT('',#12192);
#7158=VERTEX_POINT('',#12222);
#7159=VERTEX_POINT('',#12223);
#7160=VERTEX_POINT('',#12224);
#7161=VERTEX_POINT('',#12225);
#7162=VERTEX_POINT('',#12226);
#7163=VERTEX_POINT('',#12227);
#7164=VERTEX_POINT('',#12264);
#7165=VERTEX_POINT('',#12265);
#7166=VERTEX_POINT('',#12266);
#7167=VERTEX_POINT('',#12267);
#7168=VERTEX_POINT('',#12296);
#7169=VERTEX_POINT('',#12297);
#7170=VERTEX_POINT('',#12298);
#7171=VERTEX_POINT('',#12299);
#7172=VERTEX_POINT('',#12330);
#7173=VERTEX_POINT('',#12331);
#7174=VERTEX_POINT('',#12332);
#7175=VERTEX_POINT('',#12333);
#7176=VERTEX_POINT('',#12364);
#7177=VERTEX_POINT('',#12365);
#7178=VERTEX_POINT('',#12366);
#7179=VERTEX_POINT('',#12367);
#7180=VERTEX_POINT('',#12396);
#7181=VERTEX_POINT('',#12397);
#7182=VERTEX_POINT('',#12398);
#7183=VERTEX_POINT('',#12399);
#7184=VERTEX_POINT('',#12430);
#7185=VERTEX_POINT('',#12431);
#7186=VERTEX_POINT('',#12432);
#7187=VERTEX_POINT('',#12433);
#7188=VERTEX_POINT('',#12464);
#7189=VERTEX_POINT('',#12465);
#7190=VERTEX_POINT('',#12466);
#7191=VERTEX_POINT('',#12467);
#7192=VERTEX_POINT('',#12468);
#7193=VERTEX_POINT('',#12469);
#7194=VERTEX_POINT('',#12470);
#7195=VERTEX_POINT('',#12471);
#7196=VERTEX_POINT('',#12526);
#7197=VERTEX_POINT('',#12527);
#7198=VERTEX_POINT('',#12528);
#7199=VERTEX_POINT('',#12529);
#7200=VERTEX_POINT('',#12530);
#7201=VERTEX_POINT('',#12531);
#7202=VERTEX_POINT('',#12532);
#7203=VERTEX_POINT('',#12533);
#7204=VERTEX_POINT('',#12534);
#7205=VERTEX_POINT('',#12535);
#7206=VERTEX_POINT('',#12601);
#7207=VERTEX_POINT('',#12602);
#7208=VERTEX_POINT('',#12603);
#7209=VERTEX_POINT('',#12604);
#7210=VERTEX_POINT('',#12605);
#7211=VERTEX_POINT('',#12606);
#7212=VERTEX_POINT('',#12643);
#7213=VERTEX_POINT('',#12644);
#7214=VERTEX_POINT('',#12645);
#7215=VERTEX_POINT('',#12646);
#7216=VERTEX_POINT('',#12677);
#7217=VERTEX_POINT('',#12678);
#7218=VERTEX_POINT('',#12679);
#7219=VERTEX_POINT('',#12680);
#7220=VERTEX_POINT('',#12710);
#7221=VERTEX_POINT('',#12711);
#7222=VERTEX_POINT('',#12712);
#7223=VERTEX_POINT('',#12713);
#7224=VERTEX_POINT('',#12714);
#7225=VERTEX_POINT('',#12715);
#7226=VERTEX_POINT('',#12752);
#7227=VERTEX_POINT('',#12753);
#7228=VERTEX_POINT('',#12754);
#7229=VERTEX_POINT('',#12755);
#7230=VERTEX_POINT('',#12786);
#7231=VERTEX_POINT('',#12787);
#7232=VERTEX_POINT('',#12788);
#7233=VERTEX_POINT('',#12789);
#7234=VERTEX_POINT('',#12818);
#7235=VERTEX_POINT('',#12819);
#7236=VERTEX_POINT('',#12820);
#7237=VERTEX_POINT('',#12821);
#7238=VERTEX_POINT('',#12850);
#7239=VERTEX_POINT('',#12851);
#7240=VERTEX_POINT('',#12852);
#7241=VERTEX_POINT('',#12853);
#7242=VERTEX_POINT('',#12884);
#7243=VERTEX_POINT('',#12885);
#7244=VERTEX_POINT('',#12886);
#7245=VERTEX_POINT('',#12887);
#7246=VERTEX_POINT('',#12916);
#7247=VERTEX_POINT('',#12917);
#7248=VERTEX_POINT('',#12918);
#7249=VERTEX_POINT('',#12919);
#7250=VERTEX_POINT('',#12948);
#7251=VERTEX_POINT('',#12949);
#7252=VERTEX_POINT('',#12950);
#7253=VERTEX_POINT('',#12951);
#7254=VERTEX_POINT('',#12982);
#7255=VERTEX_POINT('',#12983);
#7256=VERTEX_POINT('',#12984);
#7257=VERTEX_POINT('',#12985);
#7258=VERTEX_POINT('',#13012);
#7259=VERTEX_POINT('',#13013);
#7260=VERTEX_POINT('',#13014);
#7261=VERTEX_POINT('',#13015);
#7262=VERTEX_POINT('',#13058);
#7263=VERTEX_POINT('',#13059);
#7264=VERTEX_POINT('',#13060);
#7265=VERTEX_POINT('',#13061);
#7266=VERTEX_POINT('',#13062);
#7267=VERTEX_POINT('',#13063);
#7268=VERTEX_POINT('',#13064);
#7269=VERTEX_POINT('',#13065);
#7270=VERTEX_POINT('',#13066);
#7271=VERTEX_POINT('',#13067);
#7272=VERTEX_POINT('',#13068);
#7273=VERTEX_POINT('',#13069);
#7274=VERTEX_POINT('',#13070);
#7275=VERTEX_POINT('',#13071);
#7276=VERTEX_POINT('',#13072);
#7277=VERTEX_POINT('',#13073);
#7278=VERTEX_POINT('',#13074);
#7279=VERTEX_POINT('',#13075);
#7280=VERTEX_POINT('',#13076);
#7281=VERTEX_POINT('',#13077);
#7282=VERTEX_POINT('',#13078);
#7283=VERTEX_POINT('',#13079);
#7284=VERTEX_POINT('',#13080);
#7285=VERTEX_POINT('',#13081);
#7286=VERTEX_POINT('',#13082);
#7287=VERTEX_POINT('',#13083);
#7288=VERTEX_POINT('',#13084);
#7289=VERTEX_POINT('',#13085);
#7290=VERTEX_POINT('',#13086);
#7291=VERTEX_POINT('',#13087);
#7292=VERTEX_POINT('',#13088);
#7293=VERTEX_POINT('',#13089);
#7294=VERTEX_POINT('',#13090);
#7295=VERTEX_POINT('',#13091);
#7296=VERTEX_POINT('',#13092);
#7297=VERTEX_POINT('',#13093);
#7298=VERTEX_POINT('',#13094);
#7299=VERTEX_POINT('',#13095);
#7300=VERTEX_POINT('',#13285);
#7301=VERTEX_POINT('',#13286);
#7302=VERTEX_POINT('',#13287);
#7303=VERTEX_POINT('',#13288);
#7304=VERTEX_POINT('',#13289);
#7305=VERTEX_POINT('',#13290);
#7306=VERTEX_POINT('',#13291);
#7307=VERTEX_POINT('',#13292);
#7308=VERTEX_POINT('',#13293);
#7309=VERTEX_POINT('',#13294);
#7310=VERTEX_POINT('',#13295);
#7311=VERTEX_POINT('',#13296);
#7312=VERTEX_POINT('',#13297);
#7313=VERTEX_POINT('',#13298);
#7314=VERTEX_POINT('',#13299);
#7315=VERTEX_POINT('',#13300);
#7316=VERTEX_POINT('',#13301);
#7317=VERTEX_POINT('',#13302);
#7318=VERTEX_POINT('',#13303);
#7319=VERTEX_POINT('',#13304);
#7320=VERTEX_POINT('',#13305);
#7321=VERTEX_POINT('',#13306);
#7322=VERTEX_POINT('',#13307);
#7323=VERTEX_POINT('',#13308);
#7324=VERTEX_POINT('',#13309);
#7325=VERTEX_POINT('',#13310);
#7326=VERTEX_POINT('',#13311);
#7327=VERTEX_POINT('',#13312);
#7328=VERTEX_POINT('',#13313);
#7329=VERTEX_POINT('',#13314);
#7330=VERTEX_POINT('',#13315);
#7331=VERTEX_POINT('',#13316);
#7332=VERTEX_POINT('',#13317);
#7333=VERTEX_POINT('',#13318);
#7334=VERTEX_POINT('',#13319);
#7335=VERTEX_POINT('',#13320);
#7336=VERTEX_POINT('',#13321);
#7337=VERTEX_POINT('',#13322);
#7338=VERTEX_POINT('',#13323);
#7339=VERTEX_POINT('',#13324);
#7340=VERTEX_POINT('',#13325);
#7341=VERTEX_POINT('',#13326);
#7342=VERTEX_POINT('',#13327);
#7343=VERTEX_POINT('',#13328);
#7344=VERTEX_POINT('',#13329);
#7345=VERTEX_POINT('',#13330);
#7346=VERTEX_POINT('',#13331);
#7347=VERTEX_POINT('',#13332);
#7348=VERTEX_POINT('',#13333);
#7349=VERTEX_POINT('',#13334);
#7350=VERTEX_POINT('',#13335);
#7351=VERTEX_POINT('',#13336);
#7352=VERTEX_POINT('',#13337);
#7353=VERTEX_POINT('',#13338);
#7354=VERTEX_POINT('',#13339);
#7355=VERTEX_POINT('',#13340);
#7356=VERTEX_POINT('',#13341);
#7357=VERTEX_POINT('',#13342);
#7358=VERTEX_POINT('',#13343);
#7359=VERTEX_POINT('',#13344);
#7360=VERTEX_POINT('',#13345);
#7361=VERTEX_POINT('',#13346);
#7362=VERTEX_POINT('',#13347);
#7363=VERTEX_POINT('',#13348);
#7364=VERTEX_POINT('',#13349);
#7365=VERTEX_POINT('',#13350);
#7366=VERTEX_POINT('',#13351);
#7367=VERTEX_POINT('',#13352);
#7368=VERTEX_POINT('',#13353);
#7369=VERTEX_POINT('',#13354);
#7370=VERTEX_POINT('',#13650);
#7371=VERTEX_POINT('',#13651);
#7372=VERTEX_POINT('',#13652);
#7373=VERTEX_POINT('',#13653);
#7374=VERTEX_POINT('',#13654);
#7375=VERTEX_POINT('',#13655);
#7376=VERTEX_POINT('',#13656);
#7377=VERTEX_POINT('',#13657);
#7378=VERTEX_POINT('',#13695);
#7379=VERTEX_POINT('',#13696);
#7380=VERTEX_POINT('',#13697);
#7381=VERTEX_POINT('',#13698);
#7382=VERTEX_POINT('',#13699);
#7383=VERTEX_POINT('',#13700);
#7384=VERTEX_POINT('',#13701);
#7385=VERTEX_POINT('',#13702);
#7386=VERTEX_POINT('',#13703);
#7387=VERTEX_POINT('',#13704);
#7388=VERTEX_POINT('',#13705);
#7389=VERTEX_POINT('',#13706);
#7390=VERTEX_POINT('',#13707);
#7391=VERTEX_POINT('',#13708);
#7392=VERTEX_POINT('',#13709);
#7393=VERTEX_POINT('',#13710);
#7394=VERTEX_POINT('',#13711);
#7395=VERTEX_POINT('',#13712);
#7396=VERTEX_POINT('',#13713);
#7397=VERTEX_POINT('',#13714);
#7398=VERTEX_POINT('',#13715);
#7399=VERTEX_POINT('',#13716);
#7400=VERTEX_POINT('',#13717);
#7401=VERTEX_POINT('',#13718);
#7402=VERTEX_POINT('',#13719);
#7403=VERTEX_POINT('',#13720);
#7404=VERTEX_POINT('',#13721);
#7405=VERTEX_POINT('',#13722);
#7406=VERTEX_POINT('',#13723);
#7407=VERTEX_POINT('',#13724);
#7408=VERTEX_POINT('',#13725);
#7409=VERTEX_POINT('',#13726);
#7410=PLANE('',#7930);
#7411=PLANE('',#7931);
#7412=PLANE('',#7932);
#7413=PLANE('',#7933);
#7414=PLANE('',#7934);
#7415=PLANE('',#7935);
#7416=PLANE('',#7936);
#7417=PLANE('',#7937);
#7418=PLANE('',#7938);
#7419=PLANE('',#7939);
#7420=PLANE('',#7940);
#7421=PLANE('',#7941);
#7422=PLANE('',#7942);
#7423=PLANE('',#7943);
#7424=PLANE('',#7944);
#7425=PLANE('',#7945);
#7426=PLANE('',#7946);
#7427=PLANE('',#7947);
#7428=PLANE('',#7948);
#7429=PLANE('',#7949);
#7430=PLANE('',#7950);
#7431=PLANE('',#7951);
#7432=PLANE('',#7952);
#7433=PLANE('',#7953);
#7434=PLANE('',#7954);
#7435=PLANE('',#7955);
#7436=PLANE('',#7956);
#7437=PLANE('',#7957);
#7438=PLANE('',#7958);
#7439=PLANE('',#7959);
#7440=PLANE('',#7960);
#7441=PLANE('',#7961);
#7442=PLANE('',#7962);
#7443=PLANE('',#7963);
#7444=PLANE('',#7964);
#7445=PLANE('',#7965);
#7446=PLANE('',#7966);
#7447=PLANE('',#7967);
#7448=PLANE('',#7968);
#7449=PLANE('',#7969);
#7450=PLANE('',#7970);
#7451=PLANE('',#7971);
#7452=PLANE('',#7972);
#7453=PLANE('',#7973);
#7454=PLANE('',#7974);
#7455=PLANE('',#7975);
#7456=PLANE('',#7976);
#7457=PLANE('',#7977);
#7458=PLANE('',#7978);
#7459=PLANE('',#7979);
#7460=PLANE('',#7980);
#7461=PLANE('',#7981);
#7462=PLANE('',#7982);
#7463=PLANE('',#7983);
#7464=PLANE('',#7984);
#7465=PLANE('',#7985);
#7466=PLANE('',#7986);
#7467=PLANE('',#7987);
#7468=PLANE('',#7988);
#7469=PLANE('',#7989);
#7470=PLANE('',#7990);
#7471=PLANE('',#7991);
#7472=PLANE('',#7992);
#7473=PLANE('',#7993);
#7474=PLANE('',#7994);
#7475=PLANE('',#7995);
#7476=PLANE('',#7996);
#7477=PLANE('',#7997);
#7478=PLANE('',#7998);
#7479=PLANE('',#7999);
#7480=PLANE('',#8000);
#7481=PLANE('',#8001);
#7482=PLANE('',#8002);
#7483=PLANE('',#8003);
#7484=PLANE('',#8004);
#7485=PLANE('',#8005);
#7486=PLANE('',#8006);
#7487=PLANE('',#8007);
#7488=PLANE('',#8008);
#7489=PLANE('',#8009);
#7490=PLANE('',#8010);
#7491=PLANE('',#8011);
#7492=PLANE('',#8012);
#7493=PLANE('',#8013);
#7494=PLANE('',#8014);
#7495=PLANE('',#8015);
#7496=PLANE('',#8016);
#7497=PLANE('',#8017);
#7498=PLANE('',#8018);
#7499=PLANE('',#8019);
#7500=PLANE('',#8020);
#7501=PLANE('',#8021);
#7502=PLANE('',#8022);
#7503=PLANE('',#8023);
#7504=PLANE('',#8024);
#7505=PLANE('',#8025);
#7506=PLANE('',#8026);
#7507=PLANE('',#8027);
#7508=PLANE('',#8028);
#7509=PLANE('',#8029);
#7510=PLANE('',#8030);
#7511=PLANE('',#8031);
#7512=PLANE('',#8032);
#7513=PLANE('',#8033);
#7514=PLANE('',#8034);
#7515=PLANE('',#8035);
#7516=PLANE('',#8036);
#7517=PLANE('',#8037);
#7518=PLANE('',#8038);
#7519=PLANE('',#8039);
#7520=PLANE('',#8040);
#7521=PLANE('',#8041);
#7522=PLANE('',#8042);
#7523=PLANE('',#8043);
#7524=PLANE('',#8044);
#7525=PLANE('',#8045);
#7526=PLANE('',#8046);
#7527=PLANE('',#8047);
#7528=PLANE('',#8048);
#7529=PLANE('',#8049);
#7530=PLANE('',#8050);
#7531=PLANE('',#8051);
#7532=PLANE('',#8052);
#7533=PLANE('',#8053);
#7534=PLANE('',#8054);
#7535=PLANE('',#8055);
#7536=PLANE('',#8056);
#7537=PLANE('',#8057);
#7538=PLANE('',#8058);
#7539=PLANE('',#8059);
#7540=PLANE('',#8060);
#7541=PLANE('',#8061);
#7542=PLANE('',#8062);
#7543=PLANE('',#8063);
#7544=PLANE('',#8064);
#7545=PLANE('',#8065);
#7546=PLANE('',#8066);
#7547=PLANE('',#8067);
#7548=PLANE('',#8068);
#7549=PLANE('',#8069);
#7550=PLANE('',#8086);
#7551=PLANE('',#8087);
#7552=PLANE('',#8088);
#7553=PLANE('',#8089);
#7554=PLANE('',#8090);
#7555=PLANE('',#8091);
#7556=PLANE('',#8092);
#7557=PLANE('',#8093);
#7558=PLANE('',#8094);
#7559=PLANE('',#8095);
#7560=PLANE('',#8096);
#7561=PLANE('',#8097);
#7562=PLANE('',#8098);
#7563=PLANE('',#8099);
#7564=PLANE('',#8100);
#7565=PLANE('',#8101);
#7566=PLANE('',#8102);
#7567=PLANE('',#8103);
#7568=PLANE('',#8104);
#7569=PLANE('',#8105);
#7570=PLANE('',#8106);
#7571=PLANE('',#8107);
#7572=PLANE('',#8108);
#7573=PLANE('',#8109);
#7574=PLANE('',#8110);
#7575=PLANE('',#8111);
#7576=PLANE('',#8112);
#7577=PLANE('',#8113);
#7578=PLANE('',#8114);
#7579=PLANE('',#8115);
#7580=PLANE('',#8116);
#7581=PLANE('',#8117);
#7582=PLANE('',#8118);
#7583=PLANE('',#8119);
#7584=PLANE('',#8120);
#7585=PLANE('',#8121);
#7586=PLANE('',#8122);
#7587=PLANE('',#8123);
#7588=PLANE('',#8124);
#7589=PLANE('',#8125);
#7590=PLANE('',#8126);
#7591=PLANE('',#8127);
#7592=PLANE('',#8128);
#7593=PLANE('',#8129);
#7594=PLANE('',#8130);
#7595=PLANE('',#8131);
#7596=PLANE('',#8132);
#7597=PLANE('',#8133);
#7598=PLANE('',#8134);
#7599=PLANE('',#8135);
#7600=PLANE('',#8136);
#7601=PLANE('',#8137);
#7602=PLANE('',#8138);
#7603=PLANE('',#8139);
#7604=PLANE('',#8140);
#7605=PLANE('',#8141);
#7606=PLANE('',#8142);
#7607=PLANE('',#8143);
#7608=PLANE('',#8144);
#7609=PLANE('',#8145);
#7610=PLANE('',#8146);
#7611=PLANE('',#8147);
#7612=PLANE('',#8148);
#7613=PLANE('',#8149);
#7614=PLANE('',#8150);
#7615=PLANE('',#8151);
#7616=PLANE('',#8152);
#7617=PLANE('',#8153);
#7618=PLANE('',#8154);
#7619=PLANE('',#8155);
#7620=PLANE('',#8156);
#7621=PLANE('',#8157);
#7622=PLANE('',#8158);
#7623=PLANE('',#8159);
#7624=PLANE('',#8160);
#7625=PLANE('',#8161);
#7626=PLANE('',#8162);
#7627=PLANE('',#8163);
#7628=PLANE('',#8164);
#7629=PLANE('',#8165);
#7630=PLANE('',#8166);
#7631=PLANE('',#8167);
#7632=PLANE('',#8168);
#7633=PLANE('',#8169);
#7634=PLANE('',#8170);
#7635=PLANE('',#8171);
#7636=PLANE('',#8172);
#7637=PLANE('',#8173);
#7638=PLANE('',#8174);
#7639=PLANE('',#8175);
#7640=PLANE('',#8176);
#7641=PLANE('',#8177);
#7642=PLANE('',#8178);
#7643=PLANE('',#8179);
#7644=PLANE('',#8180);
#7645=PLANE('',#8181);
#7646=PLANE('',#8182);
#7647=PLANE('',#8183);
#7648=PLANE('',#8184);
#7649=PLANE('',#8185);
#7650=PLANE('',#8186);
#7651=PLANE('',#8187);
#7652=PLANE('',#8188);
#7653=PLANE('',#8189);
#7654=PLANE('',#8190);
#7655=PLANE('',#8191);
#7656=PLANE('',#8192);
#7657=PLANE('',#8193);
#7658=PLANE('',#8194);
#7659=PLANE('',#8195);
#7660=PLANE('',#8196);
#7661=PLANE('',#8197);
#7662=PLANE('',#8198);
#7663=PLANE('',#8199);
#7664=PLANE('',#8200);
#7665=PLANE('',#8201);
#7666=PLANE('',#8202);
#7667=PLANE('',#8203);
#7668=PLANE('',#8204);
#7669=PLANE('',#8205);
#7670=PLANE('',#8206);
#7671=PLANE('',#8207);
#7672=PLANE('',#8209);
#7673=PLANE('',#8211);
#7674=PLANE('',#8212);
#7675=PLANE('',#8213);
#7676=PLANE('',#8215);
#7677=PLANE('',#8217);
#7678=PLANE('',#8218);
#7679=PLANE('',#8219);
#7680=PLANE('',#8221);
#7681=PLANE('',#8223);
#7682=PLANE('',#8224);
#7683=PLANE('',#8225);
#7684=PLANE('',#8227);
#7685=PLANE('',#8229);
#7686=PLANE('',#8230);
#7687=PLANE('',#8231);
#7688=PLANE('',#8232);
#7689=PLANE('',#8234);
#7690=PLANE('',#8236);
#7691=PLANE('',#8237);
#7692=PLANE('',#8239);
#7693=PLANE('',#8241);
#7694=PLANE('',#8242);
#7695=PLANE('',#8243);
#7696=PLANE('',#8244);
#7697=PLANE('',#8246);
#7698=PLANE('',#8247);
#7699=PLANE('',#8248);
#7700=PLANE('',#8250);
#7701=PLANE('',#8252);
#7702=PLANE('',#8253);
#7703=PLANE('',#8255);
#7704=PLANE('',#8256);
#7705=PLANE('',#8257);
#7706=PLANE('',#8260);
#7707=PLANE('',#8261);
#7708=PLANE('',#8265);
#7709=PLANE('',#8266);
#7710=PLANE('',#8269);
#7711=PLANE('',#8270);
#7712=PLANE('',#8271);
#7713=PLANE('',#8273);
#7714=PLANE('',#8274);
#7715=PLANE('',#8277);
#7716=PLANE('',#8283);
#7717=PLANE('',#8284);
#7718=PLANE('',#8285);
#7719=PLANE('',#8287);
#7720=PLANE('',#8288);
#7721=PLANE('',#8289);
#7722=PLANE('',#8291);
#7723=PLANE('',#8292);
#7724=PLANE('',#8295);
#7725=PLANE('',#8296);
#7726=PLANE('',#8297);
#7727=PLANE('',#8300);
#7728=PLANE('',#8301);
#7729=PLANE('',#8305);
#7730=PLANE('',#8306);
#7731=PLANE('',#8309);
#7732=PLANE('',#8310);
#7733=PLANE('',#8313);
#7734=PLANE('',#8314);
#7735=PLANE('',#8321);
#7736=PLANE('',#8322);
#7737=PLANE('',#8323);
#7738=PLANE('',#8325);
#7739=PLANE('',#8326);
#7740=PLANE('',#8329);
#7741=PLANE('',#8330);
#7742=PLANE('',#8331);
#7743=PLANE('',#8333);
#7744=PLANE('',#8334);
#7745=PLANE('',#8335);
#7746=PLANE('',#8337);
#7747=PLANE('',#8338);
#7748=PLANE('',#8341);
#7749=PLANE('',#8342);
#7750=PLANE('',#8344);
#7751=PLANE('',#8346);
#7752=PLANE('',#8347);
#7753=PLANE('',#8348);
#7754=PLANE('',#8350);
#7755=PLANE('',#8351);
#7756=PLANE('',#8354);
#7757=PLANE('',#8355);
#7758=PLANE('',#8356);
#7759=PLANE('',#8358);
#7760=PLANE('',#8359);
#7761=PLANE('',#8360);
#7762=PLANE('',#8362);
#7763=PLANE('',#8363);
#7764=PLANE('',#8366);
#7765=PLANE('',#8367);
#7766=PLANE('',#8368);
#7767=PLANE('',#8370);
#7768=PLANE('',#8371);
#7769=PLANE('',#8374);
#7770=PLANE('',#8376);
#7771=PLANE('',#8377);
#7772=PLANE('',#8378);
#7773=PLANE('',#8382);
#7774=PLANE('',#8383);
#7775=PLANE('',#8384);
#7776=PLANE('',#8386);
#7777=PLANE('',#8387);
#7778=PLANE('',#8388);
#7779=PLANE('',#8389);
#7780=PLANE('',#8391);
#7781=PLANE('',#8392);
#7782=PLANE('',#8393);
#7783=PLANE('',#8395);
#7784=PLANE('',#8396);
#7785=PLANE('',#8399);
#7786=PLANE('',#8400);
#7787=PLANE('',#8401);
#7788=PLANE('',#8402);
#7789=PLANE('',#8404);
#7790=PLANE('',#8405);
#7791=PLANE('',#8406);
#7792=PLANE('',#8408);
#7793=PLANE('',#8409);
#7794=PLANE('',#8412);
#7795=PLANE('',#8413);
#7796=PLANE('',#8416);
#7797=PLANE('',#8417);
#7798=PLANE('',#8418);
#7799=PLANE('',#8420);
#7800=PLANE('',#8421);
#7801=PLANE('',#8424);
#7802=PLANE('',#8425);
#7803=PLANE('',#8428);
#7804=PLANE('',#8429);
#7805=PLANE('',#8430);
#7806=PLANE('',#8432);
#7807=PLANE('',#8433);
#7808=PLANE('',#8438);
#7809=PLANE('',#8440);
#7810=PLANE('',#8442);
#7811=PLANE('',#8444);
#7812=PLANE('',#8446);
#7813=PLANE('',#8448);
#7814=PLANE('',#8450);
#7815=PLANE('',#8452);
#7816=PLANE('',#8454);
#7817=PLANE('',#8456);
#7818=PLANE('',#8458);
#7819=PLANE('',#8460);
#7820=PLANE('',#8462);
#7821=PLANE('',#8464);
#7822=PLANE('',#8466);
#7823=PLANE('',#8468);
#7824=PLANE('',#8470);
#7825=PLANE('',#8472);
#7826=PLANE('',#8474);
#7827=PLANE('',#8476);
#7828=PLANE('',#8478);
#7829=PLANE('',#8480);
#7830=PLANE('',#8482);
#7831=PLANE('',#8484);
#7832=PLANE('',#8486);
#7833=PLANE('',#8489);
#7834=PLANE('',#8490);
#7835=PLANE('',#8492);
#7836=PLANE('',#8494);
#7837=PLANE('',#8496);
#7838=PLANE('',#8498);
#7839=PLANE('',#8500);
#7840=PLANE('',#8502);
#7841=PLANE('',#8504);
#7842=SHAPE_DEFINITION_REPRESENTATION(#7843,#7928);
#7843=PRODUCT_DEFINITION_SHAPE('Document','',#7845);
#7844=PRODUCT_DEFINITION_CONTEXT('3D Mechanical Parts',#7917,'design');
#7845=PRODUCT_DEFINITION('A','First version',#7887,#7844);
#7846=DATE_TIME_ROLE('classification_date');
#7847=DATE_TIME_ROLE('creation_date');
#7848=APPLIED_DATE_AND_TIME_ASSIGNMENT(#7872,#7846,(#7851));
#7849=APPLIED_DATE_AND_TIME_ASSIGNMENT(#7874,#7847,(#7845));
#7850=SECURITY_CLASSIFICATION_LEVEL('unclassified');
#7851=SECURITY_CLASSIFICATION('A','Security for version',#7850);
#7852=APPLIED_SECURITY_CLASSIFICATION_ASSIGNMENT(#7851,(#7887));
#7853=APPROVAL_ROLE('Version approval');
#7854=APPROVAL_ROLE('Version Security approval');
#7855=APPROVAL_ROLE('Definition approval');
#7856=APPROVAL_PERSON_ORGANIZATION(#7905,#7881,#7853);
#7857=APPROVAL_PERSON_ORGANIZATION(#7906,#7882,#7854);
#7858=APPROVAL_PERSON_ORGANIZATION(#7909,#7883,#7855);
#7859=COORDINATED_UNIVERSAL_TIME_OFFSET(5,0,.BEHIND.);
#7860=LOCAL_TIME(0,0,0.,#7859);
#7861=LOCAL_TIME(0,0,0.,#7859);
#7862=LOCAL_TIME(0,0,0.,#7859);
#7863=LOCAL_TIME(0,0,0.,#7859);
#7864=LOCAL_TIME(0,0,0.,#7859);
#7865=CALENDAR_DATE(1999,1,1);
#7866=CALENDAR_DATE(1999,1,1);
#7867=CALENDAR_DATE(1999,1,1);
#7868=CALENDAR_DATE(1999,1,1);
#7869=CALENDAR_DATE(1999,1,1);
#7870=DATE_AND_TIME(#7865,#7860);
#7871=DATE_AND_TIME(#7866,#7861);
#7872=DATE_AND_TIME(#7867,#7862);
#7873=DATE_AND_TIME(#7868,#7863);
#7874=DATE_AND_TIME(#7869,#7864);
#7875=APPROVAL_DATE_TIME(#7870,#7881);
#7876=APPROVAL_DATE_TIME(#7871,#7882);
#7877=APPROVAL_DATE_TIME(#7873,#7883);
#7878=APPROVAL_STATUS('not_yet_approved');
#7879=APPROVAL_STATUS('not_yet_approved');
#7880=APPROVAL_STATUS('approved');
#7881=APPROVAL(#7878,'Version approval');
#7882=APPROVAL(#7879,'Version Security approval');
#7883=APPROVAL(#7880,'Definition approval');
#7884=APPLIED_APPROVAL_ASSIGNMENT(#7881,(#7887));
#7885=APPLIED_APPROVAL_ASSIGNMENT(#7882,(#7851));
#7886=APPLIED_APPROVAL_ASSIGNMENT(#7883,(#7845));
#7887=PRODUCT_DEFINITION_FORMATION_WITH_SPECIFIED_SOURCE('A',
'First version',#7919,.MADE.);
#7888=PERSON_AND_ORGANIZATION_ROLE('design_owner');
#7889=PERSON_AND_ORGANIZATION_ROLE('creator');
#7890=PERSON_AND_ORGANIZATION_ROLE('design_supplier');
#7891=PERSON_AND_ORGANIZATION_ROLE('classification_officer');
#7892=PERSON_AND_ORGANIZATION_ROLE('creator');
#7893=ORGANIZATION('STI','lab','lab');
#7894=ORGANIZATION('STI','unknown','unknown');
#7895=ORGANIZATION('STI','unknown','unknown');
#7896=ORGANIZATION('STI','unknown','unknown');
#7897=ORGANIZATION('STI','unknown','unknown');
#7898=ORGANIZATION('STI','unknown','unknown');
#7899=ORGANIZATION('STI','unknown','unknown');
#7900=PERSON('1','Box','vc60',$,$,$);
#7901=PERSON('2','last','first',$,$,$);
#7902=PERSON('3','President','Mr.',$,$,$);
#7903=PERSON_AND_ORGANIZATION(#7900,#7893);
#7904=PERSON_AND_ORGANIZATION(#7901,#7894);
#7905=PERSON_AND_ORGANIZATION(#7902,#7895);
#7906=PERSON_AND_ORGANIZATION(#7902,#7896);
#7907=PERSON_AND_ORGANIZATION(#7902,#7897);
#7908=PERSON_AND_ORGANIZATION(#7901,#7898);
#7909=PERSON_AND_ORGANIZATION(#7902,#7899);
#7910=APPLIED_PERSON_AND_ORGANIZATION_ASSIGNMENT(#7903,#7888,(#7919));
#7911=APPLIED_PERSON_AND_ORGANIZATION_ASSIGNMENT(#7904,#7889,(#7887));
#7912=APPLIED_PERSON_AND_ORGANIZATION_ASSIGNMENT(#7904,#7890,(#7887));
#7913=APPLIED_PERSON_AND_ORGANIZATION_ASSIGNMENT(#7907,#7891,(#7851));
#7914=APPLIED_PERSON_AND_ORGANIZATION_ASSIGNMENT(#7908,#7892,(#7845));
#7915=PRODUCT_RELATED_PRODUCT_CATEGORY('detail','detail',(#7919));
#7916=APPLICATION_PROTOCOL_DEFINITION('International Standard',
'config_control_design',1994,#7917);
#7917=APPLICATION_CONTEXT(
'configuration controlled 3d designs of mechanical parts and assemblie
s');
#7918=PRODUCT_CONTEXT('3D Mechanical Parts',#7917,'mechanical');
#7919=PRODUCT('Document','Document','',(#7918));
#7920=(
LENGTH_UNIT()
NAMED_UNIT(*)
SI_UNIT(.MILLI.,.METRE.)
);
#7921=(
NAMED_UNIT(*)
PLANE_ANGLE_UNIT()
SI_UNIT($,.RADIAN.)
);
#7922=DIMENSIONAL_EXPONENTS(0.,0.,0.,0.,0.,0.,0.);
#7923=PLANE_ANGLE_MEASURE_WITH_UNIT(PLANE_ANGLE_MEASURE(0.01745329252),
#7921);
#7924=(
CONVERSION_BASED_UNIT('DEGREES',#7923)
NAMED_UNIT(#7922)
PLANE_ANGLE_UNIT()
);
#7925=(
NAMED_UNIT(*)
SI_UNIT($,.STERADIAN.)
SOLID_ANGLE_UNIT()
);
#7926=UNCERTAINTY_MEASURE_WITH_UNIT(LENGTH_MEASURE(0.001),#7920,
'DISTANCE_ACCURACY_VALUE',
'Maximum model space distance between geometric entities at asserted c
onnectivities');
#7927=(
GEOMETRIC_REPRESENTATION_CONTEXT(3)
GLOBAL_UNCERTAINTY_ASSIGNED_CONTEXT((#7926))
GLOBAL_UNIT_ASSIGNED_CONTEXT((#7925,#7924,#7920))
REPRESENTATION_CONTEXT('ID1','3D')
);
#7928=SHAPE_REPRESENTATION('Document',(#7929,#8506,#8507),#7927);
#7929=AXIS2_PLACEMENT_3D('',#9090,#8508,#8509);
#7930=AXIS2_PLACEMENT_3D('',#9091,#8510,$);
#7931=AXIS2_PLACEMENT_3D('',#9092,#8511,$);
#7932=AXIS2_PLACEMENT_3D('',#9093,#8512,$);
#7933=AXIS2_PLACEMENT_3D('',#9094,#8513,$);
#7934=AXIS2_PLACEMENT_3D('',#9095,#8514,$);
#7935=AXIS2_PLACEMENT_3D('',#9096,#8515,$);
#7936=AXIS2_PLACEMENT_3D('',#9129,#8516,$);
#7937=AXIS2_PLACEMENT_3D('',#9130,#8517,$);
#7938=AXIS2_PLACEMENT_3D('',#9131,#8518,$);
#7939=AXIS2_PLACEMENT_3D('',#9132,#8519,$);
#7940=AXIS2_PLACEMENT_3D('',#9133,#8520,$);
#7941=AXIS2_PLACEMENT_3D('',#9134,#8521,$);
#7942=AXIS2_PLACEMENT_3D('',#9167,#8522,$);
#7943=AXIS2_PLACEMENT_3D('',#9168,#8523,$);
#7944=AXIS2_PLACEMENT_3D('',#9169,#8524,$);
#7945=AXIS2_PLACEMENT_3D('',#9170,#8525,$);
#7946=AXIS2_PLACEMENT_3D('',#9171,#8526,$);
#7947=AXIS2_PLACEMENT_3D('',#9172,#8527,$);
#7948=AXIS2_PLACEMENT_3D('',#9205,#8528,$);
#7949=AXIS2_PLACEMENT_3D('',#9206,#8529,$);
#7950=AXIS2_PLACEMENT_3D('',#9207,#8530,$);
#7951=AXIS2_PLACEMENT_3D('',#9208,#8531,$);
#7952=AXIS2_PLACEMENT_3D('',#9209,#8532,$);
#7953=AXIS2_PLACEMENT_3D('',#9210,#8533,$);
#7954=AXIS2_PLACEMENT_3D('',#9243,#8534,$);
#7955=AXIS2_PLACEMENT_3D('',#9244,#8535,$);
#7956=AXIS2_PLACEMENT_3D('',#9245,#8536,$);
#7957=AXIS2_PLACEMENT_3D('',#9246,#8537,$);
#7958=AXIS2_PLACEMENT_3D('',#9247,#8538,$);
#7959=AXIS2_PLACEMENT_3D('',#9248,#8539,$);
#7960=AXIS2_PLACEMENT_3D('',#9281,#8540,$);
#7961=AXIS2_PLACEMENT_3D('',#9282,#8541,$);
#7962=AXIS2_PLACEMENT_3D('',#9283,#8542,$);
#7963=AXIS2_PLACEMENT_3D('',#9284,#8543,$);
#7964=AXIS2_PLACEMENT_3D('',#9285,#8544,$);
#7965=AXIS2_PLACEMENT_3D('',#9286,#8545,$);
#7966=AXIS2_PLACEMENT_3D('',#9319,#8546,$);
#7967=AXIS2_PLACEMENT_3D('',#9320,#8547,$);
#7968=AXIS2_PLACEMENT_3D('',#9321,#8548,$);
#7969=AXIS2_PLACEMENT_3D('',#9322,#8549,$);
#7970=AXIS2_PLACEMENT_3D('',#9323,#8550,$);
#7971=AXIS2_PLACEMENT_3D('',#9324,#8551,$);
#7972=AXIS2_PLACEMENT_3D('',#9357,#8552,$);
#7973=AXIS2_PLACEMENT_3D('',#9358,#8553,$);
#7974=AXIS2_PLACEMENT_3D('',#9359,#8554,$);
#7975=AXIS2_PLACEMENT_3D('',#9360,#8555,$);
#7976=AXIS2_PLACEMENT_3D('',#9361,#8556,$);
#7977=AXIS2_PLACEMENT_3D('',#9362,#8557,$);
#7978=AXIS2_PLACEMENT_3D('',#9395,#8558,$);
#7979=AXIS2_PLACEMENT_3D('',#9396,#8559,$);
#7980=AXIS2_PLACEMENT_3D('',#9397,#8560,$);
#7981=AXIS2_PLACEMENT_3D('',#9398,#8561,$);
#7982=AXIS2_PLACEMENT_3D('',#9399,#8562,$);
#7983=AXIS2_PLACEMENT_3D('',#9400,#8563,$);
#7984=AXIS2_PLACEMENT_3D('',#9433,#8564,$);
#7985=AXIS2_PLACEMENT_3D('',#9434,#8565,$);
#7986=AXIS2_PLACEMENT_3D('',#9435,#8566,$);
#7987=AXIS2_PLACEMENT_3D('',#9436,#8567,$);
#7988=AXIS2_PLACEMENT_3D('',#9437,#8568,$);
#7989=AXIS2_PLACEMENT_3D('',#9438,#8569,$);
#7990=AXIS2_PLACEMENT_3D('',#9471,#8570,$);
#7991=AXIS2_PLACEMENT_3D('',#9472,#8571,$);
#7992=AXIS2_PLACEMENT_3D('',#9473,#8572,$);
#7993=AXIS2_PLACEMENT_3D('',#9474,#8573,$);
#7994=AXIS2_PLACEMENT_3D('',#9475,#8574,$);
#7995=AXIS2_PLACEMENT_3D('',#9476,#8575,$);
#7996=AXIS2_PLACEMENT_3D('',#9509,#8576,$);
#7997=AXIS2_PLACEMENT_3D('',#9510,#8577,$);
#7998=AXIS2_PLACEMENT_3D('',#9511,#8578,$);
#7999=AXIS2_PLACEMENT_3D('',#9512,#8579,$);
#8000=AXIS2_PLACEMENT_3D('',#9513,#8580,$);
#8001=AXIS2_PLACEMENT_3D('',#9514,#8581,$);
#8002=AXIS2_PLACEMENT_3D('',#9547,#8582,$);
#8003=AXIS2_PLACEMENT_3D('',#9548,#8583,$);
#8004=AXIS2_PLACEMENT_3D('',#9549,#8584,$);
#8005=AXIS2_PLACEMENT_3D('',#9550,#8585,$);
#8006=AXIS2_PLACEMENT_3D('',#9551,#8586,$);
#8007=AXIS2_PLACEMENT_3D('',#9552,#8587,$);
#8008=AXIS2_PLACEMENT_3D('',#9585,#8588,$);
#8009=AXIS2_PLACEMENT_3D('',#9586,#8589,$);
#8010=AXIS2_PLACEMENT_3D('',#9587,#8590,$);
#8011=AXIS2_PLACEMENT_3D('',#9588,#8591,$);
#8012=AXIS2_PLACEMENT_3D('',#9589,#8592,$);
#8013=AXIS2_PLACEMENT_3D('',#9590,#8593,$);
#8014=AXIS2_PLACEMENT_3D('',#9591,#8594,$);
#8015=AXIS2_PLACEMENT_3D('',#9592,#8595,$);
#8016=AXIS2_PLACEMENT_3D('',#9593,#8596,$);
#8017=AXIS2_PLACEMENT_3D('',#9594,#8597,$);
#8018=AXIS2_PLACEMENT_3D('',#9595,#8598,$);
#8019=AXIS2_PLACEMENT_3D('',#9596,#8599,$);
#8020=AXIS2_PLACEMENT_3D('',#9597,#8600,$);
#8021=AXIS2_PLACEMENT_3D('',#9598,#8601,$);
#8022=AXIS2_PLACEMENT_3D('',#9599,#8602,$);
#8023=AXIS2_PLACEMENT_3D('',#9600,#8603,$);
#8024=AXIS2_PLACEMENT_3D('',#9601,#8604,$);
#8025=AXIS2_PLACEMENT_3D('',#9602,#8605,$);
#8026=AXIS2_PLACEMENT_3D('',#9603,#8606,$);
#8027=AXIS2_PLACEMENT_3D('',#9604,#8607,$);
#8028=AXIS2_PLACEMENT_3D('',#9605,#8608,$);
#8029=AXIS2_PLACEMENT_3D('',#9606,#8609,$);
#8030=AXIS2_PLACEMENT_3D('',#9607,#8610,$);
#8031=AXIS2_PLACEMENT_3D('',#9608,#8611,$);
#8032=AXIS2_PLACEMENT_3D('',#9609,#8612,$);
#8033=AXIS2_PLACEMENT_3D('',#9610,#8613,$);
#8034=AXIS2_PLACEMENT_3D('',#9611,#8614,$);
#8035=AXIS2_PLACEMENT_3D('',#9612,#8615,$);
#8036=AXIS2_PLACEMENT_3D('',#9613,#8616,$);
#8037=AXIS2_PLACEMENT_3D('',#9614,#8617,$);
#8038=AXIS2_PLACEMENT_3D('',#9615,#8618,$);
#8039=AXIS2_PLACEMENT_3D('',#9626,#8619,$);
#8040=AXIS2_PLACEMENT_3D('',#9627,#8620,$);
#8041=AXIS2_PLACEMENT_3D('',#9628,#8621,$);
#8042=AXIS2_PLACEMENT_3D('',#9629,#8622,$);
#8043=AXIS2_PLACEMENT_3D('',#9630,#8623,$);
#8044=AXIS2_PLACEMENT_3D('',#9631,#8624,$);
#8045=AXIS2_PLACEMENT_3D('',#9632,#8625,$);
#8046=AXIS2_PLACEMENT_3D('',#9633,#8626,$);
#8047=AXIS2_PLACEMENT_3D('',#9634,#8627,$);
#8048=AXIS2_PLACEMENT_3D('',#9635,#8628,$);
#8049=AXIS2_PLACEMENT_3D('',#9636,#8629,$);
#8050=AXIS2_PLACEMENT_3D('',#9637,#8630,$);
#8051=AXIS2_PLACEMENT_3D('',#9638,#8631,$);
#8052=AXIS2_PLACEMENT_3D('',#9639,#8632,$);
#8053=AXIS2_PLACEMENT_3D('',#9640,#8633,$);
#8054=AXIS2_PLACEMENT_3D('',#9641,#8634,$);
#8055=AXIS2_PLACEMENT_3D('',#9642,#8635,$);
#8056=AXIS2_PLACEMENT_3D('',#9643,#8636,$);
#8057=AXIS2_PLACEMENT_3D('',#9644,#8637,$);
#8058=AXIS2_PLACEMENT_3D('',#9645,#8638,$);
#8059=AXIS2_PLACEMENT_3D('',#9646,#8639,$);
#8060=AXIS2_PLACEMENT_3D('',#9647,#8640,$);
#8061=AXIS2_PLACEMENT_3D('',#9648,#8641,$);
#8062=AXIS2_PLACEMENT_3D('',#9649,#8642,$);
#8063=AXIS2_PLACEMENT_3D('',#9650,#8643,$);
#8064=AXIS2_PLACEMENT_3D('',#9651,#8644,$);
#8065=AXIS2_PLACEMENT_3D('',#9652,#8645,$);
#8066=AXIS2_PLACEMENT_3D('',#9653,#8646,$);
#8067=AXIS2_PLACEMENT_3D('',#9654,#8647,$);
#8068=AXIS2_PLACEMENT_3D('',#9655,#8648,$);
#8069=AXIS2_PLACEMENT_3D('',#9656,#8649,$);
#8070=AXIS2_PLACEMENT_3D('',#9687,#8650,$);
#8071=AXIS2_PLACEMENT_3D('',#9688,#8651,$);
#8072=AXIS2_PLACEMENT_3D('',#9689,#8652,$);
#8073=AXIS2_PLACEMENT_3D('',#9690,#8653,$);
#8074=AXIS2_PLACEMENT_3D('',#9691,#8654,$);
#8075=AXIS2_PLACEMENT_3D('',#9692,#8655,$);
#8076=AXIS2_PLACEMENT_3D('',#9693,#8656,$);
#8077=AXIS2_PLACEMENT_3D('',#9694,#8657,$);
#8078=AXIS2_PLACEMENT_3D('',#9695,#8658,$);
#8079=AXIS2_PLACEMENT_3D('',#9696,#8659,$);
#8080=AXIS2_PLACEMENT_3D('',#9697,#8660,$);
#8081=AXIS2_PLACEMENT_3D('',#9698,#8661,$);
#8082=AXIS2_PLACEMENT_3D('',#9699,#8662,$);
#8083=AXIS2_PLACEMENT_3D('',#9700,#8663,$);
#8084=AXIS2_PLACEMENT_3D('',#9701,#8664,$);
#8085=AXIS2_PLACEMENT_3D('',#9702,#8665,$);
#8086=AXIS2_PLACEMENT_3D('',#9733,#8666,$);
#8087=AXIS2_PLACEMENT_3D('',#9734,#8667,$);
#8088=AXIS2_PLACEMENT_3D('',#9735,#8668,$);
#8089=AXIS2_PLACEMENT_3D('',#9736,#8669,$);
#8090=AXIS2_PLACEMENT_3D('',#9737,#8670,$);
#8091=AXIS2_PLACEMENT_3D('',#9738,#8671,$);
#8092=AXIS2_PLACEMENT_3D('',#9739,#8672,$);
#8093=AXIS2_PLACEMENT_3D('',#9740,#8673,$);
#8094=AXIS2_PLACEMENT_3D('',#9741,#8674,$);
#8095=AXIS2_PLACEMENT_3D('',#9742,#8675,$);
#8096=AXIS2_PLACEMENT_3D('',#9743,#8676,$);
#8097=AXIS2_PLACEMENT_3D('',#9744,#8677,$);
#8098=AXIS2_PLACEMENT_3D('',#9745,#8678,$);
#8099=AXIS2_PLACEMENT_3D('',#9746,#8679,$);
#8100=AXIS2_PLACEMENT_3D('',#9747,#8680,$);
#8101=AXIS2_PLACEMENT_3D('',#9748,#8681,$);
#8102=AXIS2_PLACEMENT_3D('',#9749,#8682,$);
#8103=AXIS2_PLACEMENT_3D('',#9750,#8683,$);
#8104=AXIS2_PLACEMENT_3D('',#9751,#8684,$);
#8105=AXIS2_PLACEMENT_3D('',#9752,#8685,$);
#8106=AXIS2_PLACEMENT_3D('',#9753,#8686,$);
#8107=AXIS2_PLACEMENT_3D('',#9754,#8687,$);
#8108=AXIS2_PLACEMENT_3D('',#9755,#8688,$);
#8109=AXIS2_PLACEMENT_3D('',#9756,#8689,$);
#8110=AXIS2_PLACEMENT_3D('',#9757,#8690,$);
#8111=AXIS2_PLACEMENT_3D('',#9758,#8691,$);
#8112=AXIS2_PLACEMENT_3D('',#9759,#8692,$);
#8113=AXIS2_PLACEMENT_3D('',#9760,#8693,$);
#8114=AXIS2_PLACEMENT_3D('',#9761,#8694,$);
#8115=AXIS2_PLACEMENT_3D('',#9762,#8695,$);
#8116=AXIS2_PLACEMENT_3D('',#9763,#8696,$);
#8117=AXIS2_PLACEMENT_3D('',#9764,#8697,$);
#8118=AXIS2_PLACEMENT_3D('',#9765,#8698,$);
#8119=AXIS2_PLACEMENT_3D('',#9766,#8699,$);
#8120=AXIS2_PLACEMENT_3D('',#9767,#8700,$);
#8121=AXIS2_PLACEMENT_3D('',#9768,#8701,$);
#8122=AXIS2_PLACEMENT_3D('',#9769,#8702,$);
#8123=AXIS2_PLACEMENT_3D('',#9770,#8703,$);
#8124=AXIS2_PLACEMENT_3D('',#9771,#8704,$);
#8125=AXIS2_PLACEMENT_3D('',#9772,#8705,$);
#8126=AXIS2_PLACEMENT_3D('',#9773,#8706,$);
#8127=AXIS2_PLACEMENT_3D('',#9774,#8707,$);
#8128=AXIS2_PLACEMENT_3D('',#9775,#8708,$);
#8129=AXIS2_PLACEMENT_3D('',#9776,#8709,$);
#8130=AXIS2_PLACEMENT_3D('',#9777,#8710,$);
#8131=AXIS2_PLACEMENT_3D('',#9778,#8711,$);
#8132=AXIS2_PLACEMENT_3D('',#9779,#8712,$);
#8133=AXIS2_PLACEMENT_3D('',#9780,#8713,$);
#8134=AXIS2_PLACEMENT_3D('',#9781,#8714,$);
#8135=AXIS2_PLACEMENT_3D('',#9782,#8715,$);
#8136=AXIS2_PLACEMENT_3D('',#9783,#8716,$);
#8137=AXIS2_PLACEMENT_3D('',#9784,#8717,$);
#8138=AXIS2_PLACEMENT_3D('',#9785,#8718,$);
#8139=AXIS2_PLACEMENT_3D('',#9786,#8719,$);
#8140=AXIS2_PLACEMENT_3D('',#9787,#8720,$);
#8141=AXIS2_PLACEMENT_3D('',#9788,#8721,$);
#8142=AXIS2_PLACEMENT_3D('',#9789,#8722,$);
#8143=AXIS2_PLACEMENT_3D('',#9790,#8723,$);
#8144=AXIS2_PLACEMENT_3D('',#9791,#8724,$);
#8145=AXIS2_PLACEMENT_3D('',#9792,#8725,$);
#8146=AXIS2_PLACEMENT_3D('',#9793,#8726,$);
#8147=AXIS2_PLACEMENT_3D('',#9794,#8727,$);
#8148=AXIS2_PLACEMENT_3D('',#9825,#8728,$);
#8149=AXIS2_PLACEMENT_3D('',#9826,#8729,$);
#8150=AXIS2_PLACEMENT_3D('',#9827,#8730,$);
#8151=AXIS2_PLACEMENT_3D('',#9828,#8731,$);
#8152=AXIS2_PLACEMENT_3D('',#9829,#8732,$);
#8153=AXIS2_PLACEMENT_3D('',#9830,#8733,$);
#8154=AXIS2_PLACEMENT_3D('',#9831,#8734,$);
#8155=AXIS2_PLACEMENT_3D('',#9832,#8735,$);
#8156=AXIS2_PLACEMENT_3D('',#9833,#8736,$);
#8157=AXIS2_PLACEMENT_3D('',#9834,#8737,$);
#8158=AXIS2_PLACEMENT_3D('',#9835,#8738,$);
#8159=AXIS2_PLACEMENT_3D('',#9836,#8739,$);
#8160=AXIS2_PLACEMENT_3D('',#9837,#8740,$);
#8161=AXIS2_PLACEMENT_3D('',#9838,#8741,$);
#8162=AXIS2_PLACEMENT_3D('',#9839,#8742,$);
#8163=AXIS2_PLACEMENT_3D('',#9840,#8743,$);
#8164=AXIS2_PLACEMENT_3D('',#9841,#8744,$);
#8165=AXIS2_PLACEMENT_3D('',#9842,#8745,$);
#8166=AXIS2_PLACEMENT_3D('',#9843,#8746,$);
#8167=AXIS2_PLACEMENT_3D('',#9844,#8747,$);
#8168=AXIS2_PLACEMENT_3D('',#9845,#8748,$);
#8169=AXIS2_PLACEMENT_3D('',#9846,#8749,$);
#8170=AXIS2_PLACEMENT_3D('',#9847,#8750,$);
#8171=AXIS2_PLACEMENT_3D('',#9848,#8751,$);
#8172=AXIS2_PLACEMENT_3D('',#9849,#8752,$);
#8173=AXIS2_PLACEMENT_3D('',#9850,#8753,$);
#8174=AXIS2_PLACEMENT_3D('',#9851,#8754,$);
#8175=AXIS2_PLACEMENT_3D('',#9852,#8755,$);
#8176=AXIS2_PLACEMENT_3D('',#9853,#8756,$);
#8177=AXIS2_PLACEMENT_3D('',#9854,#8757,$);
#8178=AXIS2_PLACEMENT_3D('',#9855,#8758,$);
#8179=AXIS2_PLACEMENT_3D('',#9856,#8759,$);
#8180=AXIS2_PLACEMENT_3D('',#9857,#8760,$);
#8181=AXIS2_PLACEMENT_3D('',#9858,#8761,$);
#8182=AXIS2_PLACEMENT_3D('',#9859,#8762,$);
#8183=AXIS2_PLACEMENT_3D('',#9860,#8763,$);
#8184=AXIS2_PLACEMENT_3D('',#9861,#8764,$);
#8185=AXIS2_PLACEMENT_3D('',#9862,#8765,$);
#8186=AXIS2_PLACEMENT_3D('',#9863,#8766,$);
#8187=AXIS2_PLACEMENT_3D('',#9864,#8767,$);
#8188=AXIS2_PLACEMENT_3D('',#9865,#8768,$);
#8189=AXIS2_PLACEMENT_3D('',#9866,#8769,$);
#8190=AXIS2_PLACEMENT_3D('',#9867,#8770,$);
#8191=AXIS2_PLACEMENT_3D('',#9868,#8771,$);
#8192=AXIS2_PLACEMENT_3D('',#9869,#8772,$);
#8193=AXIS2_PLACEMENT_3D('',#9870,#8773,$);
#8194=AXIS2_PLACEMENT_3D('',#9871,#8774,$);
#8195=AXIS2_PLACEMENT_3D('',#9872,#8775,$);
#8196=AXIS2_PLACEMENT_3D('',#9873,#8776,$);
#8197=AXIS2_PLACEMENT_3D('',#9874,#8777,$);
#8198=AXIS2_PLACEMENT_3D('',#9875,#8778,$);
#8199=AXIS2_PLACEMENT_3D('',#9876,#8779,$);
#8200=AXIS2_PLACEMENT_3D('',#9877,#8780,$);
#8201=AXIS2_PLACEMENT_3D('',#9878,#8781,$);
#8202=AXIS2_PLACEMENT_3D('',#9879,#8782,$);
#8203=AXIS2_PLACEMENT_3D('',#9880,#8783,$);
#8204=AXIS2_PLACEMENT_3D('',#9881,#8784,$);
#8205=AXIS2_PLACEMENT_3D('',#9882,#8785,$);
#8206=AXIS2_PLACEMENT_3D('',#9883,#8786,$);
#8207=AXIS2_PLACEMENT_3D('',#9884,#8787,$);
#8208=AXIS2_PLACEMENT_3D('',#11097,#8788,$);
#8209=AXIS2_PLACEMENT_3D('',#11098,#8789,$);
#8210=AXIS2_PLACEMENT_3D('',#11099,#8790,$);
#8211=AXIS2_PLACEMENT_3D('',#11100,#8791,$);
#8212=AXIS2_PLACEMENT_3D('',#11101,#8792,$);
#8213=AXIS2_PLACEMENT_3D('',#11102,#8793,$);
#8214=AXIS2_PLACEMENT_3D('',#11139,#8794,$);
#8215=AXIS2_PLACEMENT_3D('',#11140,#8795,$);
#8216=AXIS2_PLACEMENT_3D('',#11141,#8796,$);
#8217=AXIS2_PLACEMENT_3D('',#11142,#8797,$);
#8218=AXIS2_PLACEMENT_3D('',#11143,#8798,$);
#8219=AXIS2_PLACEMENT_3D('',#11144,#8799,$);
#8220=AXIS2_PLACEMENT_3D('',#11181,#8800,$);
#8221=AXIS2_PLACEMENT_3D('',#11182,#8801,$);
#8222=AXIS2_PLACEMENT_3D('',#11183,#8802,$);
#8223=AXIS2_PLACEMENT_3D('',#11184,#8803,$);
#8224=AXIS2_PLACEMENT_3D('',#11185,#8804,$);
#8225=AXIS2_PLACEMENT_3D('',#11186,#8805,$);
#8226=AXIS2_PLACEMENT_3D('',#11223,#8806,$);
#8227=AXIS2_PLACEMENT_3D('',#11224,#8807,$);
#8228=AXIS2_PLACEMENT_3D('',#11225,#8808,$);
#8229=AXIS2_PLACEMENT_3D('',#11226,#8809,$);
#8230=AXIS2_PLACEMENT_3D('',#11227,#8810,$);
#8231=AXIS2_PLACEMENT_3D('',#11228,#8811,$);
#8232=AXIS2_PLACEMENT_3D('',#11265,#8812,$);
#8233=AXIS2_PLACEMENT_3D('',#11266,#8813,$);
#8234=AXIS2_PLACEMENT_3D('',#11267,#8814,$);
#8235=AXIS2_PLACEMENT_3D('',#11268,#8815,$);
#8236=AXIS2_PLACEMENT_3D('',#11269,#8816,$);
#8237=AXIS2_PLACEMENT_3D('',#11270,#8817,$);
#8238=AXIS2_PLACEMENT_3D('',#11307,#8818,$);
#8239=AXIS2_PLACEMENT_3D('',#11308,#8819,$);
#8240=AXIS2_PLACEMENT_3D('',#11309,#8820,$);
#8241=AXIS2_PLACEMENT_3D('',#11310,#8821,$);
#8242=AXIS2_PLACEMENT_3D('',#11311,#8822,$);
#8243=AXIS2_PLACEMENT_3D('',#11312,#8823,$);
#8244=AXIS2_PLACEMENT_3D('',#11349,#8824,$);
#8245=AXIS2_PLACEMENT_3D('',#11350,#8825,$);
#8246=AXIS2_PLACEMENT_3D('',#11351,#8826,$);
#8247=AXIS2_PLACEMENT_3D('',#11352,#8827,$);
#8248=AXIS2_PLACEMENT_3D('',#11383,#8828,$);
#8249=AXIS2_PLACEMENT_3D('',#11384,#8829,$);
#8250=AXIS2_PLACEMENT_3D('',#11385,#8830,$);
#8251=AXIS2_PLACEMENT_3D('',#11386,#8831,$);
#8252=AXIS2_PLACEMENT_3D('',#11387,#8832,$);
#8253=AXIS2_PLACEMENT_3D('',#11388,#8833,$);
#8254=AXIS2_PLACEMENT_3D('',#11437,#8834,$);
#8255=AXIS2_PLACEMENT_3D('',#11438,#8835,$);
#8256=AXIS2_PLACEMENT_3D('',#11439,#8836,$);
#8257=AXIS2_PLACEMENT_3D('',#11440,#8837,$);
#8258=AXIS2_PLACEMENT_3D('',#11471,#8838,$);
#8259=AXIS2_PLACEMENT_3D('',#11472,#8839,$);
#8260=AXIS2_PLACEMENT_3D('',#11473,#8840,$);
#8261=AXIS2_PLACEMENT_3D('',#11474,#8841,$);
#8262=AXIS2_PLACEMENT_3D('',#11475,#8842,$);
#8263=AXIS2_PLACEMENT_3D('',#11476,#8843,$);
#8264=AXIS2_PLACEMENT_3D('',#11533,#8844,$);
#8265=AXIS2_PLACEMENT_3D('',#11534,#8845,$);
#8266=AXIS2_PLACEMENT_3D('',#11535,#8846,$);
#8267=AXIS2_PLACEMENT_3D('',#11536,#8847,$);
#8268=AXIS2_PLACEMENT_3D('',#11565,#8848,$);
#8269=AXIS2_PLACEMENT_3D('',#11566,#8849,$);
#8270=AXIS2_PLACEMENT_3D('',#11567,#8850,$);
#8271=AXIS2_PLACEMENT_3D('',#11568,#8851,$);
#8272=AXIS2_PLACEMENT_3D('',#11599,#8852,$);
#8273=AXIS2_PLACEMENT_3D('',#11600,#8853,$);
#8274=AXIS2_PLACEMENT_3D('',#11601,#8854,$);
#8275=AXIS2_PLACEMENT_3D('',#11602,#8855,$);
#8276=AXIS2_PLACEMENT_3D('',#11631,#8856,$);
#8277=AXIS2_PLACEMENT_3D('',#11632,#8857,$);
#8278=AXIS2_PLACEMENT_3D('',#11633,#8858,$);
#8279=AXIS2_PLACEMENT_3D('',#11634,#8859,$);
#8280=AXIS2_PLACEMENT_3D('',#11635,#8860,$);
#8281=AXIS2_PLACEMENT_3D('',#11636,#8861,$);
#8282=AXIS2_PLACEMENT_3D('',#11637,#8862,$);
#8283=AXIS2_PLACEMENT_3D('',#11638,#8863,$);
#8284=AXIS2_PLACEMENT_3D('',#11639,#8864,$);
#8285=AXIS2_PLACEMENT_3D('',#11640,#8865,$);
#8286=AXIS2_PLACEMENT_3D('',#11721,#8866,$);
#8287=AXIS2_PLACEMENT_3D('',#11722,#8867,$);
#8288=AXIS2_PLACEMENT_3D('',#11723,#8868,$);
#8289=AXIS2_PLACEMENT_3D('',#11724,#8869,$);
#8290=AXIS2_PLACEMENT_3D('',#11755,#8870,$);
#8291=AXIS2_PLACEMENT_3D('',#11756,#8871,$);
#8292=AXIS2_PLACEMENT_3D('',#11757,#8872,$);
#8293=AXIS2_PLACEMENT_3D('',#11758,#8873,$);
#8294=AXIS2_PLACEMENT_3D('',#11787,#8874,$);
#8295=AXIS2_PLACEMENT_3D('',#11788,#8875,$);
#8296=AXIS2_PLACEMENT_3D('',#11789,#8876,$);
#8297=AXIS2_PLACEMENT_3D('',#11790,#8877,$);
#8298=AXIS2_PLACEMENT_3D('',#11821,#8878,$);
#8299=AXIS2_PLACEMENT_3D('',#11822,#8879,$);
#8300=AXIS2_PLACEMENT_3D('',#11823,#8880,$);
#8301=AXIS2_PLACEMENT_3D('',#11824,#8881,$);
#8302=AXIS2_PLACEMENT_3D('',#11825,#8882,$);
#8303=AXIS2_PLACEMENT_3D('',#11826,#8883,$);
#8304=AXIS2_PLACEMENT_3D('',#11883,#8884,$);
#8305=AXIS2_PLACEMENT_3D('',#11884,#8885,$);
#8306=AXIS2_PLACEMENT_3D('',#11885,#8886,$);
#8307=AXIS2_PLACEMENT_3D('',#11886,#8887,$);
#8308=AXIS2_PLACEMENT_3D('',#11915,#8888,$);
#8309=AXIS2_PLACEMENT_3D('',#11916,#8889,$);
#8310=AXIS2_PLACEMENT_3D('',#11917,#8890,$);
#8311=AXIS2_PLACEMENT_3D('',#11918,#8891,$);
#8312=AXIS2_PLACEMENT_3D('',#11947,#8892,$);
#8313=AXIS2_PLACEMENT_3D('',#11948,#8893,$);
#8314=AXIS2_PLACEMENT_3D('',#11949,#8894,$);
#8315=AXIS2_PLACEMENT_3D('',#11950,#8895,$);
#8316=AXIS2_PLACEMENT_3D('',#11979,#8896,$);
#8317=AXIS2_PLACEMENT_3D('',#11980,#8897,$);
#8318=AXIS2_PLACEMENT_3D('',#11981,#8898,$);
#8319=AXIS2_PLACEMENT_3D('',#11982,#8899,$);
#8320=AXIS2_PLACEMENT_3D('',#11983,#8900,$);
#8321=AXIS2_PLACEMENT_3D('',#11984,#8901,$);
#8322=AXIS2_PLACEMENT_3D('',#11985,#8902,$);
#8323=AXIS2_PLACEMENT_3D('',#11986,#8903,$);
#8324=AXIS2_PLACEMENT_3D('',#12053,#8904,$);
#8325=AXIS2_PLACEMENT_3D('',#12054,#8905,$);
#8326=AXIS2_PLACEMENT_3D('',#12055,#8906,$);
#8327=AXIS2_PLACEMENT_3D('',#12056,#8907,$);
#8328=AXIS2_PLACEMENT_3D('',#12085,#8908,$);
#8329=AXIS2_PLACEMENT_3D('',#12086,#8909,$);
#8330=AXIS2_PLACEMENT_3D('',#12087,#8910,$);
#8331=AXIS2_PLACEMENT_3D('',#12088,#8911,$);
#8332=AXIS2_PLACEMENT_3D('',#12119,#8912,$);
#8333=AXIS2_PLACEMENT_3D('',#12120,#8913,$);
#8334=AXIS2_PLACEMENT_3D('',#12121,#8914,$);
#8335=AXIS2_PLACEMENT_3D('',#12122,#8915,$);
#8336=AXIS2_PLACEMENT_3D('',#12153,#8916,$);
#8337=AXIS2_PLACEMENT_3D('',#12154,#8917,$);
#8338=AXIS2_PLACEMENT_3D('',#12155,#8918,$);
#8339=AXIS2_PLACEMENT_3D('',#12156,#8919,$);
#8340=AXIS2_PLACEMENT_3D('',#12185,#8920,$);
#8341=AXIS2_PLACEMENT_3D('',#12186,#8921,$);
#8342=AXIS2_PLACEMENT_3D('',#12187,#8922,$);
#8343=AXIS2_PLACEMENT_3D('',#12188,#8923,$);
#8344=AXIS2_PLACEMENT_3D('',#12217,#8924,$);
#8345=AXIS2_PLACEMENT_3D('',#12218,#8925,$);
#8346=AXIS2_PLACEMENT_3D('',#12219,#8926,$);
#8347=AXIS2_PLACEMENT_3D('',#12220,#8927,$);
#8348=AXIS2_PLACEMENT_3D('',#12221,#8928,$);
#8349=AXIS2_PLACEMENT_3D('',#12260,#8929,$);
#8350=AXIS2_PLACEMENT_3D('',#12261,#8930,$);
#8351=AXIS2_PLACEMENT_3D('',#12262,#8931,$);
#8352=AXIS2_PLACEMENT_3D('',#12263,#8932,$);
#8353=AXIS2_PLACEMENT_3D('',#12292,#8933,$);
#8354=AXIS2_PLACEMENT_3D('',#12293,#8934,$);
#8355=AXIS2_PLACEMENT_3D('',#12294,#8935,$);
#8356=AXIS2_PLACEMENT_3D('',#12295,#8936,$);
#8357=AXIS2_PLACEMENT_3D('',#12326,#8937,$);
#8358=AXIS2_PLACEMENT_3D('',#12327,#8938,$);
#8359=AXIS2_PLACEMENT_3D('',#12328,#8939,$);
#8360=AXIS2_PLACEMENT_3D('',#12329,#8940,$);
#8361=AXIS2_PLACEMENT_3D('',#12360,#8941,$);
#8362=AXIS2_PLACEMENT_3D('',#12361,#8942,$);
#8363=AXIS2_PLACEMENT_3D('',#12362,#8943,$);
#8364=AXIS2_PLACEMENT_3D('',#12363,#8944,$);
#8365=AXIS2_PLACEMENT_3D('',#12392,#8945,$);
#8366=AXIS2_PLACEMENT_3D('',#12393,#8946,$);
#8367=AXIS2_PLACEMENT_3D('',#12394,#8947,$);
#8368=AXIS2_PLACEMENT_3D('',#12395,#8948,$);
#8369=AXIS2_PLACEMENT_3D('',#12426,#8949,$);
#8370=AXIS2_PLACEMENT_3D('',#12427,#8950,$);
#8371=AXIS2_PLACEMENT_3D('',#12428,#8951,$);
#8372=AXIS2_PLACEMENT_3D('',#12429,#8952,$);
#8373=AXIS2_PLACEMENT_3D('',#12458,#8953,$);
#8374=AXIS2_PLACEMENT_3D('',#12459,#8954,$);
#8375=AXIS2_PLACEMENT_3D('',#12460,#8955,$);
#8376=AXIS2_PLACEMENT_3D('',#12461,#8956,$);
#8377=AXIS2_PLACEMENT_3D('',#12462,#8957,$);
#8378=AXIS2_PLACEMENT_3D('',#12463,#8958,$);
#8379=AXIS2_PLACEMENT_3D('',#12512,#8959,$);
#8380=AXIS2_PLACEMENT_3D('',#12513,#8960,$);
#8381=AXIS2_PLACEMENT_3D('',#12514,#8961,$);
#8382=AXIS2_PLACEMENT_3D('',#12523,#8962,$);
#8383=AXIS2_PLACEMENT_3D('',#12524,#8963,$);
#8384=AXIS2_PLACEMENT_3D('',#12525,#8964,$);
#8385=AXIS2_PLACEMENT_3D('',#12596,#8965,$);
#8386=AXIS2_PLACEMENT_3D('',#12597,#8966,$);
#8387=AXIS2_PLACEMENT_3D('',#12598,#8967,$);
#8388=AXIS2_PLACEMENT_3D('',#12599,#8968,$);
#8389=AXIS2_PLACEMENT_3D('',#12600,#8969,$);
#8390=AXIS2_PLACEMENT_3D('',#12639,#8970,$);
#8391=AXIS2_PLACEMENT_3D('',#12640,#8971,$);
#8392=AXIS2_PLACEMENT_3D('',#12641,#8972,$);
#8393=AXIS2_PLACEMENT_3D('',#12642,#8973,$);
#8394=AXIS2_PLACEMENT_3D('',#12673,#8974,$);
#8395=AXIS2_PLACEMENT_3D('',#12674,#8975,$);
#8396=AXIS2_PLACEMENT_3D('',#12675,#8976,$);
#8397=AXIS2_PLACEMENT_3D('',#12676,#8977,$);
#8398=AXIS2_PLACEMENT_3D('',#12705,#8978,$);
#8399=AXIS2_PLACEMENT_3D('',#12706,#8979,$);
#8400=AXIS2_PLACEMENT_3D('',#12707,#8980,$);
#8401=AXIS2_PLACEMENT_3D('',#12708,#8981,$);
#8402=AXIS2_PLACEMENT_3D('',#12709,#8982,$);
#8403=AXIS2_PLACEMENT_3D('',#12748,#8983,$);
#8404=AXIS2_PLACEMENT_3D('',#12749,#8984,$);
#8405=AXIS2_PLACEMENT_3D('',#12750,#8985,$);
#8406=AXIS2_PLACEMENT_3D('',#12751,#8986,$);
#8407=AXIS2_PLACEMENT_3D('',#12782,#8987,$);
#8408=AXIS2_PLACEMENT_3D('',#12783,#8988,$);
#8409=AXIS2_PLACEMENT_3D('',#12784,#8989,$);
#8410=AXIS2_PLACEMENT_3D('',#12785,#8990,$);
#8411=AXIS2_PLACEMENT_3D('',#12814,#8991,$);
#8412=AXIS2_PLACEMENT_3D('',#12815,#8992,$);
#8413=AXIS2_PLACEMENT_3D('',#12816,#8993,$);
#8414=AXIS2_PLACEMENT_3D('',#12817,#8994,$);
#8415=AXIS2_PLACEMENT_3D('',#12846,#8995,$);
#8416=AXIS2_PLACEMENT_3D('',#12847,#8996,$);
#8417=AXIS2_PLACEMENT_3D('',#12848,#8997,$);
#8418=AXIS2_PLACEMENT_3D('',#12849,#8998,$);
#8419=AXIS2_PLACEMENT_3D('',#12880,#8999,$);
#8420=AXIS2_PLACEMENT_3D('',#12881,#9000,$);
#8421=AXIS2_PLACEMENT_3D('',#12882,#9001,$);
#8422=AXIS2_PLACEMENT_3D('',#12883,#9002,$);
#8423=AXIS2_PLACEMENT_3D('',#12912,#9003,$);
#8424=AXIS2_PLACEMENT_3D('',#12913,#9004,$);
#8425=AXIS2_PLACEMENT_3D('',#12914,#9005,$);
#8426=AXIS2_PLACEMENT_3D('',#12915,#9006,$);
#8427=AXIS2_PLACEMENT_3D('',#12944,#9007,$);
#8428=AXIS2_PLACEMENT_3D('',#12945,#9008,$);
#8429=AXIS2_PLACEMENT_3D('',#12946,#9009,$);
#8430=AXIS2_PLACEMENT_3D('',#12947,#9010,$);
#8431=AXIS2_PLACEMENT_3D('',#12978,#9011,$);
#8432=AXIS2_PLACEMENT_3D('',#12979,#9012,$);
#8433=AXIS2_PLACEMENT_3D('',#12980,#9013,$);
#8434=AXIS2_PLACEMENT_3D('',#12981,#9014,$);
#8435=AXIS2_PLACEMENT_3D('',#13010,#9015,$);
#8436=AXIS2_PLACEMENT_3D('',#13011,#9016,$);
#8437=AXIS2_PLACEMENT_3D('',#13040,#9017,$);
#8438=AXIS2_PLACEMENT_3D('',#13041,#9018,$);
#8439=AXIS2_PLACEMENT_3D('',#13042,#9019,$);
#8440=AXIS2_PLACEMENT_3D('',#13043,#9020,$);
#8441=AXIS2_PLACEMENT_3D('',#13044,#9021,$);
#8442=AXIS2_PLACEMENT_3D('',#13045,#9022,$);
#8443=AXIS2_PLACEMENT_3D('',#13046,#9023,$);
#8444=AXIS2_PLACEMENT_3D('',#13047,#9024,$);
#8445=AXIS2_PLACEMENT_3D('',#13048,#9025,$);
#8446=AXIS2_PLACEMENT_3D('',#13049,#9026,$);
#8447=AXIS2_PLACEMENT_3D('',#13050,#9027,$);
#8448=AXIS2_PLACEMENT_3D('',#13051,#9028,$);
#8449=AXIS2_PLACEMENT_3D('',#13052,#9029,$);
#8450=AXIS2_PLACEMENT_3D('',#13053,#9030,$);
#8451=AXIS2_PLACEMENT_3D('',#13054,#9031,$);
#8452=AXIS2_PLACEMENT_3D('',#13055,#9032,$);
#8453=AXIS2_PLACEMENT_3D('',#13056,#9033,$);
#8454=AXIS2_PLACEMENT_3D('',#13057,#9034,$);
#8455=AXIS2_PLACEMENT_3D('',#13248,#9035,$);
#8456=AXIS2_PLACEMENT_3D('',#13249,#9036,$);
#8457=AXIS2_PLACEMENT_3D('',#13250,#9037,$);
#8458=AXIS2_PLACEMENT_3D('',#13251,#9038,$);
#8459=AXIS2_PLACEMENT_3D('',#13252,#9039,$);
#8460=AXIS2_PLACEMENT_3D('',#13253,#9040,$);
#8461=AXIS2_PLACEMENT_3D('',#13254,#9041,$);
#8462=AXIS2_PLACEMENT_3D('',#13255,#9042,$);
#8463=AXIS2_PLACEMENT_3D('',#13256,#9043,$);
#8464=AXIS2_PLACEMENT_3D('',#13257,#9044,$);
#8465=AXIS2_PLACEMENT_3D('',#13258,#9045,$);
#8466=AXIS2_PLACEMENT_3D('',#13259,#9046,$);
#8467=AXIS2_PLACEMENT_3D('',#13260,#9047,$);
#8468=AXIS2_PLACEMENT_3D('',#13261,#9048,$);
#8469=AXIS2_PLACEMENT_3D('',#13262,#9049,$);
#8470=AXIS2_PLACEMENT_3D('',#13263,#9050,$);
#8471=AXIS2_PLACEMENT_3D('',#13264,#9051,$);
#8472=AXIS2_PLACEMENT_3D('',#13265,#9052,$);
#8473=AXIS2_PLACEMENT_3D('',#13266,#9053,$);
#8474=AXIS2_PLACEMENT_3D('',#13267,#9054,$);
#8475=AXIS2_PLACEMENT_3D('',#13268,#9055,$);
#8476=AXIS2_PLACEMENT_3D('',#13269,#9056,$);
#8477=AXIS2_PLACEMENT_3D('',#13270,#9057,$);
#8478=AXIS2_PLACEMENT_3D('',#13271,#9058,$);
#8479=AXIS2_PLACEMENT_3D('',#13272,#9059,$);
#8480=AXIS2_PLACEMENT_3D('',#13273,#9060,$);
#8481=AXIS2_PLACEMENT_3D('',#13274,#9061,$);
#8482=AXIS2_PLACEMENT_3D('',#13275,#9062,$);
#8483=AXIS2_PLACEMENT_3D('',#13276,#9063,$);
#8484=AXIS2_PLACEMENT_3D('',#13277,#9064,$);
#8485=AXIS2_PLACEMENT_3D('',#13278,#9065,$);
#8486=AXIS2_PLACEMENT_3D('',#13279,#9066,$);
#8487=AXIS2_PLACEMENT_3D('',#13280,#9067,$);
#8488=AXIS2_PLACEMENT_3D('',#13647,#9068,$);
#8489=AXIS2_PLACEMENT_3D('',#13648,#9069,$);
#8490=AXIS2_PLACEMENT_3D('',#13649,#9070,$);
#8491=AXIS2_PLACEMENT_3D('',#13680,#9071,$);
#8492=AXIS2_PLACEMENT_3D('',#13681,#9072,$);
#8493=AXIS2_PLACEMENT_3D('',#13682,#9073,$);
#8494=AXIS2_PLACEMENT_3D('',#13683,#9074,$);
#8495=AXIS2_PLACEMENT_3D('',#13684,#9075,$);
#8496=AXIS2_PLACEMENT_3D('',#13685,#9076,$);
#8497=AXIS2_PLACEMENT_3D('',#13686,#9077,$);
#8498=AXIS2_PLACEMENT_3D('',#13687,#9078,$);
#8499=AXIS2_PLACEMENT_3D('',#13688,#9079,$);
#8500=AXIS2_PLACEMENT_3D('',#13689,#9080,$);
#8501=AXIS2_PLACEMENT_3D('',#13690,#9081,$);
#8502=AXIS2_PLACEMENT_3D('',#13691,#9082,$);
#8503=AXIS2_PLACEMENT_3D('',#13692,#9083,$);
#8504=AXIS2_PLACEMENT_3D('',#13693,#9084,$);
#8505=AXIS2_PLACEMENT_3D('',#13694,#9085,$);
#8506=AXIS2_PLACEMENT_3D('',#13934,#9086,#9087);
#8507=AXIS2_PLACEMENT_3D('',#13935,#9088,#9089);
#8508=DIRECTION('',(0.,0.,1.));
#8509=DIRECTION('',(1.,0.,0.));
#8510=DIRECTION('',(-1.,0.,0.));
#8511=DIRECTION('',(0.,1.,0.));
#8512=DIRECTION('',(1.,0.,0.));
#8513=DIRECTION('',(0.,-1.,0.));
#8514=DIRECTION('',(0.,0.,1.));
#8515=DIRECTION('',(0.,0.,-1.));
#8516=DIRECTION('',(-1.,0.,0.));
#8517=DIRECTION('',(0.,1.,0.));
#8518=DIRECTION('',(1.,0.,0.));
#8519=DIRECTION('',(0.,-1.,0.));
#8520=DIRECTION('',(0.,0.,1.));
#8521=DIRECTION('',(0.,0.,-1.));
#8522=DIRECTION('',(-1.,0.,0.));
#8523=DIRECTION('',(0.,1.,0.));
#8524=DIRECTION('',(1.,0.,0.));
#8525=DIRECTION('',(0.,-1.,0.));
#8526=DIRECTION('',(0.,0.,1.));
#8527=DIRECTION('',(0.,0.,-1.));
#8528=DIRECTION('',(-1.,0.,0.));
#8529=DIRECTION('',(0.,1.,0.));
#8530=DIRECTION('',(1.,0.,0.));
#8531=DIRECTION('',(0.,-1.,0.));
#8532=DIRECTION('',(0.,0.,1.));
#8533=DIRECTION('',(0.,0.,-1.));
#8534=DIRECTION('',(-1.,0.,0.));
#8535=DIRECTION('',(0.,1.,0.));
#8536=DIRECTION('',(1.,0.,0.));
#8537=DIRECTION('',(0.,-1.,0.));
#8538=DIRECTION('',(0.,0.,1.));
#8539=DIRECTION('',(0.,0.,-1.));
#8540=DIRECTION('',(-1.,0.,0.));
#8541=DIRECTION('',(0.,1.,0.));
#8542=DIRECTION('',(1.,0.,0.));
#8543=DIRECTION('',(0.,-1.,0.));
#8544=DIRECTION('',(0.,0.,1.));
#8545=DIRECTION('',(0.,0.,-1.));
#8546=DIRECTION('',(-1.,0.,0.));
#8547=DIRECTION('',(0.,1.,0.));
#8548=DIRECTION('',(1.,0.,0.));
#8549=DIRECTION('',(0.,-1.,0.));
#8550=DIRECTION('',(0.,0.,1.));
#8551=DIRECTION('',(0.,0.,-1.));
#8552=DIRECTION('',(-1.,0.,0.));
#8553=DIRECTION('',(0.,1.,0.));
#8554=DIRECTION('',(1.,0.,0.));
#8555=DIRECTION('',(0.,-1.,0.));
#8556=DIRECTION('',(0.,0.,1.));
#8557=DIRECTION('',(0.,0.,-1.));
#8558=DIRECTION('',(-1.,0.,0.));
#8559=DIRECTION('',(0.,1.,0.));
#8560=DIRECTION('',(1.,0.,0.));
#8561=DIRECTION('',(0.,-1.,0.));
#8562=DIRECTION('',(0.,0.,1.));
#8563=DIRECTION('',(0.,0.,-1.));
#8564=DIRECTION('',(-1.,0.,0.));
#8565=DIRECTION('',(0.,1.,0.));
#8566=DIRECTION('',(1.,0.,0.));
#8567=DIRECTION('',(0.,-1.,0.));
#8568=DIRECTION('',(0.,0.,1.));
#8569=DIRECTION('',(0.,0.,-1.));
#8570=DIRECTION('',(-1.,0.,0.));
#8571=DIRECTION('',(0.,1.,0.));
#8572=DIRECTION('',(1.,0.,0.));
#8573=DIRECTION('',(0.,-1.,0.));
#8574=DIRECTION('',(0.,0.,1.));
#8575=DIRECTION('',(0.,0.,-1.));
#8576=DIRECTION('',(-1.,0.,0.));
#8577=DIRECTION('',(0.,1.,0.));
#8578=DIRECTION('',(1.,0.,0.));
#8579=DIRECTION('',(0.,-1.,0.));
#8580=DIRECTION('',(0.,0.,1.));
#8581=DIRECTION('',(0.,0.,-1.));
#8582=DIRECTION('',(-1.,0.,0.));
#8583=DIRECTION('',(0.,1.,0.));
#8584=DIRECTION('',(1.,0.,0.));
#8585=DIRECTION('',(0.,-1.,0.));
#8586=DIRECTION('',(0.,0.,1.));
#8587=DIRECTION('',(0.,0.,-1.));
#8588=DIRECTION('',(1.,0.,0.));
#8589=DIRECTION('',(0.,1.,0.));
#8590=DIRECTION('',(-1.,0.,0.));
#8591=DIRECTION('',(0.,1.,0.));
#8592=DIRECTION('',(-1.,0.,0.));
#8593=DIRECTION('',(0.,1.,0.));
#8594=DIRECTION('',(1.,0.,0.));
#8595=DIRECTION('',(0.,1.,0.));
#8596=DIRECTION('',(-1.,0.,0.));
#8597=DIRECTION('',(0.,1.,0.));
#8598=DIRECTION('',(1.,0.,0.));
#8599=DIRECTION('',(0.,-1.,0.));
#8600=DIRECTION('',(-1.,0.,0.));
#8601=DIRECTION('',(0.,-1.,0.));
#8602=DIRECTION('',(1.,0.,0.));
#8603=DIRECTION('',(0.,-1.,0.));
#8604=DIRECTION('',(-1.,0.,0.));
#8605=DIRECTION('',(0.,-1.,0.));
#8606=DIRECTION('',(1.,0.,0.));
#8607=DIRECTION('',(0.,-1.,0.));
#8608=DIRECTION('',(-1.,0.,0.));
#8609=DIRECTION('',(0.,-1.,0.));
#8610=DIRECTION('',(1.,0.,0.));
#8611=DIRECTION('',(0.,-1.,0.));
#8612=DIRECTION('',(-1.,0.,0.));
#8613=DIRECTION('',(0.,1.,0.));
#8614=DIRECTION('',(1.,0.,0.));
#8615=DIRECTION('',(0.,1.,0.));
#8616=DIRECTION('',(-1.,0.,0.));
#8617=DIRECTION('',(0.,1.,0.));
#8618=DIRECTION('',(-1.,0.,0.));
#8619=DIRECTION('',(-1.,0.,0.));
#8620=DIRECTION('',(0.,-1.,0.));
#8621=DIRECTION('',(1.,0.,0.));
#8622=DIRECTION('',(0.,-1.,0.));
#8623=DIRECTION('',(1.,0.,0.));
#8624=DIRECTION('',(0.,-1.,0.));
#8625=DIRECTION('',(-1.,0.,0.));
#8626=DIRECTION('',(0.,-1.,0.));
#8627=DIRECTION('',(1.,0.,0.));
#8628=DIRECTION('',(0.,-1.,0.));
#8629=DIRECTION('',(-1.,0.,0.));
#8630=DIRECTION('',(0.,1.,0.));
#8631=DIRECTION('',(1.,0.,0.));
#8632=DIRECTION('',(0.,1.,0.));
#8633=DIRECTION('',(-1.,0.,0.));
#8634=DIRECTION('',(0.,1.,0.));
#8635=DIRECTION('',(1.,0.,0.));
#8636=DIRECTION('',(0.,1.,0.));
#8637=DIRECTION('',(-1.,0.,0.));
#8638=DIRECTION('',(0.,1.,0.));
#8639=DIRECTION('',(1.,0.,0.));
#8640=DIRECTION('',(0.,1.,0.));
#8641=DIRECTION('',(-1.,0.,0.));
#8642=DIRECTION('',(0.,1.,0.));
#8643=DIRECTION('',(1.,0.,0.));
#8644=DIRECTION('',(0.,-1.,0.));
#8645=DIRECTION('',(-1.,0.,0.));
#8646=DIRECTION('',(0.,-1.,0.));
#8647=DIRECTION('',(1.,0.,0.));
#8648=DIRECTION('',(0.,-1.,0.));
#8649=DIRECTION('',(1.,0.,0.));
#8650=DIRECTION('',(-1.2488125899968E-10,1.24881258997522E-10,-1.));
#8651=DIRECTION('',(5.00622893205992E-10,-5.00622893205309E-10,-1.));
#8652=DIRECTION('',(1.25155723305829E-10,1.25155723304691E-10,-1.));
#8653=DIRECTION('',(-2.5003698229987E-10,2.50036982302187E-10,-1.));
#8654=DIRECTION('',(4.63844676286636E-11,4.63844676282417E-11,-1.));
#8655=DIRECTION('',(0.,0.,-1.));
#8656=DIRECTION('',(2.74464305491529E-13,2.74464305491029E-13,-1.));
#8657=DIRECTION('',(0.,0.,-1.));
#8658=DIRECTION('',(2.74464305491903E-13,2.74464305490655E-13,-1.));
#8659=DIRECTION('',(-5.00348428903799E-10,5.00348428909714E-10,-1.));
#8660=DIRECTION('',(5.01171821835329E-10,5.01171821835329E-10,-1.));
#8661=DIRECTION('',(2.4948805369009E-10,-2.49488053690317E-10,-1.));
#8662=DIRECTION('',(2.74464305491976E-13,2.74464305489979E-13,-1.));
#8663=DIRECTION('',(-5.15992894323626E-10,5.15992894320751E-10,-1.));
#8664=DIRECTION('',(-2.74464305492155E-13,-2.74464305491156E-13,-1.));
#8665=DIRECTION('',(1.24881258997374E-10,-1.24881258996125E-10,-1.));
#8666=DIRECTION('',(0.,0.,1.));
#8667=DIRECTION('',(0.,0.,1.));
#8668=DIRECTION('',(0.,0.,1.));
#8669=DIRECTION('',(0.,0.,1.));
#8670=DIRECTION('',(0.,0.,1.));
#8671=DIRECTION('',(0.,0.,1.));
#8672=DIRECTION('',(0.,0.,1.));
#8673=DIRECTION('',(0.,0.,1.));
#8674=DIRECTION('',(0.,0.,1.));
#8675=DIRECTION('',(0.,0.,1.));
#8676=DIRECTION('',(0.,0.,1.));
#8677=DIRECTION('',(0.,0.,1.));
#8678=DIRECTION('',(0.,0.,1.));
#8679=DIRECTION('',(0.,0.,1.));
#8680=DIRECTION('',(0.,0.,1.));
#8681=DIRECTION('',(0.,0.,1.));
#8682=DIRECTION('',(0.,0.,1.));
#8683=DIRECTION('',(0.,0.,1.));
#8684=DIRECTION('',(0.,0.,1.));
#8685=DIRECTION('',(0.,0.,1.));
#8686=DIRECTION('',(0.,0.,1.));
#8687=DIRECTION('',(0.,0.,1.));
#8688=DIRECTION('',(0.,0.,1.));
#8689=DIRECTION('',(0.,0.,1.));
#8690=DIRECTION('',(0.,0.,1.));
#8691=DIRECTION('',(0.,0.,1.));
#8692=DIRECTION('',(0.,0.,1.));
#8693=DIRECTION('',(0.,0.,1.));
#8694=DIRECTION('',(0.,0.,1.));
#8695=DIRECTION('',(0.,0.,1.));
#8696=DIRECTION('',(0.,0.,1.));
#8697=DIRECTION('',(0.,0.,-1.));
#8698=DIRECTION('',(0.,0.,-1.));
#8699=DIRECTION('',(0.,0.,-1.));
#8700=DIRECTION('',(0.,0.,-1.));
#8701=DIRECTION('',(0.,0.,-1.));
#8702=DIRECTION('',(0.,0.,-1.));
#8703=DIRECTION('',(0.,0.,-1.));
#8704=DIRECTION('',(0.,0.,-1.));
#8705=DIRECTION('',(0.,0.,-1.));
#8706=DIRECTION('',(0.,0.,-1.));
#8707=DIRECTION('',(0.,0.,-1.));
#8708=DIRECTION('',(0.,0.,-1.));
#8709=DIRECTION('',(0.,0.,-1.));
#8710=DIRECTION('',(0.,0.,-1.));
#8711=DIRECTION('',(0.,0.,-1.));
#8712=DIRECTION('',(0.,0.,-1.));
#8713=DIRECTION('',(0.,0.,-1.));
#8714=DIRECTION('',(0.,0.,-1.));
#8715=DIRECTION('',(0.,0.,-1.));
#8716=DIRECTION('',(0.,0.,-1.));
#8717=DIRECTION('',(0.,0.,-1.));
#8718=DIRECTION('',(0.,0.,-1.));
#8719=DIRECTION('',(0.,0.,-1.));
#8720=DIRECTION('',(0.,0.,-1.));
#8721=DIRECTION('',(0.,0.,-1.));
#8722=DIRECTION('',(0.,0.,-1.));
#8723=DIRECTION('',(0.,0.,-1.));
#8724=DIRECTION('',(0.,0.,-1.));
#8725=DIRECTION('',(0.,0.,-1.));
#8726=DIRECTION('',(0.,0.,-1.));
#8727=DIRECTION('',(0.,0.,-1.));
#8728=DIRECTION('',(0.,0.,1.));
#8729=DIRECTION('',(0.,0.,-1.));
#8730=DIRECTION('',(0.,0.,1.));
#8731=DIRECTION('',(0.,0.,-1.));
#8732=DIRECTION('',(0.,0.,1.));
#8733=DIRECTION('',(0.,0.,-1.));
#8734=DIRECTION('',(0.,0.,1.));
#8735=DIRECTION('',(0.,0.,-1.));
#8736=DIRECTION('',(0.,0.,1.));
#8737=DIRECTION('',(0.,0.,-1.));
#8738=DIRECTION('',(0.,0.,1.));
#8739=DIRECTION('',(0.,0.,-1.));
#8740=DIRECTION('',(0.,0.,1.));
#8741=DIRECTION('',(0.,0.,-1.));
#8742=DIRECTION('',(0.,0.,1.));
#8743=DIRECTION('',(0.,0.,-1.));
#8744=DIRECTION('',(0.,0.,1.));
#8745=DIRECTION('',(0.,0.,-1.));
#8746=DIRECTION('',(0.,0.,1.));
#8747=DIRECTION('',(0.,0.,-1.));
#8748=DIRECTION('',(0.,0.,1.));
#8749=DIRECTION('',(0.,0.,-1.));
#8750=DIRECTION('',(0.,0.,1.));
#8751=DIRECTION('',(0.,0.,-1.));
#8752=DIRECTION('',(0.,0.,1.));
#8753=DIRECTION('',(0.,0.,-1.));
#8754=DIRECTION('',(0.,0.,1.));
#8755=DIRECTION('',(0.,0.,-1.));
#8756=DIRECTION('',(0.,0.,1.));
#8757=DIRECTION('',(0.,0.,-1.));
#8758=DIRECTION('',(0.,0.,1.));
#8759=DIRECTION('',(0.,0.,-1.));
#8760=DIRECTION('',(0.,0.,1.));
#8761=DIRECTION('',(0.,0.,-1.));
#8762=DIRECTION('',(0.,0.,1.));
#8763=DIRECTION('',(0.,0.,-1.));
#8764=DIRECTION('',(0.,0.,1.));
#8765=DIRECTION('',(0.,0.,-1.));
#8766=DIRECTION('',(0.,0.,1.));
#8767=DIRECTION('',(0.,0.,-1.));
#8768=DIRECTION('',(0.,0.,1.));
#8769=DIRECTION('',(0.,0.,-1.));
#8770=DIRECTION('',(0.,0.,1.));
#8771=DIRECTION('',(0.,0.,-1.));
#8772=DIRECTION('',(0.,0.,1.));
#8773=DIRECTION('',(0.,0.,-1.));
#8774=DIRECTION('',(0.,0.,1.));
#8775=DIRECTION('',(0.,0.,-1.));
#8776=DIRECTION('',(0.,0.,1.));
#8777=DIRECTION('',(0.,0.,-1.));
#8778=DIRECTION('',(0.,0.,1.));
#8779=DIRECTION('',(0.,0.,-1.));
#8780=DIRECTION('',(0.,0.,1.));
#8781=DIRECTION('',(0.,0.,-1.));
#8782=DIRECTION('',(0.,0.,1.));
#8783=DIRECTION('',(0.,0.,-1.));
#8784=DIRECTION('',(0.,0.,1.));
#8785=DIRECTION('',(0.,0.,-1.));
#8786=DIRECTION('',(0.,0.,1.));
#8787=DIRECTION('',(0.,0.,-1.));
#8788=DIRECTION('',(0.,0.,-1.));
#8789=DIRECTION('',(1.,0.,0.));
#8790=DIRECTION('',(0.,0.,-1.));
#8791=DIRECTION('',(-0.707106781186547,0.707106781186548,0.));
#8792=DIRECTION('',(0.,0.,1.));
#8793=DIRECTION('',(0.,0.,-1.));
#8794=DIRECTION('',(0.,0.,-1.));
#8795=DIRECTION('',(-0.707106781186548,0.707106781186547,0.));
#8796=DIRECTION('',(0.,0.,-1.));
#8797=DIRECTION('',(0.,-1.,0.));
#8798=DIRECTION('',(0.,0.,1.));
#8799=DIRECTION('',(0.,0.,-1.));
#8800=DIRECTION('',(0.,0.,-1.));
#8801=DIRECTION('',(0.707106781186549,-0.707106781186546,0.));
#8802=DIRECTION('',(0.,0.,-1.));
#8803=DIRECTION('',(0.,1.,0.));
#8804=DIRECTION('',(0.,0.,1.));
#8805=DIRECTION('',(0.,0.,-1.));
#8806=DIRECTION('',(0.,0.,-1.));
#8807=DIRECTION('',(0.707106781186547,0.707106781186548,0.));
#8808=DIRECTION('',(0.,0.,-1.));
#8809=DIRECTION('',(-1.,0.,0.));
#8810=DIRECTION('',(0.,0.,1.));
#8811=DIRECTION('',(0.,0.,-1.));
#8812=DIRECTION('',(0.,1.,0.));
#8813=DIRECTION('',(0.,0.,-1.));
#8814=DIRECTION('',(-0.707106781186547,-0.707106781186548,0.));
#8815=DIRECTION('',(0.,0.,-1.));
#8816=DIRECTION('',(0.,0.,1.));
#8817=DIRECTION('',(0.,0.,-1.));
#8818=DIRECTION('',(0.,0.,-1.));
#8819=DIRECTION('',(0.,-1.,0.));
#8820=DIRECTION('',(0.,0.,-1.));
#8821=DIRECTION('',(0.707106781186547,0.707106781186548,0.));
#8822=DIRECTION('',(0.,0.,1.));
#8823=DIRECTION('',(0.,0.,-1.));
#8824=DIRECTION('',(-0.479665000352636,0.877451700913906,0.));
#8825=DIRECTION('',(0.,0.,1.));
#8826=DIRECTION('',(0.,0.,1.));
#8827=DIRECTION('',(0.,0.,-1.));
#8828=DIRECTION('',(0.0640329691677818,0.997947783633772,0.));
#8829=DIRECTION('',(0.,0.,1.));
#8830=DIRECTION('',(-0.999811866261681,-0.019396702872796,0.));
#8831=DIRECTION('',(0.,0.,1.));
#8832=DIRECTION('',(0.,0.,1.));
#8833=DIRECTION('',(0.,0.,-1.));
#8834=DIRECTION('',(0.,0.,1.));
#8835=DIRECTION('',(-0.997575939246602,0.0695862445908681,0.));
#8836=DIRECTION('',(0.,0.,1.));
#8837=DIRECTION('',(0.,0.,-1.));
#8838=DIRECTION('',(0.,0.,1.));
#8839=DIRECTION('',(0.,0.,1.));
#8840=DIRECTION('',(0.,0.,1.));
#8841=DIRECTION('',(0.,0.,-1.));
#8842=DIRECTION('',(0.,0.,1.));
#8843=DIRECTION('',(0.,0.,1.));
#8844=DIRECTION('',(0.,0.,1.));
#8845=DIRECTION('',(0.,0.,1.));
#8846=DIRECTION('',(0.,0.,-1.));
#8847=DIRECTION('',(0.,0.,1.));
#8848=DIRECTION('',(0.,0.,1.));
#8849=DIRECTION('',(0.015603849526116,-0.99987825252876,0.));
#8850=DIRECTION('',(0.,0.,1.));
#8851=DIRECTION('',(0.,0.,-1.));
#8852=DIRECTION('',(0.,0.,1.));
#8853=DIRECTION('',(0.,0.,1.));
#8854=DIRECTION('',(0.,0.,-1.));
#8855=DIRECTION('',(0.,0.,1.));
#8856=DIRECTION('',(0.,0.,1.));
#8857=DIRECTION('',(0.334559964019831,0.942374464040198,0.));
#8858=DIRECTION('',(0.,0.,1.));
#8859=DIRECTION('',(0.,0.,1.));
#8860=DIRECTION('',(0.,0.,1.));
#8861=DIRECTION('',(0.,0.,1.));
#8862=DIRECTION('',(0.,0.,1.));
#8863=DIRECTION('',(0.,-1.,0.));
#8864=DIRECTION('',(0.,0.,1.));
#8865=DIRECTION('',(0.,0.,-1.));
#8866=DIRECTION('',(0.,0.,1.));
#8867=DIRECTION('',(-0.0321421248687691,-0.999483308419365,0.));
#8868=DIRECTION('',(0.,0.,1.));
#8869=DIRECTION('',(0.,0.,-1.));
#8870=DIRECTION('',(0.,0.,1.));
#8871=DIRECTION('',(0.,0.,1.));
#8872=DIRECTION('',(0.,0.,-1.));
#8873=DIRECTION('',(0.,0.,1.));
#8874=DIRECTION('',(0.,0.,1.));
#8875=DIRECTION('',(0.00321727422519647,0.999994824559887,0.));
#8876=DIRECTION('',(0.,0.,1.));
#8877=DIRECTION('',(0.,0.,-1.));
#8878=DIRECTION('',(0.,0.,1.));
#8879=DIRECTION('',(0.,0.,1.));
#8880=DIRECTION('',(0.,0.,1.));
#8881=DIRECTION('',(0.,0.,-1.));
#8882=DIRECTION('',(0.,0.,1.));
#8883=DIRECTION('',(0.,0.,1.));
#8884=DIRECTION('',(0.,0.,1.));
#8885=DIRECTION('',(0.,0.,1.));
#8886=DIRECTION('',(0.,0.,-1.));
#8887=DIRECTION('',(0.,0.,1.));
#8888=DIRECTION('',(0.,0.,1.));
#8889=DIRECTION('',(0.,0.,1.));
#8890=DIRECTION('',(0.,0.,-1.));
#8891=DIRECTION('',(0.,0.,1.));
#8892=DIRECTION('',(0.,0.,1.));
#8893=DIRECTION('',(0.,0.,1.));
#8894=DIRECTION('',(0.,0.,-1.));
#8895=DIRECTION('',(0.,0.,1.));
#8896=DIRECTION('',(0.,0.,1.));
#8897=DIRECTION('',(0.,0.,1.));
#8898=DIRECTION('',(0.,0.,1.));
#8899=DIRECTION('',(0.,0.,1.));
#8900=DIRECTION('',(0.,0.,1.));
#8901=DIRECTION('',(0.,-1.,0.));
#8902=DIRECTION('',(0.,0.,1.));
#8903=DIRECTION('',(0.,0.,-1.));
#8904=DIRECTION('',(0.,0.,1.));
#8905=DIRECTION('',(0.,0.,1.));
#8906=DIRECTION('',(0.,0.,-1.));
#8907=DIRECTION('',(0.,0.,1.));
#8908=DIRECTION('',(0.,0.,1.));
#8909=DIRECTION('',(-0.14157908180131,-0.989926948616057,0.));
#8910=DIRECTION('',(0.,0.,1.));
#8911=DIRECTION('',(0.,0.,-1.));
#8912=DIRECTION('',(0.,0.,1.));
#8913=DIRECTION('',(0.0632922643773327,-0.997995034692052,0.));
#8914=DIRECTION('',(0.,0.,1.));
#8915=DIRECTION('',(0.,0.,-1.));
#8916=DIRECTION('',(0.,0.,1.));
#8917=DIRECTION('',(0.,0.,1.));
#8918=DIRECTION('',(0.,0.,-1.));
#8919=DIRECTION('',(0.,0.,1.));
#8920=DIRECTION('',(0.,0.,1.));
#8921=DIRECTION('',(0.,0.,1.));
#8922=DIRECTION('',(0.,0.,-1.));
#8923=DIRECTION('',(0.,0.,1.));
#8924=DIRECTION('',(0.334559964019833,0.942374464040197,0.));
#8925=DIRECTION('',(0.,0.,1.));
#8926=DIRECTION('',(0.145709610558015,0.989327402527106,0.));
#8927=DIRECTION('',(0.,0.,1.));
#8928=DIRECTION('',(0.,0.,-1.));
#8929=DIRECTION('',(0.,0.,1.));
#8930=DIRECTION('',(0.,0.,1.));
#8931=DIRECTION('',(0.,0.,-1.));
#8932=DIRECTION('',(0.,0.,1.));
#8933=DIRECTION('',(0.,0.,1.));
#8934=DIRECTION('',(0.282533575826152,0.959257409943175,0.));
#8935=DIRECTION('',(0.,0.,1.));
#8936=DIRECTION('',(0.,0.,-1.));
#8937=DIRECTION('',(0.,0.,1.));
#8938=DIRECTION('',(-0.0156038495261113,0.99987825252876,0.));
#8939=DIRECTION('',(0.,0.,1.));
#8940=DIRECTION('',(0.,0.,-1.));
#8941=DIRECTION('',(0.,0.,1.));
#8942=DIRECTION('',(0.,0.,1.));
#8943=DIRECTION('',(0.,0.,-1.));
#8944=DIRECTION('',(0.,0.,1.));
#8945=DIRECTION('',(0.,0.,1.));
#8946=DIRECTION('',(-0.994015774099876,0.109236627742823,0.));
#8947=DIRECTION('',(0.,0.,1.));
#8948=DIRECTION('',(0.,0.,-1.));
#8949=DIRECTION('',(0.,0.,1.));
#8950=DIRECTION('',(0.,0.,1.));
#8951=DIRECTION('',(0.,0.,-1.));
#8952=DIRECTION('',(0.,0.,1.));
#8953=DIRECTION('',(0.,0.,1.));
#8954=DIRECTION('',(0.00907403657062635,0.999958830082676,0.));
#8955=DIRECTION('',(0.,0.,1.));
#8956=DIRECTION('',(-0.13931459934321,0.990248172131532,0.));
#8957=DIRECTION('',(0.,0.,1.));
#8958=DIRECTION('',(0.,0.,-1.));
#8959=DIRECTION('',(0.,0.,-1.));
#8960=DIRECTION('',(0.,0.,1.));
#8961=DIRECTION('',(0.,0.,-1.));
#8962=DIRECTION('',(-0.764827352172308,0.644235299691888,0.));
#8963=DIRECTION('',(0.,0.,1.));
#8964=DIRECTION('',(0.,0.,-1.));
#8965=DIRECTION('',(0.,0.,1.));
#8966=DIRECTION('',(0.139314599343207,-0.990248172131533,0.));
#8967=DIRECTION('',(-0.12474882813861,-0.992188354032662,0.));
#8968=DIRECTION('',(0.,0.,1.));
#8969=DIRECTION('',(0.,0.,-1.));
#8970=DIRECTION('',(0.,0.,1.));
#8971=DIRECTION('',(0.00321727422519647,0.999994824559887,0.));
#8972=DIRECTION('',(0.,0.,1.));
#8973=DIRECTION('',(0.,0.,-1.));
#8974=DIRECTION('',(0.,0.,1.));
#8975=DIRECTION('',(0.,0.,1.));
#8976=DIRECTION('',(0.,0.,-1.));
#8977=DIRECTION('',(0.,0.,1.));
#8978=DIRECTION('',(0.,0.,1.));
#8979=DIRECTION('',(-0.336439190283309,0.941705193381406,0.));
#8980=DIRECTION('',(-0.160658186842409,0.987010104811754,0.));
#8981=DIRECTION('',(0.,0.,1.));
#8982=DIRECTION('',(0.,0.,-1.));
#8983=DIRECTION('',(0.,0.,1.));
#8984=DIRECTION('',(-0.0640329691677836,-0.997947783633772,0.));
#8985=DIRECTION('',(0.,0.,1.));
#8986=DIRECTION('',(0.,0.,-1.));
#8987=DIRECTION('',(0.,0.,1.));
#8988=DIRECTION('',(0.,0.,1.));
#8989=DIRECTION('',(0.,0.,-1.));
#8990=DIRECTION('',(0.,0.,1.));
#8991=DIRECTION('',(0.,0.,1.));
#8992=DIRECTION('',(0.,0.,1.));
#8993=DIRECTION('',(0.,0.,-1.));
#8994=DIRECTION('',(0.,0.,1.));
#8995=DIRECTION('',(0.,0.,1.));
#8996=DIRECTION('',(-0.0632922643773308,0.997995034692052,0.));
#8997=DIRECTION('',(0.,0.,1.));
#8998=DIRECTION('',(0.,0.,-1.));
#8999=DIRECTION('',(0.,0.,1.));
#9000=DIRECTION('',(0.,0.,1.));
#9001=DIRECTION('',(0.,0.,-1.));
#9002=DIRECTION('',(0.,0.,1.));
#9003=DIRECTION('',(0.,0.,1.));
#9004=DIRECTION('',(0.,0.,1.));
#9005=DIRECTION('',(0.,0.,-1.));
#9006=DIRECTION('',(0.,0.,1.));
#9007=DIRECTION('',(0.,0.,1.));
#9008=DIRECTION('',(0.999768234619725,0.0215285170264322,0.));
#9009=DIRECTION('',(0.,0.,1.));
#9010=DIRECTION('',(0.,0.,-1.));
#9011=DIRECTION('',(0.,0.,1.));
#9012=DIRECTION('',(0.,0.,1.));
#9013=DIRECTION('',(0.,0.,-1.));
#9014=DIRECTION('',(0.,0.,1.));
#9015=DIRECTION('',(0.,0.,1.));
#9016=DIRECTION('',(0.,0.,1.));
#9017=DIRECTION('',(0.,0.,1.));
#9018=DIRECTION('',(-0.134630384845743,-0.990895887304154,0.));
#9019=DIRECTION('',(0.,0.,1.));
#9020=DIRECTION('',(-0.479712391057711,0.877425792797143,0.));
#9021=DIRECTION('',(0.,0.,1.));
#9022=DIRECTION('',(0.0658770924940819,-0.997827744996363,0.));
#9023=DIRECTION('',(0.,0.,1.));
#9024=DIRECTION('',(-0.999811866261681,-0.019396702872798,0.));
#9025=DIRECTION('',(0.,0.,1.));
#9026=DIRECTION('',(0.0648397609086333,0.997895688639505,0.));
#9027=DIRECTION('',(0.,0.,1.));
#9028=DIRECTION('',(-0.997213822826455,0.0745961900089313,0.));
#9029=DIRECTION('',(0.,0.,1.));
#9030=DIRECTION('',(0.,1.,0.));
#9031=DIRECTION('',(0.,0.,1.));
#9032=DIRECTION('',(0.999794912771108,0.0202517257786514,0.));
#9033=DIRECTION('',(0.,0.,1.));
#9034=DIRECTION('',(-0.688752950739259,0.724996119195106,0.));
#9035=DIRECTION('',(0.,0.,1.));
#9036=DIRECTION('',(-0.122008925910739,-0.992529003101727,0.));
#9037=DIRECTION('',(0.,0.,1.));
#9038=DIRECTION('',(-0.0311484613429891,-0.999514768953398,0.));
#9039=DIRECTION('',(0.,0.,1.));
#9040=DIRECTION('',(0.167311060750137,-0.985904158095838,0.));
#9041=DIRECTION('',(0.,0.,1.));
#9042=DIRECTION('',(-0.283905642439597,-0.958852223333168,0.));
#9043=DIRECTION('',(0.,0.,1.));
#9044=DIRECTION('',(0.0182218934407246,0.999833967516325,0.));
#9045=DIRECTION('',(0.,0.,1.));
#9046=DIRECTION('',(0.157923768352443,-0.987451306844729,0.));
#9047=DIRECTION('',(0.,0.,1.));
#9048=DIRECTION('',(0.340471119413809,-0.940254974379348,0.));
#9049=DIRECTION('',(0.,0.,1.));
#9050=DIRECTION('',(0.758964726556872,0.651131740773288,0.));
#9051=DIRECTION('',(0.,0.,1.));
#9052=DIRECTION('',(-0.752118186930935,0.659028248929986,0.));
#9053=DIRECTION('',(0.,0.,1.));
#9054=DIRECTION('',(-0.334112403951163,-0.942533236297785,0.));
#9055=DIRECTION('',(0.,0.,1.));
#9056=DIRECTION('',(-0.137124954893698,-0.990553757625199,0.));
#9057=DIRECTION('',(0.,0.,1.));
#9058=DIRECTION('',(-0.0234967135887911,0.999723914113555,0.));
#9059=DIRECTION('',(0.,0.,1.));
#9060=DIRECTION('',(0.264597542274068,-0.964358927278906,0.));
#9061=DIRECTION('',(0.,0.,1.));
#9062=DIRECTION('',(-0.139634925680759,-0.99020305368653,0.));
#9063=DIRECTION('',(0.,0.,1.));
#9064=DIRECTION('',(-0.00486712598357197,-0.999988155472184,0.));
#9065=DIRECTION('',(0.,0.,1.));
#9066=DIRECTION('',(0.994496730888316,-0.104767610703173,0.));
#9067=DIRECTION('',(0.,0.,1.));
#9068=DIRECTION('',(0.,0.,1.));
#9069=DIRECTION('',(0.00979665431728149,0.999952011630652,0.));
#9070=DIRECTION('',(-0.142292552573188,0.989824645824808,0.));
#9071=DIRECTION('',(0.,0.,1.));
#9072=DIRECTION('',(0.999322502769114,0.0368040141733838,0.));
#9073=DIRECTION('',(0.,0.,1.));
#9074=DIRECTION('',(-0.0156494023635034,0.999877540604681,0.));
#9075=DIRECTION('',(0.,0.,1.));
#9076=DIRECTION('',(0.999876520664404,-0.0157144336215472,0.));
#9077=DIRECTION('',(0.,0.,1.));
#9078=DIRECTION('',(-0.0333508291296067,-0.999443706366881,0.));
#9079=DIRECTION('',(0.,0.,1.));
#9080=DIRECTION('',(0.540547958548183,0.841313202386241,0.));
#9081=DIRECTION('',(0.,0.,1.));
#9082=DIRECTION('',(0.105578618030817,-0.994410959017801,0.));
#9083=DIRECTION('',(0.,0.,1.));
#9084=DIRECTION('',(0.994089665094152,-0.108562137750676,0.));
#9085=DIRECTION('',(0.,0.,1.));
#9086=DIRECTION('',(0.,0.,1.));
#9087=DIRECTION('',(1.,0.,0.));
#9088=DIRECTION('',(0.,0.,1.));
#9089=DIRECTION('',(1.,0.,0.));
#9090=CARTESIAN_POINT('',(0.,0.,0.));
#9091=CARTESIAN_POINT('',(2215.97376065119,2082.18229941446,196.502));
#9092=CARTESIAN_POINT('',(2215.97376065119,2917.17871250722,196.502));
#9093=CARTESIAN_POINT('',(2824.13190936482,2917.17871250722,196.502));
#9094=CARTESIAN_POINT('',(2824.13190936482,2082.18229941446,196.502));
#9095=CARTESIAN_POINT('',(2215.97376065119,2082.18229941446,196.502));
#9096=CARTESIAN_POINT('',(2215.97376065119,2082.18229941446,-1757.54969963106));
#9097=CARTESIAN_POINT('',(2215.97376065119,2082.18229941446,196.502));
#9098=CARTESIAN_POINT('',(2215.97376065119,2917.17871250722,196.502));
#9099=CARTESIAN_POINT('',(2215.97376065119,2917.17871250722,-1757.54969963106));
#9100=CARTESIAN_POINT('',(2215.97376065119,2082.18229941446,-1757.54969963106));
#9101=CARTESIAN_POINT('',(2824.13190936482,2917.17871250722,196.502));
#9102=CARTESIAN_POINT('',(2824.13190936482,2917.17871250722,-1757.54969963106));
#9103=CARTESIAN_POINT('',(2824.13190936482,2082.18229941446,196.502));
#9104=CARTESIAN_POINT('',(2824.13190936482,2082.18229941446,-1757.54969963106));
#9105=CARTESIAN_POINT('',(2215.97376065119,2082.18229941446,196.502));
#9106=CARTESIAN_POINT('',(2215.97376065119,2917.17871250722,196.502));
#9107=CARTESIAN_POINT('',(2215.97376065119,2917.17871250722,196.502));
#9108=CARTESIAN_POINT('',(2215.97376065119,2917.17871250722,-1757.54969963106));
#9109=CARTESIAN_POINT('',(2215.97376065119,2082.18229941446,-1757.54969963106));
#9110=CARTESIAN_POINT('',(2215.97376065119,2917.17871250722,-1757.54969963106));
#9111=CARTESIAN_POINT('',(2215.97376065119,2082.18229941446,196.502));
#9112=CARTESIAN_POINT('',(2215.97376065119,2082.18229941446,-1757.54969963106));
#9113=CARTESIAN_POINT('',(2215.97376065119,2917.17871250722,196.502));
#9114=CARTESIAN_POINT('',(2824.13190936482,2917.17871250722,196.502));
#9115=CARTESIAN_POINT('',(2824.13190936482,2917.17871250722,196.502));
#9116=CARTESIAN_POINT('',(2824.13190936482,2917.17871250722,-1757.54969963106));
#9117=CARTESIAN_POINT('',(2215.97376065119,2917.17871250722,-1757.54969963106));
#9118=CARTESIAN_POINT('',(2824.13190936482,2917.17871250722,-1757.54969963106));
#9119=CARTESIAN_POINT('',(2824.13190936482,2917.17871250722,196.502));
#9120=CARTESIAN_POINT('',(2824.13190936482,2082.18229941446,196.502));
#9121=CARTESIAN_POINT('',(2824.13190936482,2082.18229941446,196.502));
#9122=CARTESIAN_POINT('',(2824.13190936482,2082.18229941446,-1757.54969963106));
#9123=CARTESIAN_POINT('',(2824.13190936482,2917.17871250722,-1757.54969963106));
#9124=CARTESIAN_POINT('',(2824.13190936482,2082.18229941446,-1757.54969963106));
#9125=CARTESIAN_POINT('',(2824.13190936482,2082.18229941446,196.502));
#9126=CARTESIAN_POINT('',(2215.97376065119,2082.18229941446,196.502));
#9127=CARTESIAN_POINT('',(2824.13190936482,2082.18229941446,-1757.54969963106));
#9128=CARTESIAN_POINT('',(2215.97376065119,2082.18229941446,-1757.54969963106));
#9129=CARTESIAN_POINT('',(2824.13190936482,2082.18229941446,196.502));
#9130=CARTESIAN_POINT('',(2824.13190936482,2917.17871250722,196.502));
#9131=CARTESIAN_POINT('',(3569.12596463895,2917.17871250722,196.502));
#9132=CARTESIAN_POINT('',(3569.12596463895,2082.18229941446,196.502));
#9133=CARTESIAN_POINT('',(2824.13190936482,2082.18229941446,196.502));
#9134=CARTESIAN_POINT('',(2824.13190936482,2082.18229941446,-1757.549699631));
#9135=CARTESIAN_POINT('',(2824.13190936482,2082.18229941446,196.502));
#9136=CARTESIAN_POINT('',(2824.13190936482,2917.17871250722,196.502));
#9137=CARTESIAN_POINT('',(2824.13190936482,2917.17871250722,-1757.549699631));
#9138=CARTESIAN_POINT('',(2824.13190936482,2082.18229941446,-1757.549699631));
#9139=CARTESIAN_POINT('',(3569.12596463895,2917.17871250722,196.502));
#9140=CARTESIAN_POINT('',(3569.12596463895,2917.17871250722,-1757.549699631));
#9141=CARTESIAN_POINT('',(3569.12596463895,2082.18229941446,196.502));
#9142=CARTESIAN_POINT('',(3569.12596463895,2082.18229941446,-1757.549699631));
#9143=CARTESIAN_POINT('',(2824.13190936482,2082.18229941446,196.502));
#9144=CARTESIAN_POINT('',(2824.13190936482,2917.17871250722,196.502));
#9145=CARTESIAN_POINT('',(2824.13190936482,2917.17871250722,196.502));
#9146=CARTESIAN_POINT('',(2824.13190936482,2917.17871250722,-1757.549699631));
#9147=CARTESIAN_POINT('',(2824.13190936482,2082.18229941446,-1757.549699631));
#9148=CARTESIAN_POINT('',(2824.13190936482,2917.17871250722,-1757.549699631));
#9149=CARTESIAN_POINT('',(2824.13190936482,2082.18229941446,196.502));
#9150=CARTESIAN_POINT('',(2824.13190936482,2082.18229941446,-1757.549699631));
#9151=CARTESIAN_POINT('',(2824.13190936482,2917.17871250722,196.502));
#9152=CARTESIAN_POINT('',(3569.12596463895,2917.17871250722,196.502));
#9153=CARTESIAN_POINT('',(3569.12596463895,2917.17871250722,196.502));
#9154=CARTESIAN_POINT('',(3569.12596463895,2917.17871250722,-1757.549699631));
#9155=CARTESIAN_POINT('',(2824.13190936482,2917.17871250722,-1757.549699631));
#9156=CARTESIAN_POINT('',(3569.12596463895,2917.17871250722,-1757.549699631));
#9157=CARTESIAN_POINT('',(3569.12596463895,2917.17871250722,196.502));
#9158=CARTESIAN_POINT('',(3569.12596463895,2082.18229941446,196.502));
#9159=CARTESIAN_POINT('',(3569.12596463895,2082.18229941446,196.502));
#9160=CARTESIAN_POINT('',(3569.12596463895,2082.18229941446,-1757.549699631));
#9161=CARTESIAN_POINT('',(3569.12596463895,2917.17871250722,-1757.549699631));
#9162=CARTESIAN_POINT('',(3569.12596463895,2082.18229941446,-1757.549699631));
#9163=CARTESIAN_POINT('',(3569.12596463895,2082.18229941446,196.502));
#9164=CARTESIAN_POINT('',(2824.13190936482,2082.18229941446,196.502));
#9165=CARTESIAN_POINT('',(3569.12596463895,2082.18229941446,-1757.549699631));
#9166=CARTESIAN_POINT('',(2824.13190936482,2082.18229941446,-1757.549699631));
#9167=CARTESIAN_POINT('',(3569.12596463895,2082.18229941446,196.502));
#9168=CARTESIAN_POINT('',(3569.12596463895,2917.17871250722,196.502));
#9169=CARTESIAN_POINT('',(4178.31984382305,2917.17871250722,196.502));
#9170=CARTESIAN_POINT('',(4178.31984382305,2082.18229941446,196.502));
#9171=CARTESIAN_POINT('',(3569.12596463895,2082.18229941446,196.502));
#9172=CARTESIAN_POINT('',(3569.12596463895,2082.18229941446,-1757.549699631));
#9173=CARTESIAN_POINT('',(3569.12596463895,2082.18229941446,196.502));
#9174=CARTESIAN_POINT('',(3569.12596463895,2917.17871250722,196.502));
#9175=CARTESIAN_POINT('',(3569.12596463895,2917.17871250722,-1757.549699631));
#9176=CARTESIAN_POINT('',(3569.12596463895,2082.18229941446,-1757.549699631));
#9177=CARTESIAN_POINT('',(4178.31984382305,2917.17871250722,196.502));
#9178=CARTESIAN_POINT('',(4178.31984382305,2917.17871250722,-1757.549699631));
#9179=CARTESIAN_POINT('',(4178.31984382305,2082.18229941446,196.502));
#9180=CARTESIAN_POINT('',(4178.31984382305,2082.18229941446,-1757.549699631));
#9181=CARTESIAN_POINT('',(3569.12596463895,2082.18229941446,196.502));
#9182=CARTESIAN_POINT('',(3569.12596463895,2917.17871250722,196.502));
#9183=CARTESIAN_POINT('',(3569.12596463895,2917.17871250722,196.502));
#9184=CARTESIAN_POINT('',(3569.12596463895,2917.17871250722,-1757.549699631));
#9185=CARTESIAN_POINT('',(3569.12596463895,2082.18229941446,-1757.549699631));
#9186=CARTESIAN_POINT('',(3569.12596463895,2917.17871250722,-1757.549699631));
#9187=CARTESIAN_POINT('',(3569.12596463895,2082.18229941446,196.502));
#9188=CARTESIAN_POINT('',(3569.12596463895,2082.18229941446,-1757.549699631));
#9189=CARTESIAN_POINT('',(3569.12596463895,2917.17871250722,196.502));
#9190=CARTESIAN_POINT('',(4178.31984382305,2917.17871250722,196.502));
#9191=CARTESIAN_POINT('',(4178.31984382305,2917.17871250722,196.502));
#9192=CARTESIAN_POINT('',(4178.31984382305,2917.17871250722,-1757.549699631));
#9193=CARTESIAN_POINT('',(3569.12596463895,2917.17871250722,-1757.549699631));
#9194=CARTESIAN_POINT('',(4178.31984382305,2917.17871250722,-1757.549699631));
#9195=CARTESIAN_POINT('',(4178.31984382305,2917.17871250722,196.502));
#9196=CARTESIAN_POINT('',(4178.31984382305,2082.18229941446,196.502));
#9197=CARTESIAN_POINT('',(4178.31984382305,2082.18229941446,196.502));
#9198=CARTESIAN_POINT('',(4178.31984382305,2082.18229941446,-1757.549699631));
#9199=CARTESIAN_POINT('',(4178.31984382305,2917.17871250722,-1757.549699631));
#9200=CARTESIAN_POINT('',(4178.31984382305,2082.18229941446,-1757.549699631));
#9201=CARTESIAN_POINT('',(4178.31984382305,2082.18229941446,196.502));
#9202=CARTESIAN_POINT('',(3569.12596463895,2082.18229941446,196.502));
#9203=CARTESIAN_POINT('',(4178.31984382305,2082.18229941446,-1757.549699631));
#9204=CARTESIAN_POINT('',(3569.12596463895,2082.18229941446,-1757.549699631));
#9205=CARTESIAN_POINT('',(4178.31984382305,2082.18229941446,196.502));
#9206=CARTESIAN_POINT('',(4178.31984382305,2917.17871250722,196.502));
#9207=CARTESIAN_POINT('',(5402.75780853667,2917.17871250722,196.502));
#9208=CARTESIAN_POINT('',(5402.75780853667,2082.18229941446,196.502));
#9209=CARTESIAN_POINT('',(4178.31984382305,2082.18229941446,196.502));
#9210=CARTESIAN_POINT('',(4178.31984382305,2082.18229941446,-1757.549699631));
#9211=CARTESIAN_POINT('',(4178.31984382305,2082.18229941446,196.502));
#9212=CARTESIAN_POINT('',(4178.31984382305,2917.17871250722,196.502));
#9213=CARTESIAN_POINT('',(4178.31984382305,2917.17871250722,-1757.549699631));
#9214=CARTESIAN_POINT('',(4178.31984382305,2082.18229941446,-1757.549699631));
#9215=CARTESIAN_POINT('',(5402.75780853667,2917.17871250722,196.502));
#9216=CARTESIAN_POINT('',(5402.75780853667,2917.17871250722,-1757.549699631));
#9217=CARTESIAN_POINT('',(5402.75780853667,2082.18229941446,196.502));
#9218=CARTESIAN_POINT('',(5402.75780853667,2082.18229941446,-1757.549699631));
#9219=CARTESIAN_POINT('',(4178.31984382305,2082.18229941446,196.502));
#9220=CARTESIAN_POINT('',(4178.31984382305,2917.17871250722,196.502));
#9221=CARTESIAN_POINT('',(4178.31984382305,2917.17871250722,196.502));
#9222=CARTESIAN_POINT('',(4178.31984382305,2917.17871250722,-1757.549699631));
#9223=CARTESIAN_POINT('',(4178.31984382305,2082.18229941446,-1757.549699631));
#9224=CARTESIAN_POINT('',(4178.31984382305,2917.17871250722,-1757.549699631));
#9225=CARTESIAN_POINT('',(4178.31984382305,2082.18229941446,196.502));
#9226=CARTESIAN_POINT('',(4178.31984382305,2082.18229941446,-1757.549699631));
#9227=CARTESIAN_POINT('',(4178.31984382305,2917.17871250722,196.502));
#9228=CARTESIAN_POINT('',(5402.75780853667,2917.17871250722,196.502));
#9229=CARTESIAN_POINT('',(5402.75780853667,2917.17871250722,196.502));
#9230=CARTESIAN_POINT('',(5402.75780853667,2917.17871250722,-1757.549699631));
#9231=CARTESIAN_POINT('',(4178.31984382305,2917.17871250722,-1757.549699631));
#9232=CARTESIAN_POINT('',(5402.75780853667,2917.17871250722,-1757.549699631));
#9233=CARTESIAN_POINT('',(5402.75780853667,2917.17871250722,196.502));
#9234=CARTESIAN_POINT('',(5402.75780853667,2082.18229941446,196.502));
#9235=CARTESIAN_POINT('',(5402.75780853667,2082.18229941446,196.502));
#9236=CARTESIAN_POINT('',(5402.75780853667,2082.18229941446,-1757.549699631));
#9237=CARTESIAN_POINT('',(5402.75780853667,2917.17871250722,-1757.549699631));
#9238=CARTESIAN_POINT('',(5402.75780853667,2082.18229941446,-1757.549699631));
#9239=CARTESIAN_POINT('',(5402.75780853667,2082.18229941446,196.502));
#9240=CARTESIAN_POINT('',(4178.31984382305,2082.18229941446,196.502));
#9241=CARTESIAN_POINT('',(5402.75780853667,2082.18229941446,-1757.549699631));
#9242=CARTESIAN_POINT('',(4178.31984382305,2082.18229941446,-1757.549699631));
#9243=CARTESIAN_POINT('',(5402.75780853667,2082.18229941446,196.502));
#9244=CARTESIAN_POINT('',(5402.75780853667,2917.17871250722,196.502));
#9245=CARTESIAN_POINT('',(5982.98857120575,2917.17871250722,196.502));
#9246=CARTESIAN_POINT('',(5982.98857120575,2082.18229941446,196.502));
#9247=CARTESIAN_POINT('',(5402.75780853667,2082.18229941446,196.502));
#9248=CARTESIAN_POINT('',(5402.75780853667,2082.18229941446,-1757.549699631));
#9249=CARTESIAN_POINT('',(5402.75780853667,2082.18229941446,196.502));
#9250=CARTESIAN_POINT('',(5402.75780853667,2917.17871250722,196.502));
#9251=CARTESIAN_POINT('',(5402.75780853667,2917.17871250722,-1757.549699631));
#9252=CARTESIAN_POINT('',(5402.75780853667,2082.18229941446,-1757.549699631));
#9253=CARTESIAN_POINT('',(5982.98857120575,2917.17871250722,196.502));
#9254=CARTESIAN_POINT('',(5982.98857120575,2917.17871250722,-1757.549699631));
#9255=CARTESIAN_POINT('',(5982.98857120575,2082.18229941446,196.502));
#9256=CARTESIAN_POINT('',(5982.98857120575,2082.18229941446,-1757.549699631));
#9257=CARTESIAN_POINT('',(5402.75780853667,2082.18229941446,196.502));
#9258=CARTESIAN_POINT('',(5402.75780853667,2917.17871250722,196.502));
#9259=CARTESIAN_POINT('',(5402.75780853667,2917.17871250722,196.502));
#9260=CARTESIAN_POINT('',(5402.75780853667,2917.17871250722,-1757.549699631));
#9261=CARTESIAN_POINT('',(5402.75780853667,2082.18229941446,-1757.549699631));
#9262=CARTESIAN_POINT('',(5402.75780853667,2917.17871250722,-1757.549699631));
#9263=CARTESIAN_POINT('',(5402.75780853667,2082.18229941446,196.502));
#9264=CARTESIAN_POINT('',(5402.75780853667,2082.18229941446,-1757.549699631));
#9265=CARTESIAN_POINT('',(5402.75780853667,2917.17871250722,196.502));
#9266=CARTESIAN_POINT('',(5982.98857120575,2917.17871250722,196.502));
#9267=CARTESIAN_POINT('',(5982.98857120575,2917.17871250722,196.502));
#9268=CARTESIAN_POINT('',(5982.98857120575,2917.17871250722,-1757.549699631));
#9269=CARTESIAN_POINT('',(5402.75780853667,2917.17871250722,-1757.549699631));
#9270=CARTESIAN_POINT('',(5982.98857120575,2917.17871250722,-1757.549699631));
#9271=CARTESIAN_POINT('',(5982.98857120575,2917.17871250722,196.502));
#9272=CARTESIAN_POINT('',(5982.98857120575,2082.18229941446,196.502));
#9273=CARTESIAN_POINT('',(5982.98857120575,2082.18229941446,196.502));
#9274=CARTESIAN_POINT('',(5982.98857120575,2082.18229941446,-1757.549699631));
#9275=CARTESIAN_POINT('',(5982.98857120575,2917.17871250722,-1757.549699631));
#9276=CARTESIAN_POINT('',(5982.98857120575,2082.18229941446,-1757.549699631));
#9277=CARTESIAN_POINT('',(5982.98857120575,2082.18229941446,196.502));
#9278=CARTESIAN_POINT('',(5402.75780853667,2082.18229941446,196.502));
#9279=CARTESIAN_POINT('',(5982.98857120575,2082.18229941446,-1757.549699631));
#9280=CARTESIAN_POINT('',(5402.75780853667,2082.18229941446,-1757.549699631));
#9281=CARTESIAN_POINT('',(5982.98857120575,2082.18229941446,196.502));
#9282=CARTESIAN_POINT('',(5982.98857120575,2917.17871250722,196.502));
#9283=CARTESIAN_POINT('',(6585.64303594058,2917.17871250722,196.502));
#9284=CARTESIAN_POINT('',(6585.64303594058,2082.18229941446,196.502));
#9285=CARTESIAN_POINT('',(5982.98857120575,2082.18229941446,196.502));
#9286=CARTESIAN_POINT('',(5982.98857120575,2082.18229941446,-1757.549699631));
#9287=CARTESIAN_POINT('',(5982.98857120575,2082.18229941446,196.502));
#9288=CARTESIAN_POINT('',(5982.98857120575,2917.17871250722,196.502));
#9289=CARTESIAN_POINT('',(5982.98857120575,2917.17871250722,-1757.549699631));
#9290=CARTESIAN_POINT('',(5982.98857120575,2082.18229941446,-1757.549699631));
#9291=CARTESIAN_POINT('',(6585.64303594058,2917.17871250722,196.502));
#9292=CARTESIAN_POINT('',(6585.64303594058,2917.17871250722,-1757.549699631));
#9293=CARTESIAN_POINT('',(6585.64303594058,2082.18229941446,196.502));
#9294=CARTESIAN_POINT('',(6585.64303594058,2082.18229941446,-1757.549699631));
#9295=CARTESIAN_POINT('',(5982.98857120575,2082.18229941446,196.502));
#9296=CARTESIAN_POINT('',(5982.98857120575,2917.17871250722,196.502));
#9297=CARTESIAN_POINT('',(5982.98857120575,2917.17871250722,196.502));
#9298=CARTESIAN_POINT('',(5982.98857120575,2917.17871250722,-1757.549699631));
#9299=CARTESIAN_POINT('',(5982.98857120575,2082.18229941446,-1757.549699631));
#9300=CARTESIAN_POINT('',(5982.98857120575,2917.17871250722,-1757.549699631));
#9301=CARTESIAN_POINT('',(5982.98857120575,2082.18229941446,196.502));
#9302=CARTESIAN_POINT('',(5982.98857120575,2082.18229941446,-1757.549699631));
#9303=CARTESIAN_POINT('',(5982.98857120575,2917.17871250722,196.502));
#9304=CARTESIAN_POINT('',(6585.64303594058,2917.17871250722,196.502));
#9305=CARTESIAN_POINT('',(6585.64303594058,2917.17871250722,196.502));
#9306=CARTESIAN_POINT('',(6585.64303594058,2917.17871250722,-1757.549699631));
#9307=CARTESIAN_POINT('',(5982.98857120575,2917.17871250722,-1757.549699631));
#9308=CARTESIAN_POINT('',(6585.64303594058,2917.17871250722,-1757.549699631));
#9309=CARTESIAN_POINT('',(6585.64303594058,2917.17871250722,196.502));
#9310=CARTESIAN_POINT('',(6585.64303594058,2082.18229941446,196.502));
#9311=CARTESIAN_POINT('',(6585.64303594058,2082.18229941446,196.502));
#9312=CARTESIAN_POINT('',(6585.64303594058,2082.18229941446,-1757.549699631));
#9313=CARTESIAN_POINT('',(6585.64303594058,2917.17871250722,-1757.549699631));
#9314=CARTESIAN_POINT('',(6585.64303594058,2082.18229941446,-1757.549699631));
#9315=CARTESIAN_POINT('',(6585.64303594058,2082.18229941446,196.502));
#9316=CARTESIAN_POINT('',(5982.98857120575,2082.18229941446,196.502));
#9317=CARTESIAN_POINT('',(6585.64303594058,2082.18229941446,-1757.549699631));
#9318=CARTESIAN_POINT('',(5982.98857120575,2082.18229941446,-1757.549699631));
#9319=CARTESIAN_POINT('',(6585.64303594058,2082.18229941446,196.502));
#9320=CARTESIAN_POINT('',(6585.64303594058,2917.17871250722,196.502));
#9321=CARTESIAN_POINT('',(7146.54508658861,2917.17871250722,196.502));
#9322=CARTESIAN_POINT('',(7146.54508658861,2082.18229941446,196.502));
#9323=CARTESIAN_POINT('',(6585.64303594058,2082.18229941446,196.502));
#9324=CARTESIAN_POINT('',(6585.64303594058,2082.18229941446,-1757.549699631));
#9325=CARTESIAN_POINT('',(6585.64303594058,2082.18229941446,196.502));
#9326=CARTESIAN_POINT('',(6585.64303594058,2917.17871250722,196.502));
#9327=CARTESIAN_POINT('',(6585.64303594058,2917.17871250722,-1757.549699631));
#9328=CARTESIAN_POINT('',(6585.64303594058,2082.18229941446,-1757.549699631));
#9329=CARTESIAN_POINT('',(7146.54508658861,2917.17871250722,196.502));
#9330=CARTESIAN_POINT('',(7146.54508658861,2917.17871250722,-1757.549699631));
#9331=CARTESIAN_POINT('',(7146.54508658861,2082.18229941446,196.502));
#9332=CARTESIAN_POINT('',(7146.54508658861,2082.18229941446,-1757.549699631));
#9333=CARTESIAN_POINT('',(6585.64303594058,2082.18229941446,196.502));
#9334=CARTESIAN_POINT('',(6585.64303594058,2917.17871250722,196.502));
#9335=CARTESIAN_POINT('',(6585.64303594058,2917.17871250722,196.502));
#9336=CARTESIAN_POINT('',(6585.64303594058,2917.17871250722,-1757.549699631));
#9337=CARTESIAN_POINT('',(6585.64303594058,2082.18229941446,-1757.549699631));
#9338=CARTESIAN_POINT('',(6585.64303594058,2917.17871250722,-1757.549699631));
#9339=CARTESIAN_POINT('',(6585.64303594058,2082.18229941446,196.502));
#9340=CARTESIAN_POINT('',(6585.64303594058,2082.18229941446,-1757.549699631));
#9341=CARTESIAN_POINT('',(6585.64303594058,2917.17871250722,196.502));
#9342=CARTESIAN_POINT('',(7146.54508658861,2917.17871250722,196.502));
#9343=CARTESIAN_POINT('',(7146.54508658861,2917.17871250722,196.502));
#9344=CARTESIAN_POINT('',(7146.54508658861,2917.17871250722,-1757.549699631));
#9345=CARTESIAN_POINT('',(6585.64303594058,2917.17871250722,-1757.549699631));
#9346=CARTESIAN_POINT('',(7146.54508658861,2917.17871250722,-1757.549699631));
#9347=CARTESIAN_POINT('',(7146.54508658861,2917.17871250722,196.502));
#9348=CARTESIAN_POINT('',(7146.54508658861,2082.18229941446,196.502));
#9349=CARTESIAN_POINT('',(7146.54508658861,2082.18229941446,196.502));
#9350=CARTESIAN_POINT('',(7146.54508658861,2082.18229941446,-1757.549699631));
#9351=CARTESIAN_POINT('',(7146.54508658861,2917.17871250722,-1757.549699631));
#9352=CARTESIAN_POINT('',(7146.54508658861,2082.18229941446,-1757.549699631));
#9353=CARTESIAN_POINT('',(7146.54508658861,2082.18229941446,196.502));
#9354=CARTESIAN_POINT('',(6585.64303594058,2082.18229941446,196.502));
#9355=CARTESIAN_POINT('',(7146.54508658861,2082.18229941446,-1757.549699631));
#9356=CARTESIAN_POINT('',(6585.64303594058,2082.18229941446,-1757.549699631));
#9357=CARTESIAN_POINT('',(7146.54508658861,2082.18229941446,196.502));
#9358=CARTESIAN_POINT('',(7146.54508658861,2917.17871250722,196.502));
#9359=CARTESIAN_POINT('',(7719.19811556762,2917.17871250722,196.502));
#9360=CARTESIAN_POINT('',(7719.19811556762,2082.18229941446,196.502));
#9361=CARTESIAN_POINT('',(7146.54508658861,2082.18229941446,196.502));
#9362=CARTESIAN_POINT('',(7146.54508658861,2082.18229941446,-1757.549699631));
#9363=CARTESIAN_POINT('',(7146.54508658861,2082.18229941446,196.502));
#9364=CARTESIAN_POINT('',(7146.54508658861,2917.17871250722,196.502));
#9365=CARTESIAN_POINT('',(7146.54508658861,2917.17871250722,-1757.549699631));
#9366=CARTESIAN_POINT('',(7146.54508658861,2082.18229941446,-1757.549699631));
#9367=CARTESIAN_POINT('',(7719.19811556762,2917.17871250722,196.502));
#9368=CARTESIAN_POINT('',(7719.19811556762,2917.17871250722,-1757.549699631));
#9369=CARTESIAN_POINT('',(7719.19811556762,2082.18229941446,196.502));
#9370=CARTESIAN_POINT('',(7719.19811556762,2082.18229941446,-1757.549699631));
#9371=CARTESIAN_POINT('',(7146.54508658861,2082.18229941446,196.502));
#9372=CARTESIAN_POINT('',(7146.54508658861,2917.17871250722,196.502));
#9373=CARTESIAN_POINT('',(7146.54508658861,2917.17871250722,196.502));
#9374=CARTESIAN_POINT('',(7146.54508658861,2917.17871250722,-1757.549699631));
#9375=CARTESIAN_POINT('',(7146.54508658861,2082.18229941446,-1757.549699631));
#9376=CARTESIAN_POINT('',(7146.54508658861,2917.17871250722,-1757.549699631));
#9377=CARTESIAN_POINT('',(7146.54508658861,2082.18229941446,196.502));
#9378=CARTESIAN_POINT('',(7146.54508658861,2082.18229941446,-1757.549699631));
#9379=CARTESIAN_POINT('',(7146.54508658861,2917.17871250722,196.502));
#9380=CARTESIAN_POINT('',(7719.19811556762,2917.17871250722,196.502));
#9381=CARTESIAN_POINT('',(7719.19811556762,2917.17871250722,196.502));
#9382=CARTESIAN_POINT('',(7719.19811556762,2917.17871250722,-1757.549699631));
#9383=CARTESIAN_POINT('',(7146.54508658861,2917.17871250722,-1757.549699631));
#9384=CARTESIAN_POINT('',(7719.19811556762,2917.17871250722,-1757.549699631));
#9385=CARTESIAN_POINT('',(7719.19811556762,2917.17871250722,196.502));
#9386=CARTESIAN_POINT('',(7719.19811556762,2082.18229941446,196.502));
#9387=CARTESIAN_POINT('',(7719.19811556762,2082.18229941446,196.502));
#9388=CARTESIAN_POINT('',(7719.19811556762,2082.18229941446,-1757.549699631));
#9389=CARTESIAN_POINT('',(7719.19811556762,2917.17871250722,-1757.549699631));
#9390=CARTESIAN_POINT('',(7719.19811556762,2082.18229941446,-1757.549699631));
#9391=CARTESIAN_POINT('',(7719.19811556762,2082.18229941446,196.502));
#9392=CARTESIAN_POINT('',(7146.54508658861,2082.18229941446,196.502));
#9393=CARTESIAN_POINT('',(7719.19811556762,2082.18229941446,-1757.549699631));
#9394=CARTESIAN_POINT('',(7146.54508658861,2082.18229941446,-1757.549699631));
#9395=CARTESIAN_POINT('',(7719.19811556762,2082.18229941446,196.502));
#9396=CARTESIAN_POINT('',(7719.19811556762,2917.17871250722,196.502));
#9397=CARTESIAN_POINT('',(8317.26001442968,2917.17871250722,196.502));
#9398=CARTESIAN_POINT('',(8317.26001442968,2082.18229941446,196.502));
#9399=CARTESIAN_POINT('',(7719.19811556762,2082.18229941446,196.502));
#9400=CARTESIAN_POINT('',(7719.19811556762,2082.18229941446,-1757.549699631));
#9401=CARTESIAN_POINT('',(7719.19811556762,2082.18229941446,196.502));
#9402=CARTESIAN_POINT('',(7719.19811556762,2917.17871250722,196.502));
#9403=CARTESIAN_POINT('',(7719.19811556762,2917.17871250722,-1757.549699631));
#9404=CARTESIAN_POINT('',(7719.19811556762,2082.18229941446,-1757.549699631));
#9405=CARTESIAN_POINT('',(8317.26001442968,2917.17871250722,196.502));
#9406=CARTESIAN_POINT('',(8317.26001442968,2917.17871250722,-1757.549699631));
#9407=CARTESIAN_POINT('',(8317.26001442968,2082.18229941446,196.502));
#9408=CARTESIAN_POINT('',(8317.26001442968,2082.18229941446,-1757.549699631));
#9409=CARTESIAN_POINT('',(7719.19811556762,2082.18229941446,196.502));
#9410=CARTESIAN_POINT('',(7719.19811556762,2917.17871250722,196.502));
#9411=CARTESIAN_POINT('',(7719.19811556762,2917.17871250722,196.502));
#9412=CARTESIAN_POINT('',(7719.19811556762,2917.17871250722,-1757.549699631));
#9413=CARTESIAN_POINT('',(7719.19811556762,2082.18229941446,-1757.549699631));
#9414=CARTESIAN_POINT('',(7719.19811556762,2917.17871250722,-1757.549699631));
#9415=CARTESIAN_POINT('',(7719.19811556762,2082.18229941446,196.502));
#9416=CARTESIAN_POINT('',(7719.19811556762,2082.18229941446,-1757.549699631));
#9417=CARTESIAN_POINT('',(7719.19811556762,2917.17871250722,196.502));
#9418=CARTESIAN_POINT('',(8317.26001442968,2917.17871250722,196.502));
#9419=CARTESIAN_POINT('',(8317.26001442968,2917.17871250722,196.502));
#9420=CARTESIAN_POINT('',(8317.26001442968,2917.17871250722,-1757.549699631));
#9421=CARTESIAN_POINT('',(7719.19811556762,2917.17871250722,-1757.549699631));
#9422=CARTESIAN_POINT('',(8317.26001442968,2917.17871250722,-1757.549699631));
#9423=CARTESIAN_POINT('',(8317.26001442968,2917.17871250722,196.502));
#9424=CARTESIAN_POINT('',(8317.26001442968,2082.18229941446,196.502));
#9425=CARTESIAN_POINT('',(8317.26001442968,2082.18229941446,196.502));
#9426=CARTESIAN_POINT('',(8317.26001442968,2082.18229941446,-1757.549699631));
#9427=CARTESIAN_POINT('',(8317.26001442968,2917.17871250722,-1757.549699631));
#9428=CARTESIAN_POINT('',(8317.26001442968,2082.18229941446,-1757.549699631));
#9429=CARTESIAN_POINT('',(8317.26001442968,2082.18229941446,196.502));
#9430=CARTESIAN_POINT('',(7719.19811556762,2082.18229941446,196.502));
#9431=CARTESIAN_POINT('',(8317.26001442968,2082.18229941446,-1757.549699631));
#9432=CARTESIAN_POINT('',(7719.19811556762,2082.18229941446,-1757.549699631));
#9433=CARTESIAN_POINT('',(8317.26001442968,2082.18229941446,196.502));
#9434=CARTESIAN_POINT('',(8317.26001442968,2917.17871250722,196.502));
#9435=CARTESIAN_POINT('',(8909.18185239662,2917.17871250722,196.502));
#9436=CARTESIAN_POINT('',(8909.18185239662,2082.18229941446,196.502));
#9437=CARTESIAN_POINT('',(8317.26001442968,2082.18229941446,196.502));
#9438=CARTESIAN_POINT('',(8317.26001442968,2082.18229941446,-1757.549699631));
#9439=CARTESIAN_POINT('',(8317.26001442968,2082.18229941446,196.502));
#9440=CARTESIAN_POINT('',(8317.26001442968,2917.17871250722,196.502));
#9441=CARTESIAN_POINT('',(8317.26001442968,2917.17871250722,-1757.549699631));
#9442=CARTESIAN_POINT('',(8317.26001442968,2082.18229941446,-1757.549699631));
#9443=CARTESIAN_POINT('',(8909.18185239662,2917.17871250722,196.502));
#9444=CARTESIAN_POINT('',(8909.18185239662,2917.17871250722,-1757.549699631));
#9445=CARTESIAN_POINT('',(8909.18185239662,2082.18229941446,196.502));
#9446=CARTESIAN_POINT('',(8909.18185239662,2082.18229941446,-1757.549699631));
#9447=CARTESIAN_POINT('',(8317.26001442968,2082.18229941446,196.502));
#9448=CARTESIAN_POINT('',(8317.26001442968,2917.17871250722,196.502));
#9449=CARTESIAN_POINT('',(8317.26001442968,2917.17871250722,196.502));
#9450=CARTESIAN_POINT('',(8317.26001442968,2917.17871250722,-1757.549699631));
#9451=CARTESIAN_POINT('',(8317.26001442968,2082.18229941446,-1757.549699631));
#9452=CARTESIAN_POINT('',(8317.26001442968,2917.17871250722,-1757.549699631));
#9453=CARTESIAN_POINT('',(8317.26001442968,2082.18229941446,196.502));
#9454=CARTESIAN_POINT('',(8317.26001442968,2082.18229941446,-1757.549699631));
#9455=CARTESIAN_POINT('',(8317.26001442968,2917.17871250722,196.502));
#9456=CARTESIAN_POINT('',(8909.18185239662,2917.17871250722,196.502));
#9457=CARTESIAN_POINT('',(8909.18185239662,2917.17871250722,196.502));
#9458=CARTESIAN_POINT('',(8909.18185239662,2917.17871250722,-1757.549699631));
#9459=CARTESIAN_POINT('',(8317.26001442968,2917.17871250722,-1757.549699631));
#9460=CARTESIAN_POINT('',(8909.18185239662,2917.17871250722,-1757.549699631));
#9461=CARTESIAN_POINT('',(8909.18185239662,2917.17871250722,196.502));
#9462=CARTESIAN_POINT('',(8909.18185239662,2082.18229941446,196.502));
#9463=CARTESIAN_POINT('',(8909.18185239662,2082.18229941446,196.502));
#9464=CARTESIAN_POINT('',(8909.18185239662,2082.18229941446,-1757.549699631));
#9465=CARTESIAN_POINT('',(8909.18185239662,2917.17871250722,-1757.549699631));
#9466=CARTESIAN_POINT('',(8909.18185239662,2082.18229941446,-1757.549699631));
#9467=CARTESIAN_POINT('',(8909.18185239662,2082.18229941446,196.502));
#9468=CARTESIAN_POINT('',(8317.26001442968,2082.18229941446,196.502));
#9469=CARTESIAN_POINT('',(8909.18185239662,2082.18229941446,-1757.549699631));
#9470=CARTESIAN_POINT('',(8317.26001442968,2082.18229941446,-1757.549699631));
#9471=CARTESIAN_POINT('',(8909.18185239661,2082.18229941446,196.502));
#9472=CARTESIAN_POINT('',(8909.18185239661,2917.17871250722,196.502));
#9473=CARTESIAN_POINT('',(9501.91238131071,2917.17871250722,196.502));
#9474=CARTESIAN_POINT('',(9501.91238131071,2082.18229941446,196.502));
#9475=CARTESIAN_POINT('',(8909.18185239661,2082.18229941446,196.502));
#9476=CARTESIAN_POINT('',(8909.18185239661,2082.18229941446,-1757.549699631));
#9477=CARTESIAN_POINT('',(8909.18185239661,2082.18229941446,196.502));
#9478=CARTESIAN_POINT('',(8909.18185239661,2917.17871250722,196.502));
#9479=CARTESIAN_POINT('',(8909.18185239661,2917.17871250722,-1757.549699631));
#9480=CARTESIAN_POINT('',(8909.18185239661,2082.18229941446,-1757.549699631));
#9481=CARTESIAN_POINT('',(9501.91238131071,2917.17871250722,196.502));
#9482=CARTESIAN_POINT('',(9501.91238131071,2917.17871250722,-1757.549699631));
#9483=CARTESIAN_POINT('',(9501.91238131071,2082.18229941446,196.502));
#9484=CARTESIAN_POINT('',(9501.91238131071,2082.18229941446,-1757.549699631));
#9485=CARTESIAN_POINT('',(8909.18185239661,2082.18229941446,196.502));
#9486=CARTESIAN_POINT('',(8909.18185239661,2917.17871250722,196.502));
#9487=CARTESIAN_POINT('',(8909.18185239661,2917.17871250722,196.502));
#9488=CARTESIAN_POINT('',(8909.18185239661,2917.17871250722,-1757.549699631));
#9489=CARTESIAN_POINT('',(8909.18185239661,2082.18229941446,-1757.549699631));
#9490=CARTESIAN_POINT('',(8909.18185239661,2917.17871250722,-1757.549699631));
#9491=CARTESIAN_POINT('',(8909.18185239661,2082.18229941446,196.502));
#9492=CARTESIAN_POINT('',(8909.18185239661,2082.18229941446,-1757.549699631));
#9493=CARTESIAN_POINT('',(8909.18185239661,2917.17871250722,196.502));
#9494=CARTESIAN_POINT('',(9501.91238131071,2917.17871250722,196.502));
#9495=CARTESIAN_POINT('',(9501.91238131071,2917.17871250722,196.502));
#9496=CARTESIAN_POINT('',(9501.91238131071,2917.17871250722,-1757.549699631));
#9497=CARTESIAN_POINT('',(8909.18185239661,2917.17871250722,-1757.549699631));
#9498=CARTESIAN_POINT('',(9501.91238131071,2917.17871250722,-1757.549699631));
#9499=CARTESIAN_POINT('',(9501.91238131071,2917.17871250722,196.502));
#9500=CARTESIAN_POINT('',(9501.91238131071,2082.18229941446,196.502));
#9501=CARTESIAN_POINT('',(9501.91238131071,2082.18229941446,196.502));
#9502=CARTESIAN_POINT('',(9501.91238131071,2082.18229941446,-1757.549699631));
#9503=CARTESIAN_POINT('',(9501.91238131071,2917.17871250722,-1757.549699631));
#9504=CARTESIAN_POINT('',(9501.91238131071,2082.18229941446,-1757.549699631));
#9505=CARTESIAN_POINT('',(9501.91238131071,2082.18229941446,196.502));
#9506=CARTESIAN_POINT('',(8909.18185239661,2082.18229941446,196.502));
#9507=CARTESIAN_POINT('',(9501.91238131071,2082.18229941446,-1757.549699631));
#9508=CARTESIAN_POINT('',(8909.18185239661,2082.18229941446,-1757.549699631));
#9509=CARTESIAN_POINT('',(9501.91238131072,2082.18229941446,196.502));
#9510=CARTESIAN_POINT('',(9501.91238131072,2917.17871250722,196.502));
#9511=CARTESIAN_POINT('',(10089.7707968641,2917.17871250722,196.502));
#9512=CARTESIAN_POINT('',(10089.7707968641,2082.18229941446,196.502));
#9513=CARTESIAN_POINT('',(9501.91238131072,2082.18229941446,196.502));
#9514=CARTESIAN_POINT('',(9501.91238131072,2082.18229941446,-1757.549699631));
#9515=CARTESIAN_POINT('',(9501.91238131072,2082.18229941446,196.502));
#9516=CARTESIAN_POINT('',(9501.91238131072,2917.17871250722,196.502));
#9517=CARTESIAN_POINT('',(9501.91238131072,2917.17871250722,-1757.549699631));
#9518=CARTESIAN_POINT('',(9501.91238131072,2082.18229941446,-1757.549699631));
#9519=CARTESIAN_POINT('',(10089.7707968641,2917.17871250722,196.502));
#9520=CARTESIAN_POINT('',(10089.7707968641,2917.17871250722,-1757.549699631));
#9521=CARTESIAN_POINT('',(10089.7707968641,2082.18229941446,196.502));
#9522=CARTESIAN_POINT('',(10089.7707968641,2082.18229941446,-1757.549699631));
#9523=CARTESIAN_POINT('',(9501.91238131072,2082.18229941446,196.502));
#9524=CARTESIAN_POINT('',(9501.91238131072,2917.17871250722,196.502));
#9525=CARTESIAN_POINT('',(9501.91238131072,2917.17871250722,196.502));
#9526=CARTESIAN_POINT('',(9501.91238131072,2917.17871250722,-1757.549699631));
#9527=CARTESIAN_POINT('',(9501.91238131072,2082.18229941446,-1757.549699631));
#9528=CARTESIAN_POINT('',(9501.91238131072,2917.17871250722,-1757.549699631));
#9529=CARTESIAN_POINT('',(9501.91238131072,2082.18229941446,196.502));
#9530=CARTESIAN_POINT('',(9501.91238131072,2082.18229941446,-1757.549699631));
#9531=CARTESIAN_POINT('',(9501.91238131072,2917.17871250722,196.502));
#9532=CARTESIAN_POINT('',(10089.7707968641,2917.17871250722,196.502));
#9533=CARTESIAN_POINT('',(10089.7707968641,2917.17871250722,196.502));
#9534=CARTESIAN_POINT('',(10089.7707968641,2917.17871250722,-1757.549699631));
#9535=CARTESIAN_POINT('',(9501.91238131072,2917.17871250722,-1757.549699631));
#9536=CARTESIAN_POINT('',(10089.7707968641,2917.17871250722,-1757.549699631));
#9537=CARTESIAN_POINT('',(10089.7707968641,2917.17871250722,196.502));
#9538=CARTESIAN_POINT('',(10089.7707968641,2082.18229941446,196.502));
#9539=CARTESIAN_POINT('',(10089.7707968641,2082.18229941446,196.502));
#9540=CARTESIAN_POINT('',(10089.7707968641,2082.18229941446,-1757.549699631));
#9541=CARTESIAN_POINT('',(10089.7707968641,2917.17871250722,-1757.549699631));
#9542=CARTESIAN_POINT('',(10089.7707968641,2082.18229941446,-1757.549699631));
#9543=CARTESIAN_POINT('',(10089.7707968641,2082.18229941446,196.502));
#9544=CARTESIAN_POINT('',(9501.91238131072,2082.18229941446,196.502));
#9545=CARTESIAN_POINT('',(10089.7707968641,2082.18229941446,-1757.549699631));
#9546=CARTESIAN_POINT('',(9501.91238131072,2082.18229941446,-1757.549699631));
#9547=CARTESIAN_POINT('',(10089.7707968641,2082.18229941446,196.502));
#9548=CARTESIAN_POINT('',(10089.7707968641,2917.17871250722,196.502));
#9549=CARTESIAN_POINT('',(10672.8469536066,2917.17871250722,196.502));
#9550=CARTESIAN_POINT('',(10672.8469536066,2082.18229941446,196.502));
#9551=CARTESIAN_POINT('',(10089.7707968641,2082.18229941446,196.502));
#9552=CARTESIAN_POINT('',(10089.7707968641,2082.18229941446,-1757.549699631));
#9553=CARTESIAN_POINT('',(10089.7707968641,2082.18229941446,196.502));
#9554=CARTESIAN_POINT('',(10089.7707968641,2917.17871250722,196.502));
#9555=CARTESIAN_POINT('',(10089.7707968641,2917.17871250722,-1757.549699631));
#9556=CARTESIAN_POINT('',(10089.7707968641,2082.18229941446,-1757.549699631));
#9557=CARTESIAN_POINT('',(10672.8469536066,2917.17871250722,196.502));
#9558=CARTESIAN_POINT('',(10672.8469536066,2917.17871250722,-1757.549699631));
#9559=CARTESIAN_POINT('',(10672.8469536066,2082.18229941446,196.502));
#9560=CARTESIAN_POINT('',(10672.8469536066,2082.18229941446,-1757.549699631));
#9561=CARTESIAN_POINT('',(10089.7707968641,2082.18229941446,196.502));
#9562=CARTESIAN_POINT('',(10089.7707968641,2917.17871250722,196.502));
#9563=CARTESIAN_POINT('',(10089.7707968641,2917.17871250722,196.502));
#9564=CARTESIAN_POINT('',(10089.7707968641,2917.17871250722,-1757.549699631));
#9565=CARTESIAN_POINT('',(10089.7707968641,2082.18229941446,-1757.549699631));
#9566=CARTESIAN_POINT('',(10089.7707968641,2917.17871250722,-1757.549699631));
#9567=CARTESIAN_POINT('',(10089.7707968641,2082.18229941446,196.502));
#9568=CARTESIAN_POINT('',(10089.7707968641,2082.18229941446,-1757.549699631));
#9569=CARTESIAN_POINT('',(10089.7707968641,2917.17871250722,196.502));
#9570=CARTESIAN_POINT('',(10672.8469536066,2917.17871250722,196.502));
#9571=CARTESIAN_POINT('',(10672.8469536066,2917.17871250722,196.502));
#9572=CARTESIAN_POINT('',(10672.8469536066,2917.17871250722,-1757.549699631));
#9573=CARTESIAN_POINT('',(10089.7707968641,2917.17871250722,-1757.549699631));
#9574=CARTESIAN_POINT('',(10672.8469536066,2917.17871250722,-1757.549699631));
#9575=CARTESIAN_POINT('',(10672.8469536066,2917.17871250722,196.502));
#9576=CARTESIAN_POINT('',(10672.8469536066,2082.18229941446,196.502));
#9577=CARTESIAN_POINT('',(10672.8469536066,2082.18229941446,196.502));
#9578=CARTESIAN_POINT('',(10672.8469536066,2082.18229941446,-1757.549699631));
#9579=CARTESIAN_POINT('',(10672.8469536066,2917.17871250722,-1757.549699631));
#9580=CARTESIAN_POINT('',(10672.8469536066,2082.18229941446,-1757.549699631));
#9581=CARTESIAN_POINT('',(10672.8469536066,2082.18229941446,196.502));
#9582=CARTESIAN_POINT('',(10089.7707968641,2082.18229941446,196.502));
#9583=CARTESIAN_POINT('',(10672.8469536066,2082.18229941446,-1757.549699631));
#9584=CARTESIAN_POINT('',(10089.7707968641,2082.18229941446,-1757.549699631));
#9585=CARTESIAN_POINT('',(5632.30451546519,732.854329035402,196.502));
#9586=CARTESIAN_POINT('',(5632.30451546519,1909.18310620695,196.502));
#9587=CARTESIAN_POINT('',(5582.30451546519,1909.18310620695,196.502));
#9588=CARTESIAN_POINT('',(5582.30451546519,1805.3902994757,196.502));
#9589=CARTESIAN_POINT('',(4611.41451546519,1805.3902994757,196.502));
#9590=CARTESIAN_POINT('',(4611.41451546518,1140.38426384241,196.502));
#9591=CARTESIAN_POINT('',(3339.15451546519,1140.38426384241,196.502));
#9592=CARTESIAN_POINT('',(3339.15451546519,1901.17085488708,196.502));
#9593=CARTESIAN_POINT('',(3289.15451546519,1901.17085488708,196.502));
#9594=CARTESIAN_POINT('',(3289.15451546518,-430.862264366624,196.502));
#9595=CARTESIAN_POINT('',(2216.46851546519,-430.862264366624,196.502));
#9596=CARTESIAN_POINT('',(2216.46851546519,2081.28328615878,196.502));
#9597=CARTESIAN_POINT('',(3289.15451546519,2081.28328615878,196.502));
#9598=CARTESIAN_POINT('',(3289.15451546519,2009.85227284092,196.502));
#9599=CARTESIAN_POINT('',(3339.15451546519,2009.85227284092,196.502));
#9600=CARTESIAN_POINT('',(3339.15451546519,2081.28328615878,196.502));
#9601=CARTESIAN_POINT('',(5582.30451546519,2081.28328615878,196.502));
#9602=CARTESIAN_POINT('',(5582.3045154652,2001.88196269699,196.502));
#9603=CARTESIAN_POINT('',(5632.30451546519,2001.881962697,196.502));
#9604=CARTESIAN_POINT('',(5632.3045154652,2081.28328615878,196.502));
#9605=CARTESIAN_POINT('',(9566.02451546519,2081.28328615878,196.502));
#9606=CARTESIAN_POINT('',(9566.0245154652,1999.65954074816,196.502));
#9607=CARTESIAN_POINT('',(9616.02451546519,1999.65954074816,196.502));
#9608=CARTESIAN_POINT('',(9616.02451546519,2081.28328615878,196.502));
#9609=CARTESIAN_POINT('',(10668.9345154652,2081.28328615878,196.502));
#9610=CARTESIAN_POINT('',(10668.9345154652,-430.862264366624,196.502));
#9611=CARTESIAN_POINT('',(9616.02451546519,-430.862264366624,196.502));
#9612=CARTESIAN_POINT('',(9616.02451546519,1913.35370884364,196.502));
#9613=CARTESIAN_POINT('',(9566.02451546519,1913.35370884364,196.502));
#9614=CARTESIAN_POINT('',(9566.02451546519,1805.3902994757,196.502));
#9615=CARTESIAN_POINT('',(8853.18451546519,1805.3902994757,196.502));
#9616=CARTESIAN_POINT('',(8853.18451546519,732.854329035402,196.502));
#9617=CARTESIAN_POINT('',(8853.18453982487,-556.99848759254,196.502));
#9618=CARTESIAN_POINT('',(7242.74452764503,-556.998499772383,196.502));
#9619=CARTESIAN_POINT('',(5632.30451546519,-556.998511952225,196.502));
#9620=CARTESIAN_POINT('',(5632.30451546519,732.8543290354,196.502));
#9621=CARTESIAN_POINT('',(8853.18451546519,732.854329035402,-1760.1987177874));
#9622=CARTESIAN_POINT('',(8853.18453982487,-556.99848759254,-1760.1987177874));
#9623=CARTESIAN_POINT('',(7242.74452764503,-556.998499772383,-1760.1987177874));
#9624=CARTESIAN_POINT('',(5632.30451546519,-556.998511952225,-1760.1987177874));
#9625=CARTESIAN_POINT('',(5632.30451546519,732.8543290354,-1760.1987177874));
#9626=CARTESIAN_POINT('',(5631.30451546519,732.854329035401,196.502));
#9627=CARTESIAN_POINT('',(5632.30451546519,1908.18310620695,196.502));
#9628=CARTESIAN_POINT('',(5583.30451546519,1909.18310620695,196.502));
#9629=CARTESIAN_POINT('',(5582.30451546519,1804.3902994757,196.502));
#9630=CARTESIAN_POINT('',(4612.41451546519,1805.3902994757,196.502));
#9631=CARTESIAN_POINT('',(4611.41451546518,1139.38426384241,196.502));
#9632=CARTESIAN_POINT('',(3338.15451546519,1140.38426384241,196.502));
#9633=CARTESIAN_POINT('',(3339.15451546519,1900.17085488708,196.502));
#9634=CARTESIAN_POINT('',(3290.15451546519,1901.17085488708,196.502));
#9635=CARTESIAN_POINT('',(3289.15451546518,-431.862264366624,196.502));
#9636=CARTESIAN_POINT('',(2215.46851546519,-430.862264366624,196.502));
#9637=CARTESIAN_POINT('',(2216.46851546519,2082.28328615878,196.502));
#9638=CARTESIAN_POINT('',(3290.15451546519,2081.28328615878,196.502));
#9639=CARTESIAN_POINT('',(3289.15451546519,2010.85227284092,196.502));
#9640=CARTESIAN_POINT('',(3338.15451546519,2009.85227284092,196.502));
#9641=CARTESIAN_POINT('',(3339.15451546519,2082.28328615878,196.502));
#9642=CARTESIAN_POINT('',(5583.30451546519,2081.28328615878,196.502));
#9643=CARTESIAN_POINT('',(5582.3045154652,2002.88196269699,196.502));
#9644=CARTESIAN_POINT('',(5631.30451546519,2001.881962697,196.502));
#9645=CARTESIAN_POINT('',(5632.3045154652,2082.28328615878,196.502));
#9646=CARTESIAN_POINT('',(9567.02451546519,2081.28328615878,196.502));
#9647=CARTESIAN_POINT('',(9566.0245154652,2000.65954074816,196.502));
#9648=CARTESIAN_POINT('',(9615.02451546519,1999.65954074816,196.502));
#9649=CARTESIAN_POINT('',(9616.02451546519,2082.28328615878,196.502));
#9650=CARTESIAN_POINT('',(10669.9345154652,2081.28328615878,196.502));
#9651=CARTESIAN_POINT('',(10668.9345154652,-431.862264366624,196.502));
#9652=CARTESIAN_POINT('',(9615.02451546519,-430.862264366624,196.502));
#9653=CARTESIAN_POINT('',(9616.02451546519,1912.35370884364,196.502));
#9654=CARTESIAN_POINT('',(9567.02451546519,1913.35370884364,196.502));
#9655=CARTESIAN_POINT('',(9566.02451546519,1804.3902994757,196.502));
#9656=CARTESIAN_POINT('',(8854.18451546519,1805.3902994757,196.502));
#9657=CARTESIAN_POINT('',(8854.18451546519,732.854329054287,196.502));
#9658=CARTESIAN_POINT('',(8854.18451546519,732.854329054287,-1760.1987177874));
#9659=CARTESIAN_POINT('',(8854.18506931425,572.887350217232,196.502));
#9660=CARTESIAN_POINT('',(8854.18506931425,572.887350217232,-1760.1987177874));
#9661=CARTESIAN_POINT('',(8797.97616154117,327.081642524083,196.502));
#9662=CARTESIAN_POINT('',(8797.97616154117,327.081642524083,-1760.1987177874));
#9663=CARTESIAN_POINT('',(8600.27923665744,20.6516491501573,196.502));
#9664=CARTESIAN_POINT('',(8600.27923665745,20.6516491501573,-1760.1987177874));
#9665=CARTESIAN_POINT('',(8319.29117195669,-256.599188837189,196.502));
#9666=CARTESIAN_POINT('',(8319.29117195669,-256.599188837189,-1760.1987177874));
#9667=CARTESIAN_POINT('',(7859.9142727957,-496.755082935724,196.502));
#9668=CARTESIAN_POINT('',(7859.9142727957,-496.755082935724,-1760.1987177874));
#9669=CARTESIAN_POINT('',(7442.37629377198,-557.998308515448,196.502));
#9670=CARTESIAN_POINT('',(7442.37629377198,-557.998308515448,-1760.1987177874));
#9671=CARTESIAN_POINT('',(7242.7445276526,-557.998499772383,196.502));
#9672=CARTESIAN_POINT('',(7242.7445276526,-557.998499772383,-1760.1987177874));
#9673=CARTESIAN_POINT('',(7043.11276153135,-557.998311535103,196.502));
#9674=CARTESIAN_POINT('',(7043.11276153135,-557.998311535103,-1760.1987177874));
#9675=CARTESIAN_POINT('',(6625.57478134736,-496.75509111384,196.502));
#9676=CARTESIAN_POINT('',(6625.57478134736,-496.75509111384,-1760.1987177874));
#9677=CARTESIAN_POINT('',(6166.19787765008,-256.599199427385,196.502));
#9678=CARTESIAN_POINT('',(6166.19787765008,-256.599199427385,-1760.1987177874));
#9679=CARTESIAN_POINT('',(5885.20980771632,20.6516395431016,196.502));
#9680=CARTESIAN_POINT('',(5885.20980771632,20.6516395431016,-1760.1987177874));
#9681=CARTESIAN_POINT('',(5687.51287705,327.08163570733,196.502));
#9682=CARTESIAN_POINT('',(5687.51287705,327.08163570733,-1760.1987177874));
#9683=CARTESIAN_POINT('',(5631.30396463728,572.887347183158,196.502));
#9684=CARTESIAN_POINT('',(5631.30396463728,572.887347183158,-1760.1987177874));
#9685=CARTESIAN_POINT('',(5631.30451546519,732.854329035401,196.502));
#9686=CARTESIAN_POINT('',(5631.30451546519,732.854329035401,-1760.1987177874));
#9687=CARTESIAN_POINT('',(5582.30451546518,1805.3902994757,-781.848358893573));
#9688=CARTESIAN_POINT('',(4611.41451546519,1140.38426384241,-781.848358894199));
#9689=CARTESIAN_POINT('',(3339.15451546519,1140.38426384241,-781.848358893573));
#9690=CARTESIAN_POINT('',(3289.15451546519,-430.862264366623,-781.848358893448));
#9691=CARTESIAN_POINT('',(2216.46851546519,-430.862264366624,-781.848358893652));
#9692=CARTESIAN_POINT('',(2216.46851546519,2081.28328615877,-781.848358893698));
#9693=CARTESIAN_POINT('',(3289.15451546519,2081.28328615878,-781.848358893698));
#9694=CARTESIAN_POINT('',(3339.15451546519,2081.28328615877,-781.848358893698));
#9695=CARTESIAN_POINT('',(5582.30451546519,2081.28328615878,-781.848358893698));
#9696=CARTESIAN_POINT('',(5632.30451546519,2081.28328615877,-781.848358894198));
#9697=CARTESIAN_POINT('',(9566.02451546519,2081.28328615877,-781.848358894199));
#9698=CARTESIAN_POINT('',(9616.02451546519,2081.28328615878,-781.848358893448));
#9699=CARTESIAN_POINT('',(10668.9345154652,2081.28328615878,-781.848358893698));
#9700=CARTESIAN_POINT('',(10668.9345154652,-430.862264366627,-781.848358893182));
#9701=CARTESIAN_POINT('',(9616.02451546519,-430.862264366624,-781.848358893698));
#9702=CARTESIAN_POINT('',(9566.02451546519,1805.3902994757,-781.848358893823));
#9703=CARTESIAN_POINT('',(8853.18451546519,732.854329035402,196.502));
#9704=CARTESIAN_POINT('',(8854.18451546519,732.854329044845,196.502));
#9705=CARTESIAN_POINT('',(8853.18451848334,573.04241288988,196.502));
#9706=CARTESIAN_POINT('',(8854.18506931425,572.887350217232,196.502));
#9707=CARTESIAN_POINT('',(8797.03356444933,327.472386905225,196.502));
#9708=CARTESIAN_POINT('',(8797.97616154117,327.081642524083,196.502));
#9709=CARTESIAN_POINT('',(8599.50097648683,21.2923148775386,196.502));
#9710=CARTESIAN_POINT('',(8600.27923665745,20.6516491501573,196.502));
#9711=CARTESIAN_POINT('',(8318.71585754899,-255.761918355479,196.502));
#9712=CARTESIAN_POINT('',(8319.29117195669,-256.599188837189,196.502));
#9713=CARTESIAN_POINT('',(7859.60792585394,-495.784092980773,196.502));
#9714=CARTESIAN_POINT('',(7859.9142727957,-496.755082935724,196.502));
#9715=CARTESIAN_POINT('',(7442.27698659388,-556.998498263308,196.502));
#9716=CARTESIAN_POINT('',(7442.37629377198,-557.998308515448,196.502));
#9717=CARTESIAN_POINT('',(7242.74452764503,-556.998499772383,196.502));
#9718=CARTESIAN_POINT('',(7242.7445276526,-557.998499772383,196.502));
#9719=CARTESIAN_POINT('',(7043.21206869618,-556.998501281457,196.502));
#9720=CARTESIAN_POINT('',(7043.11276153135,-557.998311535103,196.502));
#9721=CARTESIAN_POINT('',(6625.88112828005,-495.784101155441,196.502));
#9722=CARTESIAN_POINT('',(6625.57478134736,-496.75509111384,196.502));
#9723=CARTESIAN_POINT('',(6166.77319205203,-255.761928941692,196.502));
#9724=CARTESIAN_POINT('',(6166.19787765008,-256.599199427385,196.502));
#9725=CARTESIAN_POINT('',(5885.98806788185,21.2923052764844,196.502));
#9726=CARTESIAN_POINT('',(5885.20980771632,20.6516395431016,196.502));
#9727=CARTESIAN_POINT('',(5688.45547413695,327.472380098676,196.502));
#9728=CARTESIAN_POINT('',(5687.51287705,327.081635707329,196.502));
#9729=CARTESIAN_POINT('',(5632.30451546519,573.042409871731,196.502));
#9730=CARTESIAN_POINT('',(5631.30396463728,572.887347183158,196.502));
#9731=CARTESIAN_POINT('',(5632.30451546519,732.854329035402,196.502));
#9732=CARTESIAN_POINT('',(5631.30451546519,732.854329035401,196.502));
#9733=CARTESIAN_POINT('',(5632.30451546519,732.854329035402,196.502));
#9734=CARTESIAN_POINT('',(5631.30451546519,1909.18310620695,196.502));
#9735=CARTESIAN_POINT('',(5582.30451546519,1908.18310620695,196.502));
#9736=CARTESIAN_POINT('',(5582.30451546519,1805.3902994757,196.502));
#9737=CARTESIAN_POINT('',(4611.41451546519,1804.3902994757,196.502));
#9738=CARTESIAN_POINT('',(4611.41451546519,1140.38426384241,196.502));
#9739=CARTESIAN_POINT('',(3339.15451546519,1140.38426384241,196.502));
#9740=CARTESIAN_POINT('',(3338.15451546519,1901.17085488708,196.502));
#9741=CARTESIAN_POINT('',(3289.15451546519,1900.17085488707,196.502));
#9742=CARTESIAN_POINT('',(3289.15451546519,-430.862264366624,196.502));
#9743=CARTESIAN_POINT('',(2216.46851546519,-430.862264366624,196.502));
#9744=CARTESIAN_POINT('',(2216.46851546519,2081.28328615878,196.502));
#9745=CARTESIAN_POINT('',(3289.15451546519,2081.28328615878,196.502));
#9746=CARTESIAN_POINT('',(3290.15451546519,2009.85227284092,196.502));
#9747=CARTESIAN_POINT('',(3339.15451546519,2010.85227284091,196.502));
#9748=CARTESIAN_POINT('',(3339.15451546519,2081.28328615878,196.502));
#9749=CARTESIAN_POINT('',(5582.30451546519,2081.28328615878,196.502));
#9750=CARTESIAN_POINT('',(5583.30451546519,2001.88196269699,196.502));
#9751=CARTESIAN_POINT('',(5632.30451546519,2002.881962697,196.502));
#9752=CARTESIAN_POINT('',(5632.30451546519,2081.28328615878,196.502));
#9753=CARTESIAN_POINT('',(9566.02451546519,2081.28328615878,196.502));
#9754=CARTESIAN_POINT('',(9567.0245154652,1999.65954074816,196.502));
#9755=CARTESIAN_POINT('',(9616.02451546519,2000.65954074816,196.502));
#9756=CARTESIAN_POINT('',(9616.02451546519,2081.28328615878,196.502));
#9757=CARTESIAN_POINT('',(10668.9345154652,2081.28328615878,196.502));
#9758=CARTESIAN_POINT('',(10668.9345154652,-430.862264366624,196.502));
#9759=CARTESIAN_POINT('',(9616.02451546519,-430.862264366624,196.502));
#9760=CARTESIAN_POINT('',(9615.02451546519,1913.35370884364,196.502));
#9761=CARTESIAN_POINT('',(9566.02451546519,1912.35370884365,196.502));
#9762=CARTESIAN_POINT('',(9566.02451546519,1805.3902994757,196.502));
#9763=CARTESIAN_POINT('',(8853.18451546519,1804.3902994757,196.502));
#9764=CARTESIAN_POINT('',(5632.30451546519,1908.18310620694,-1760.1987177874));
#9765=CARTESIAN_POINT('',(5583.30451546519,1909.18310620695,-1760.1987177874));
#9766=CARTESIAN_POINT('',(5582.30451546519,1805.3902994757,-1760.1987177874));
#9767=CARTESIAN_POINT('',(4612.41451546519,1805.3902994757,-1760.1987177874));
#9768=CARTESIAN_POINT('',(4611.41451546519,1140.38426384241,-1760.1987177874));
#9769=CARTESIAN_POINT('',(3339.15451546519,1140.38426384241,-1760.1987177874));
#9770=CARTESIAN_POINT('',(3339.15451546519,1900.17085488708,-1760.1987177874));
#9771=CARTESIAN_POINT('',(3290.15451546519,1901.17085488708,-1760.1987177874));
#9772=CARTESIAN_POINT('',(3289.15451546519,-430.862264366624,-1760.1987177874));
#9773=CARTESIAN_POINT('',(2216.46851546519,-430.862264366624,-1760.1987177874));
#9774=CARTESIAN_POINT('',(2216.46851546519,2081.28328615878,-1760.1987177874));
#9775=CARTESIAN_POINT('',(3289.15451546519,2081.28328615878,-1760.1987177874));
#9776=CARTESIAN_POINT('',(3289.15451546519,2010.85227284092,-1760.1987177874));
#9777=CARTESIAN_POINT('',(3338.15451546519,2009.85227284092,-1760.1987177874));
#9778=CARTESIAN_POINT('',(3339.15451546519,2081.28328615878,-1760.1987177874));
#9779=CARTESIAN_POINT('',(5582.30451546519,2081.28328615878,-1760.1987177874));
#9780=CARTESIAN_POINT('',(5582.30451546519,2002.88196269699,-1760.1987177874));
#9781=CARTESIAN_POINT('',(5631.30451546519,2001.88196269699,-1760.1987177874));
#9782=CARTESIAN_POINT('',(5632.30451546519,2081.28328615878,-1760.1987177874));
#9783=CARTESIAN_POINT('',(9566.02451546519,2081.28328615878,-1760.1987177874));
#9784=CARTESIAN_POINT('',(9566.02451546519,2000.65954074817,-1760.1987177874));
#9785=CARTESIAN_POINT('',(9615.02451546519,1999.65954074816,-1760.1987177874));
#9786=CARTESIAN_POINT('',(9616.02451546519,2081.28328615878,-1760.1987177874));
#9787=CARTESIAN_POINT('',(10668.9345154652,2081.28328615878,-1760.1987177874));
#9788=CARTESIAN_POINT('',(10668.9345154652,-430.862264366624,-1760.1987177874));
#9789=CARTESIAN_POINT('',(9616.02451546519,-430.862264366624,-1760.1987177874));
#9790=CARTESIAN_POINT('',(9616.02451546519,1912.35370884364,-1760.1987177874));
#9791=CARTESIAN_POINT('',(9567.02451546518,1913.35370884364,-1760.1987177874));
#9792=CARTESIAN_POINT('',(9566.02451546519,1805.3902994757,-1760.1987177874));
#9793=CARTESIAN_POINT('',(8854.18451546519,1805.3902994757,-1760.1987177874));
#9794=CARTESIAN_POINT('',(8853.18451546519,732.854329035402,-1760.1987177874));
#9795=CARTESIAN_POINT('',(8853.18451546519,732.854329035402,-1760.1987177874));
#9796=CARTESIAN_POINT('',(8853.18451848334,573.04241288988,-1760.1987177874));
#9797=CARTESIAN_POINT('',(8797.03356444933,327.472386905225,-1760.1987177874));
#9798=CARTESIAN_POINT('',(8599.50097648683,21.2923148775386,-1760.1987177874));
#9799=CARTESIAN_POINT('',(8318.71585754899,-255.761918355479,-1760.1987177874));
#9800=CARTESIAN_POINT('',(7859.60792585394,-495.784092980773,-1760.1987177874));
#9801=CARTESIAN_POINT('',(7442.27698659388,-556.998498263308,-1760.1987177874));
#9802=CARTESIAN_POINT('',(7242.74452764503,-556.998499772383,-1760.1987177874));
#9803=CARTESIAN_POINT('',(7043.21206869618,-556.998501281457,-1760.1987177874));
#9804=CARTESIAN_POINT('',(6625.88112828005,-495.784101155441,-1760.1987177874));
#9805=CARTESIAN_POINT('',(6166.77319205203,-255.761928941692,-1760.1987177874));
#9806=CARTESIAN_POINT('',(5885.98806788185,21.2923052764844,-1760.1987177874));
#9807=CARTESIAN_POINT('',(5688.45547413695,327.472380098676,-1760.1987177874));
#9808=CARTESIAN_POINT('',(5632.30451546519,573.042409871731,-1760.1987177874));
#9809=CARTESIAN_POINT('',(5632.30451546519,732.854329035402,-1760.1987177874));
#9810=CARTESIAN_POINT('',(8854.18451546519,732.854329044845,-1760.1987177874));
#9811=CARTESIAN_POINT('',(8854.18506931425,572.887350217232,-1760.1987177874));
#9812=CARTESIAN_POINT('',(8797.97616154117,327.081642524083,-1760.1987177874));
#9813=CARTESIAN_POINT('',(8600.27923665745,20.6516491501573,-1760.1987177874));
#9814=CARTESIAN_POINT('',(8319.29117195669,-256.599188837189,-1760.1987177874));
#9815=CARTESIAN_POINT('',(7859.9142727957,-496.755082935724,-1760.1987177874));
#9816=CARTESIAN_POINT('',(7442.37629377198,-557.998308515448,-1760.1987177874));
#9817=CARTESIAN_POINT('',(7242.7445276526,-557.998499772383,-1760.1987177874));
#9818=CARTESIAN_POINT('',(7043.11276153135,-557.998311535103,-1760.1987177874));
#9819=CARTESIAN_POINT('',(6625.57478134736,-496.75509111384,-1760.1987177874));
#9820=CARTESIAN_POINT('',(6166.19787765008,-256.599199427385,-1760.1987177874));
#9821=CARTESIAN_POINT('',(5885.20980771632,20.6516395431016,-1760.1987177874));
#9822=CARTESIAN_POINT('',(5687.51287705,327.081635707329,-1760.1987177874));
#9823=CARTESIAN_POINT('',(5631.30396463728,572.887347183158,-1760.1987177874));
#9824=CARTESIAN_POINT('',(5631.30451546519,732.854329035401,-1760.1987177874));
#9825=CARTESIAN_POINT('',(5632.30451546519,1908.18310620694,196.502));
#9826=CARTESIAN_POINT('',(5632.30451546519,1908.18310620694,-1760.1987177874));
#9827=CARTESIAN_POINT('',(5583.30451546519,1909.18310620695,196.502));
#9828=CARTESIAN_POINT('',(5583.30451546519,1909.18310620695,-1760.1987177874));
#9829=CARTESIAN_POINT('',(5582.3045154652,1804.3902994757,196.502));
#9830=CARTESIAN_POINT('',(5583.30451546519,1805.3902994757,-1760.1987177874));
#9831=CARTESIAN_POINT('',(4612.41451546519,1805.3902994757,196.502));
#9832=CARTESIAN_POINT('',(4612.41451546519,1805.3902994757,-1760.1987177874));
#9833=CARTESIAN_POINT('',(4611.41451546518,1139.38426384241,196.502));
#9834=CARTESIAN_POINT('',(4612.41451546519,1140.38426384242,-1760.1987177874));
#9835=CARTESIAN_POINT('',(3338.15451546519,1140.38426384241,196.502));
#9836=CARTESIAN_POINT('',(3339.15451546518,1139.38426384241,-1760.1987177874));
#9837=CARTESIAN_POINT('',(3339.15451546519,1900.17085488708,196.502));
#9838=CARTESIAN_POINT('',(3339.15451546519,1900.17085488707,-1760.1987177874));
#9839=CARTESIAN_POINT('',(3290.15451546519,1901.17085488708,196.502));
#9840=CARTESIAN_POINT('',(3290.15451546519,1901.17085488708,-1760.1987177874));
#9841=CARTESIAN_POINT('',(3289.15451546518,-431.862264366624,196.502));
#9842=CARTESIAN_POINT('',(3290.15451546519,-430.862264366626,-1760.1987177874));
#9843=CARTESIAN_POINT('',(2215.46851546519,-430.862264366624,196.502));
#9844=CARTESIAN_POINT('',(2216.46851546518,-431.862264366624,-1760.1987177874));
#9845=CARTESIAN_POINT('',(2216.46851546519,2082.28328615877,196.502));
#9846=CARTESIAN_POINT('',(2215.46851546519,2081.28328615877,-1760.1987177874));
#9847=CARTESIAN_POINT('',(3290.15451546519,2081.28328615877,196.502));
#9848=CARTESIAN_POINT('',(3289.15451546519,2082.28328615878,-1760.1987177874));
#9849=CARTESIAN_POINT('',(3289.15451546519,2010.85227284092,196.502));
#9850=CARTESIAN_POINT('',(3289.15451546519,2010.85227284092,-1760.1987177874));
#9851=CARTESIAN_POINT('',(3338.15451546519,2009.85227284092,196.502));
#9852=CARTESIAN_POINT('',(3338.15451546519,2009.85227284092,-1760.1987177874));
#9853=CARTESIAN_POINT('',(3339.15451546519,2082.28328615877,196.502));
#9854=CARTESIAN_POINT('',(3338.15451546519,2081.28328615877,-1760.1987177874));
#9855=CARTESIAN_POINT('',(5583.30451546519,2081.28328615878,196.502));
#9856=CARTESIAN_POINT('',(5582.30451546519,2082.28328615877,-1760.1987177874));
#9857=CARTESIAN_POINT('',(5582.30451546519,2002.88196269699,196.502));
#9858=CARTESIAN_POINT('',(5582.30451546519,2002.88196269699,-1760.1987177874));
#9859=CARTESIAN_POINT('',(5631.30451546519,2001.88196269699,196.502));
#9860=CARTESIAN_POINT('',(5631.30451546519,2001.88196269699,-1760.1987177874));
#9861=CARTESIAN_POINT('',(5632.3045154652,2082.28328615877,196.502));
#9862=CARTESIAN_POINT('',(5631.30451546519,2081.28328615878,-1760.1987177874));
#9863=CARTESIAN_POINT('',(9567.02451546519,2081.28328615878,196.502));
#9864=CARTESIAN_POINT('',(9566.0245154652,2082.28328615878,-1760.1987177874));
#9865=CARTESIAN_POINT('',(9566.02451546519,2000.65954074817,196.502));
#9866=CARTESIAN_POINT('',(9566.02451546519,2000.65954074817,-1760.1987177874));
#9867=CARTESIAN_POINT('',(9615.02451546519,1999.65954074816,196.502));
#9868=CARTESIAN_POINT('',(9615.02451546519,1999.65954074816,-1760.1987177874));
#9869=CARTESIAN_POINT('',(9616.02451546519,2082.28328615877,196.502));
#9870=CARTESIAN_POINT('',(9615.02451546519,2081.28328615878,-1760.1987177874));
#9871=CARTESIAN_POINT('',(10669.9345154652,2081.28328615877,196.502));
#9872=CARTESIAN_POINT('',(10668.9345154652,2082.28328615878,-1760.1987177874));
#9873=CARTESIAN_POINT('',(10668.9345154652,-431.862264366625,196.502));
#9874=CARTESIAN_POINT('',(10669.9345154652,-430.862264366622,-1760.1987177874));
#9875=CARTESIAN_POINT('',(9615.02451546519,-430.862264366624,196.502));
#9876=CARTESIAN_POINT('',(9616.02451546519,-431.862264366624,-1760.1987177874));
#9877=CARTESIAN_POINT('',(9616.02451546519,1912.35370884364,196.502));
#9878=CARTESIAN_POINT('',(9616.02451546519,1912.35370884364,-1760.1987177874));
#9879=CARTESIAN_POINT('',(9567.02451546519,1913.35370884364,196.502));
#9880=CARTESIAN_POINT('',(9567.02451546519,1913.35370884364,-1760.1987177874));
#9881=CARTESIAN_POINT('',(9566.02451546519,1804.3902994757,196.502));
#9882=CARTESIAN_POINT('',(9567.02451546519,1805.39029947571,-1760.1987177874));
#9883=CARTESIAN_POINT('',(8854.18451546519,1805.3902994757,196.502));
#9884=CARTESIAN_POINT('',(8854.18451546519,1805.3902994757,-1760.1987177874));
#9885=CARTESIAN_POINT('',(5632.30451546519,732.854329035401,196.502));
#9886=CARTESIAN_POINT('',(5632.30451546519,1909.18310620695,196.502));
#9887=CARTESIAN_POINT('',(5632.30451546519,1909.18310620695,-1760.1987177874));
#9888=CARTESIAN_POINT('',(5632.30451546519,732.854329035401,-1760.1987177874));
#9889=CARTESIAN_POINT('',(5582.30451546519,1909.18310620695,196.502));
#9890=CARTESIAN_POINT('',(5582.30451546519,1909.18310620695,-1760.1987177874));
#9891=CARTESIAN_POINT('',(5582.30451546519,1805.3902994757,196.502));
#9892=CARTESIAN_POINT('',(5582.30451546519,1805.3902994757,-1760.1987177874));
#9893=CARTESIAN_POINT('',(4611.41451546519,1805.3902994757,196.502));
#9894=CARTESIAN_POINT('',(4611.41451546519,1805.3902994757,-1760.1987177874));
#9895=CARTESIAN_POINT('',(4611.41451546519,1140.38426384241,196.502));
#9896=CARTESIAN_POINT('',(4611.41451546519,1140.38426384241,-1760.1987177874));
#9897=CARTESIAN_POINT('',(3339.15451546519,1140.38426384241,196.502));
#9898=CARTESIAN_POINT('',(3339.15451546519,1140.38426384241,-1760.1987177874));
#9899=CARTESIAN_POINT('',(3339.15451546519,1901.17085488708,196.502));
#9900=CARTESIAN_POINT('',(3339.15451546519,1901.17085488708,-1760.1987177874));
#9901=CARTESIAN_POINT('',(3289.15451546519,1901.17085488708,196.502));
#9902=CARTESIAN_POINT('',(3289.15451546519,1901.17085488708,-1760.1987177874));
#9903=CARTESIAN_POINT('',(3289.15451546519,-430.862264366624,196.502));
#9904=CARTESIAN_POINT('',(3289.15451546519,-430.862264366624,-1760.1987177874));
#9905=CARTESIAN_POINT('',(2216.46851546519,-430.862264366624,196.502));
#9906=CARTESIAN_POINT('',(2216.46851546519,-430.862264366624,-1760.1987177874));
#9907=CARTESIAN_POINT('',(2216.46851546519,2081.28328615878,196.502));
#9908=CARTESIAN_POINT('',(2216.46851546519,2081.28328615878,-1760.1987177874));
#9909=CARTESIAN_POINT('',(3289.15451546519,2081.28328615878,196.502));
#9910=CARTESIAN_POINT('',(3289.15451546519,2081.28328615878,-1760.1987177874));
#9911=CARTESIAN_POINT('',(3289.15451546519,2009.85227284092,196.502));
#9912=CARTESIAN_POINT('',(3289.15451546519,2009.85227284092,-1760.1987177874));
#9913=CARTESIAN_POINT('',(3339.15451546519,2009.85227284092,196.502));
#9914=CARTESIAN_POINT('',(3339.15451546519,2009.85227284092,-1760.1987177874));
#9915=CARTESIAN_POINT('',(3339.15451546519,2081.28328615878,196.502));
#9916=CARTESIAN_POINT('',(3339.15451546519,2081.28328615878,-1760.1987177874));
#9917=CARTESIAN_POINT('',(5582.30451546519,2081.28328615878,196.502));
#9918=CARTESIAN_POINT('',(5582.30451546519,2081.28328615878,-1760.1987177874));
#9919=CARTESIAN_POINT('',(5582.30451546519,2001.88196269699,196.502));
#9920=CARTESIAN_POINT('',(5582.30451546519,2001.88196269699,-1760.1987177874));
#9921=CARTESIAN_POINT('',(5632.30451546519,2001.88196269699,196.502));
#9922=CARTESIAN_POINT('',(5632.30451546519,2001.88196269699,-1760.1987177874));
#9923=CARTESIAN_POINT('',(5632.30451546519,2081.28328615878,196.502));
#9924=CARTESIAN_POINT('',(5632.30451546519,2081.28328615878,-1760.1987177874));
#9925=CARTESIAN_POINT('',(9566.02451546519,2081.28328615878,196.502));
#9926=CARTESIAN_POINT('',(9566.02451546519,2081.28328615878,-1760.1987177874));
#9927=CARTESIAN_POINT('',(9566.02451546519,1999.65954074816,196.502));
#9928=CARTESIAN_POINT('',(9566.02451546519,1999.65954074816,-1760.1987177874));
#9929=CARTESIAN_POINT('',(9616.02451546519,1999.65954074816,196.502));
#9930=CARTESIAN_POINT('',(9616.02451546519,1999.65954074816,-1760.1987177874));
#9931=CARTESIAN_POINT('',(9616.02451546519,2081.28328615878,196.502));
#9932=CARTESIAN_POINT('',(9616.02451546519,2081.28328615878,-1760.1987177874));
#9933=CARTESIAN_POINT('',(10668.9345154652,2081.28328615878,196.502));
#9934=CARTESIAN_POINT('',(10668.9345154652,2081.28328615878,-1760.1987177874));
#9935=CARTESIAN_POINT('',(10668.9345154652,-430.862264366624,196.502));
#9936=CARTESIAN_POINT('',(10668.9345154652,-430.862264366624,-1760.1987177874));
#9937=CARTESIAN_POINT('',(9616.02451546519,-430.862264366624,196.502));
#9938=CARTESIAN_POINT('',(9616.02451546519,-430.862264366624,-1760.1987177874));
#9939=CARTESIAN_POINT('',(9616.02451546519,1913.35370884364,196.502));
#9940=CARTESIAN_POINT('',(9616.02451546519,1913.35370884364,-1760.1987177874));
#9941=CARTESIAN_POINT('',(9566.02451546519,1913.35370884364,196.502));
#9942=CARTESIAN_POINT('',(9566.02451546519,1913.35370884364,-1760.1987177874));
#9943=CARTESIAN_POINT('',(9566.02451546519,1805.3902994757,196.502));
#9944=CARTESIAN_POINT('',(9566.02451546519,1805.3902994757,-1760.1987177874));
#9945=CARTESIAN_POINT('',(8853.18451546519,1805.3902994757,196.502));
#9946=CARTESIAN_POINT('',(8853.18451546519,1805.3902994757,-1760.1987177874));
#9947=CARTESIAN_POINT('',(8853.18451546519,732.854329035401,196.502));
#9948=CARTESIAN_POINT('',(8853.18451546519,732.854329035401,-1760.1987177874));
#9949=CARTESIAN_POINT('',(5631.30451546519,732.854329035401,196.502));
#9950=CARTESIAN_POINT('',(5631.30451546519,732.854329035401,-1760.1987177874));
#9951=CARTESIAN_POINT('',(5631.30451546519,1908.18310620695,196.502));
#9952=CARTESIAN_POINT('',(5631.30451546519,1908.18310620695,-1760.1987177874));
#9953=CARTESIAN_POINT('',(5583.30451546519,1908.18310620695,196.502));
#9954=CARTESIAN_POINT('',(5583.30451546519,1908.18310620695,-1760.1987177874));
#9955=CARTESIAN_POINT('',(5583.30451546519,1805.3902994757,196.502));
#9956=CARTESIAN_POINT('',(5583.30451546519,1805.3902994757,-1760.1987177874));
#9957=CARTESIAN_POINT('',(5582.3045154652,1804.3902994757,196.502));
#9958=CARTESIAN_POINT('',(5582.3045154652,1804.3902994757,-1760.1987177874));
#9959=CARTESIAN_POINT('',(4612.41451546519,1804.3902994757,196.502));
#9960=CARTESIAN_POINT('',(4612.41451546519,1804.3902994757,-1760.1987177874));
#9961=CARTESIAN_POINT('',(4612.41451546519,1140.38426384242,196.502));
#9962=CARTESIAN_POINT('',(4612.41451546519,1140.38426384242,-1760.1987177874));
#9963=CARTESIAN_POINT('',(4611.41451546518,1139.38426384241,196.502));
#9964=CARTESIAN_POINT('',(4611.41451546518,1139.38426384241,-1760.1987177874));
#9965=CARTESIAN_POINT('',(3339.15451546518,1139.38426384241,196.502));
#9966=CARTESIAN_POINT('',(3339.15451546518,1139.38426384241,-1760.1987177874));
#9967=CARTESIAN_POINT('',(3338.15451546519,1140.38426384241,196.502));
#9968=CARTESIAN_POINT('',(3338.15451546519,1140.38426384241,-1760.1987177874));
#9969=CARTESIAN_POINT('',(3338.15451546519,1900.17085488708,196.502));
#9970=CARTESIAN_POINT('',(3338.15451546519,1900.17085488707,-1760.1987177874));
#9971=CARTESIAN_POINT('',(3290.15451546519,1900.17085488708,196.502));
#9972=CARTESIAN_POINT('',(3290.15451546519,1900.17085488708,-1760.1987177874));
#9973=CARTESIAN_POINT('',(3290.15451546519,-430.862264366626,196.502));
#9974=CARTESIAN_POINT('',(3290.15451546519,-430.862264366626,-1760.1987177874));
#9975=CARTESIAN_POINT('',(3289.15451546518,-431.862264366624,196.502));
#9976=CARTESIAN_POINT('',(3289.15451546518,-431.862264366624,-1760.1987177874));
#9977=CARTESIAN_POINT('',(2216.46851546518,-431.862264366624,196.502));
#9978=CARTESIAN_POINT('',(2216.46851546518,-431.862264366624,-1760.1987177874));
#9979=CARTESIAN_POINT('',(2215.46851546519,-430.862264366624,196.502));
#9980=CARTESIAN_POINT('',(2215.46851546519,-430.862264366624,-1760.1987177874));
#9981=CARTESIAN_POINT('',(2215.46851546519,2081.28328615877,196.502));
#9982=CARTESIAN_POINT('',(2215.46851546519,2081.28328615877,-1760.1987177874));
#9983=CARTESIAN_POINT('',(2216.46851546519,2082.28328615877,196.502));
#9984=CARTESIAN_POINT('',(2216.46851546519,2082.28328615877,-1760.1987177874));
#9985=CARTESIAN_POINT('',(3289.15451546519,2082.28328615877,196.502));
#9986=CARTESIAN_POINT('',(3289.15451546519,2082.28328615877,-1760.1987177874));
#9987=CARTESIAN_POINT('',(3290.15451546519,2081.28328615877,196.502));
#9988=CARTESIAN_POINT('',(3290.15451546519,2081.28328615877,-1760.1987177874));
#9989=CARTESIAN_POINT('',(3290.15451546519,2010.85227284092,196.502));
#9990=CARTESIAN_POINT('',(3290.15451546519,2010.85227284092,-1760.1987177874));
#9991=CARTESIAN_POINT('',(3338.15451546519,2010.85227284091,196.502));
#9992=CARTESIAN_POINT('',(3338.15451546519,2010.85227284091,-1760.1987177874));
#9993=CARTESIAN_POINT('',(3338.15451546519,2081.28328615877,196.502));
#9994=CARTESIAN_POINT('',(3338.15451546519,2081.28328615877,-1760.1987177874));
#9995=CARTESIAN_POINT('',(3339.15451546519,2082.28328615877,196.502));
#9996=CARTESIAN_POINT('',(3339.15451546519,2082.28328615877,-1760.1987177874));
#9997=CARTESIAN_POINT('',(5582.30451546519,2082.28328615877,196.502));
#9998=CARTESIAN_POINT('',(5582.30451546519,2082.28328615877,-1760.1987177874));
#9999=CARTESIAN_POINT('',(5583.30451546519,2081.28328615877,196.502));
#10000=CARTESIAN_POINT('',(5583.30451546519,2081.28328615877,-1760.1987177874));
#10001=CARTESIAN_POINT('',(5583.30451546519,2002.88196269699,196.502));
#10002=CARTESIAN_POINT('',(5583.30451546519,2002.88196269699,-1760.1987177874));
#10003=CARTESIAN_POINT('',(5631.30451546519,2002.88196269699,196.502));
#10004=CARTESIAN_POINT('',(5631.30451546519,2002.88196269699,-1760.1987177874));
#10005=CARTESIAN_POINT('',(5631.30451546519,2081.28328615878,196.502));
#10006=CARTESIAN_POINT('',(5631.30451546519,2081.28328615878,-1760.1987177874));
#10007=CARTESIAN_POINT('',(5632.3045154652,2082.28328615877,196.502));
#10008=CARTESIAN_POINT('',(5632.3045154652,2082.28328615877,-1760.1987177874));
#10009=CARTESIAN_POINT('',(9566.0245154652,2082.28328615877,196.502));
#10010=CARTESIAN_POINT('',(9566.0245154652,2082.28328615877,-1760.1987177874));
#10011=CARTESIAN_POINT('',(9567.02451546519,2081.28328615878,196.502));
#10012=CARTESIAN_POINT('',(9567.02451546519,2081.28328615878,-1760.1987177874));
#10013=CARTESIAN_POINT('',(9567.02451546519,2000.65954074816,196.502));
#10014=CARTESIAN_POINT('',(9567.02451546519,2000.65954074817,-1760.1987177874));
#10015=CARTESIAN_POINT('',(9615.02451546519,2000.65954074816,196.502));
#10016=CARTESIAN_POINT('',(9615.02451546518,2000.65954074816,-1760.1987177874));
#10017=CARTESIAN_POINT('',(9615.02451546519,2081.28328615878,196.502));
#10018=CARTESIAN_POINT('',(9615.02451546519,2081.28328615878,-1760.1987177874));
#10019=CARTESIAN_POINT('',(9616.02451546519,2082.28328615877,196.502));
#10020=CARTESIAN_POINT('',(9616.02451546519,2082.28328615877,-1760.1987177874));
#10021=CARTESIAN_POINT('',(10668.9345154652,2082.28328615877,196.502));
#10022=CARTESIAN_POINT('',(10668.9345154652,2082.28328615877,-1760.1987177874));
#10023=CARTESIAN_POINT('',(10669.9345154652,2081.28328615877,196.502));
#10024=CARTESIAN_POINT('',(10669.9345154652,2081.28328615877,-1760.1987177874));
#10025=CARTESIAN_POINT('',(10669.9345154652,-430.862264366622,196.502));
#10026=CARTESIAN_POINT('',(10669.9345154652,-430.862264366622,-1760.1987177874));
#10027=CARTESIAN_POINT('',(10668.9345154652,-431.862264366624,196.502));
#10028=CARTESIAN_POINT('',(10668.9345154652,-431.862264366624,-1760.1987177874));
#10029=CARTESIAN_POINT('',(9616.02451546519,-431.862264366624,196.502));
#10030=CARTESIAN_POINT('',(9616.02451546519,-431.862264366624,-1760.1987177874));
#10031=CARTESIAN_POINT('',(9615.02451546519,-430.862264366624,196.502));
#10032=CARTESIAN_POINT('',(9615.02451546519,-430.862264366624,-1760.1987177874));
#10033=CARTESIAN_POINT('',(9615.02451546519,1912.35370884364,196.502));
#10034=CARTESIAN_POINT('',(9615.02451546519,1912.35370884364,-1760.1987177874));
#10035=CARTESIAN_POINT('',(9567.02451546518,1912.35370884364,196.502));
#10036=CARTESIAN_POINT('',(9567.02451546518,1912.35370884364,-1760.1987177874));
#10037=CARTESIAN_POINT('',(9567.02451546519,1805.39029947571,196.502));
#10038=CARTESIAN_POINT('',(9567.02451546519,1805.39029947571,-1760.1987177874));
#10039=CARTESIAN_POINT('',(9566.02451546519,1804.3902994757,196.502));
#10040=CARTESIAN_POINT('',(9566.02451546519,1804.3902994757,-1760.1987177874));
#10041=CARTESIAN_POINT('',(8854.18451546519,1804.3902994757,196.502));
#10042=CARTESIAN_POINT('',(8854.18451546519,1804.3902994757,-1760.1987177874));
#10043=CARTESIAN_POINT('',(8854.18451546519,732.854329044845,196.502));
#10044=CARTESIAN_POINT('',(8854.18451546519,732.854329044845,-1760.1987177874));
#10045=CARTESIAN_POINT('',(5632.30451546519,1908.18310620694,196.502));
#10046=CARTESIAN_POINT('',(5631.30451546519,1909.18310620695,196.502));
#10047=CARTESIAN_POINT('',(5583.30451546519,1909.18310620695,196.502));
#10048=CARTESIAN_POINT('',(5582.30451546519,1908.18310620695,196.502));
#10049=CARTESIAN_POINT('',(4612.41451546519,1805.3902994757,196.502));
#10050=CARTESIAN_POINT('',(4611.41451546519,1804.3902994757,196.502));
#10051=CARTESIAN_POINT('',(3339.15451546519,1900.17085488708,196.502));
#10052=CARTESIAN_POINT('',(3338.15451546519,1901.17085488708,196.502));
#10053=CARTESIAN_POINT('',(3290.15451546519,1901.17085488708,196.502));
#10054=CARTESIAN_POINT('',(3289.15451546519,1900.17085488707,196.502));
#10055=CARTESIAN_POINT('',(3289.15451546519,2010.85227284092,196.502));
#10056=CARTESIAN_POINT('',(3290.15451546519,2009.85227284092,196.502));
#10057=CARTESIAN_POINT('',(3338.15451546519,2009.85227284092,196.502));
#10058=CARTESIAN_POINT('',(3339.15451546519,2010.85227284091,196.502));
#10059=CARTESIAN_POINT('',(5582.30451546519,2002.88196269699,196.502));
#10060=CARTESIAN_POINT('',(5583.30451546519,2001.88196269699,196.502));
#10061=CARTESIAN_POINT('',(5631.30451546519,2001.88196269699,196.502));
#10062=CARTESIAN_POINT('',(5632.30451546519,2002.881962697,196.502));
#10063=CARTESIAN_POINT('',(9566.02451546519,2000.65954074817,196.502));
#10064=CARTESIAN_POINT('',(9567.0245154652,1999.65954074816,196.502));
#10065=CARTESIAN_POINT('',(9615.02451546519,1999.65954074816,196.502));
#10066=CARTESIAN_POINT('',(9616.02451546519,2000.65954074816,196.502));
#10067=CARTESIAN_POINT('',(9616.02451546519,1912.35370884364,196.502));
#10068=CARTESIAN_POINT('',(9615.02451546519,1913.35370884364,196.502));
#10069=CARTESIAN_POINT('',(9567.02451546518,1913.35370884364,196.502));
#10070=CARTESIAN_POINT('',(9566.02451546519,1912.35370884365,196.502));
#10071=CARTESIAN_POINT('',(8854.18451546519,1805.3902994757,196.502));
#10072=CARTESIAN_POINT('',(8853.18451546519,1804.3902994757,196.502));
#10073=CARTESIAN_POINT('',(5632.30451546519,1908.18310620694,-1760.1987177874));
#10074=CARTESIAN_POINT('',(5583.30451546519,1909.18310620695,-1760.1987177874));
#10075=CARTESIAN_POINT('',(5631.30451546519,1909.18310620695,-1760.1987177874));
#10076=CARTESIAN_POINT('',(5582.30451546519,1908.18310620695,-1760.1987177874));
#10077=CARTESIAN_POINT('',(4612.41451546519,1805.3902994757,-1760.1987177874));
#10078=CARTESIAN_POINT('',(4611.41451546519,1804.3902994757,-1760.1987177874));
#10079=CARTESIAN_POINT('',(3339.15451546519,1900.17085488708,-1760.1987177874));
#10080=CARTESIAN_POINT('',(3290.15451546519,1901.17085488708,-1760.1987177874));
#10081=CARTESIAN_POINT('',(3338.15451546519,1901.17085488708,-1760.1987177874));
#10082=CARTESIAN_POINT('',(3289.15451546519,1900.17085488707,-1760.1987177874));
#10083=CARTESIAN_POINT('',(3289.15451546519,2010.85227284092,-1760.1987177874));
#10084=CARTESIAN_POINT('',(3338.15451546519,2009.85227284092,-1760.1987177874));
#10085=CARTESIAN_POINT('',(3290.15451546519,2009.85227284092,-1760.1987177874));
#10086=CARTESIAN_POINT('',(3339.15451546519,2010.85227284091,-1760.1987177874));
#10087=CARTESIAN_POINT('',(5582.30451546519,2002.88196269699,-1760.1987177874));
#10088=CARTESIAN_POINT('',(5631.30451546519,2001.88196269699,-1760.1987177874));
#10089=CARTESIAN_POINT('',(5583.30451546519,2001.88196269699,-1760.1987177874));
#10090=CARTESIAN_POINT('',(5632.30451546519,2002.881962697,-1760.1987177874));
#10091=CARTESIAN_POINT('',(9566.02451546519,2000.65954074817,-1760.1987177874));
#10092=CARTESIAN_POINT('',(9615.02451546519,1999.65954074816,-1760.1987177874));
#10093=CARTESIAN_POINT('',(9567.0245154652,1999.65954074816,-1760.1987177874));
#10094=CARTESIAN_POINT('',(9616.02451546519,2000.65954074816,-1760.1987177874));
#10095=CARTESIAN_POINT('',(9616.02451546519,1912.35370884364,-1760.1987177874));
#10096=CARTESIAN_POINT('',(9567.02451546518,1913.35370884364,-1760.1987177874));
#10097=CARTESIAN_POINT('',(9615.02451546519,1913.35370884364,-1760.1987177874));
#10098=CARTESIAN_POINT('',(9566.02451546519,1912.35370884365,-1760.1987177874));
#10099=CARTESIAN_POINT('',(8854.18451546519,1805.3902994757,-1760.1987177874));
#10100=CARTESIAN_POINT('',(8853.18451546519,1804.3902994757,-1760.1987177874));
#10101=CARTESIAN_POINT('',(5632.30451546519,1909.18310620695,196.502));
#10102=CARTESIAN_POINT('',(5632.30451546519,1909.18310620695,-1760.1987177874));
#10103=CARTESIAN_POINT('',(5632.30451546519,732.854329035401,196.502));
#10104=CARTESIAN_POINT('',(5632.30451546519,732.854329035401,-1760.1987177874));
#10105=CARTESIAN_POINT('',(5632.30451546519,1909.18310620695,196.502));
#10106=CARTESIAN_POINT('',(5631.30451546519,1909.18310620695,196.502));
#10107=CARTESIAN_POINT('',(5582.30451546519,1909.18310620695,196.502));
#10108=CARTESIAN_POINT('',(5582.30451546519,1909.18310620695,-1760.1987177874));
#10109=CARTESIAN_POINT('',(5632.30451546519,1909.18310620695,-1760.1987177874));
#10110=CARTESIAN_POINT('',(5631.30451546519,1909.18310620695,-1760.1987177874));
#10111=CARTESIAN_POINT('',(5582.30451546519,1909.18310620695,196.502));
#10112=CARTESIAN_POINT('',(5582.30451546519,1908.18310620695,196.502));
#10113=CARTESIAN_POINT('',(5582.30451546519,1805.3902994757,196.502));
#10114=CARTESIAN_POINT('',(5582.30451546519,1805.3902994757,-1760.1987177874));
#10115=CARTESIAN_POINT('',(5582.30451546519,1909.18310620695,-1760.1987177874));
#10116=CARTESIAN_POINT('',(5582.30451546519,1908.18310620695,-1760.1987177874));
#10117=CARTESIAN_POINT('',(4611.41451546519,1805.3902994757,196.502));
#10118=CARTESIAN_POINT('',(4611.41451546519,1805.3902994757,-1760.1987177874));
#10119=CARTESIAN_POINT('',(4611.41451546519,1805.3902994757,196.502));
#10120=CARTESIAN_POINT('',(4611.41451546519,1804.3902994757,196.502));
#10121=CARTESIAN_POINT('',(4611.41451546519,1140.38426384241,196.502));
#10122=CARTESIAN_POINT('',(4611.41451546519,1140.38426384241,-1760.1987177874));
#10123=CARTESIAN_POINT('',(4611.41451546519,1805.3902994757,-1760.1987177874));
#10124=CARTESIAN_POINT('',(4611.41451546519,1804.3902994757,-1760.1987177874));
#10125=CARTESIAN_POINT('',(4611.41451546519,1140.38426384241,196.502));
#10126=CARTESIAN_POINT('',(3339.15451546519,1140.38426384241,196.502));
#10127=CARTESIAN_POINT('',(3339.15451546519,1140.38426384241,196.502));
#10128=CARTESIAN_POINT('',(3339.15451546519,1140.38426384241,-1760.1987177874));
#10129=CARTESIAN_POINT('',(4611.41451546519,1140.38426384241,-1760.1987177874));
#10130=CARTESIAN_POINT('',(3339.15451546519,1140.38426384241,-1760.1987177874));
#10131=CARTESIAN_POINT('',(3339.15451546519,1901.17085488708,196.502));
#10132=CARTESIAN_POINT('',(3339.15451546519,1901.17085488708,-1760.1987177874));
#10133=CARTESIAN_POINT('',(3339.15451546519,1901.17085488708,196.502));
#10134=CARTESIAN_POINT('',(3338.15451546519,1901.17085488708,196.502));
#10135=CARTESIAN_POINT('',(3289.15451546519,1901.17085488708,196.502));
#10136=CARTESIAN_POINT('',(3289.15451546519,1901.17085488708,-1760.1987177874));
#10137=CARTESIAN_POINT('',(3339.15451546519,1901.17085488708,-1760.1987177874));
#10138=CARTESIAN_POINT('',(3338.15451546519,1901.17085488708,-1760.1987177874));
#10139=CARTESIAN_POINT('',(3289.15451546519,1901.17085488708,196.502));
#10140=CARTESIAN_POINT('',(3289.15451546519,1900.17085488707,196.502));
#10141=CARTESIAN_POINT('',(3289.15451546519,-430.862264366624,196.502));
#10142=CARTESIAN_POINT('',(3289.15451546519,-430.862264366624,-1760.1987177874));
#10143=CARTESIAN_POINT('',(3289.15451546519,1901.17085488708,-1760.1987177874));
#10144=CARTESIAN_POINT('',(3289.15451546519,1900.17085488707,-1760.1987177874));
#10145=CARTESIAN_POINT('',(3289.15451546519,-430.862264366624,196.502));
#10146=CARTESIAN_POINT('',(2216.46851546519,-430.862264366624,196.502));
#10147=CARTESIAN_POINT('',(2216.46851546519,-430.862264366624,196.502));
#10148=CARTESIAN_POINT('',(2216.46851546519,-430.862264366624,-1760.1987177874));
#10149=CARTESIAN_POINT('',(3289.15451546519,-430.862264366624,-1760.1987177874));
#10150=CARTESIAN_POINT('',(2216.46851546519,-430.862264366624,-1760.1987177874));
#10151=CARTESIAN_POINT('',(2216.46851546519,-430.862264366624,196.502));
#10152=CARTESIAN_POINT('',(2216.46851546519,2081.28328615878,196.502));
#10153=CARTESIAN_POINT('',(2216.46851546519,2081.28328615878,196.502));
#10154=CARTESIAN_POINT('',(2216.46851546519,2081.28328615878,-1760.1987177874));
#10155=CARTESIAN_POINT('',(2216.46851546519,-430.862264366624,-1760.1987177874));
#10156=CARTESIAN_POINT('',(2216.46851546519,2081.28328615878,-1760.1987177874));
#10157=CARTESIAN_POINT('',(2216.46851546519,2081.28328615878,196.502));
#10158=CARTESIAN_POINT('',(3289.15451546519,2081.28328615878,196.502));
#10159=CARTESIAN_POINT('',(3289.15451546519,2081.28328615878,196.502));
#10160=CARTESIAN_POINT('',(3289.15451546519,2081.28328615878,-1760.1987177874));
#10161=CARTESIAN_POINT('',(2216.46851546519,2081.28328615878,-1760.1987177874));
#10162=CARTESIAN_POINT('',(3289.15451546519,2081.28328615878,-1760.1987177874));
#10163=CARTESIAN_POINT('',(3289.15451546519,2009.85227284092,196.502));
#10164=CARTESIAN_POINT('',(3289.15451546519,2009.85227284092,-1760.1987177874));
#10165=CARTESIAN_POINT('',(3289.15451546519,2009.85227284092,196.502));
#10166=CARTESIAN_POINT('',(3290.15451546519,2009.85227284092,196.502));
#10167=CARTESIAN_POINT('',(3339.15451546519,2009.85227284092,196.502));
#10168=CARTESIAN_POINT('',(3339.15451546519,2009.85227284092,-1760.1987177874));
#10169=CARTESIAN_POINT('',(3289.15451546519,2009.85227284092,-1760.1987177874));
#10170=CARTESIAN_POINT('',(3290.15451546519,2009.85227284092,-1760.1987177874));
#10171=CARTESIAN_POINT('',(3339.15451546519,2009.85227284092,196.502));
#10172=CARTESIAN_POINT('',(3339.15451546519,2010.85227284091,196.502));
#10173=CARTESIAN_POINT('',(3339.15451546519,2081.28328615878,196.502));
#10174=CARTESIAN_POINT('',(3339.15451546519,2081.28328615878,-1760.1987177874));
#10175=CARTESIAN_POINT('',(3339.15451546519,2009.85227284092,-1760.1987177874));
#10176=CARTESIAN_POINT('',(3339.15451546519,2010.85227284091,-1760.1987177874));
#10177=CARTESIAN_POINT('',(3339.15451546519,2081.28328615878,196.502));
#10178=CARTESIAN_POINT('',(4611.41451546519,2081.28328615878,196.502));
#10179=CARTESIAN_POINT('',(5582.30451546519,2081.28328615878,196.502));
#10180=CARTESIAN_POINT('',(5582.30451546519,2081.28328615878,196.502));
#10181=CARTESIAN_POINT('',(5582.30451546519,2081.28328615878,-1760.1987177874));
#10182=CARTESIAN_POINT('',(3339.15451546519,2081.28328615878,-1760.1987177874));
#10183=CARTESIAN_POINT('',(4611.41451546519,2081.28328615878,-1760.1987177874));
#10184=CARTESIAN_POINT('',(5582.30451546519,2081.28328615878,-1760.1987177874));
#10185=CARTESIAN_POINT('',(5582.30451546519,2001.88196269699,196.502));
#10186=CARTESIAN_POINT('',(5582.30451546519,2001.88196269699,-1760.1987177874));
#10187=CARTESIAN_POINT('',(5582.30451546519,2001.88196269699,196.502));
#10188=CARTESIAN_POINT('',(5583.30451546519,2001.88196269699,196.502));
#10189=CARTESIAN_POINT('',(5632.30451546519,2001.88196269699,196.502));
#10190=CARTESIAN_POINT('',(5632.30451546519,2001.88196269699,-1760.1987177874));
#10191=CARTESIAN_POINT('',(5582.30451546519,2001.88196269699,-1760.1987177874));
#10192=CARTESIAN_POINT('',(5583.30451546519,2001.88196269699,-1760.1987177874));
#10193=CARTESIAN_POINT('',(5632.30451546519,2001.88196269699,196.502));
#10194=CARTESIAN_POINT('',(5632.30451546519,2002.881962697,196.502));
#10195=CARTESIAN_POINT('',(5632.30451546519,2081.28328615878,196.502));
#10196=CARTESIAN_POINT('',(5632.30451546519,2081.28328615878,-1760.1987177874));
#10197=CARTESIAN_POINT('',(5632.30451546519,2001.88196269699,-1760.1987177874));
#10198=CARTESIAN_POINT('',(5632.30451546519,2002.881962697,-1760.1987177874));
#10199=CARTESIAN_POINT('',(5632.30451546519,2081.28328615878,196.502));
#10200=CARTESIAN_POINT('',(8853.18451546519,2081.28328615878,196.502));
#10201=CARTESIAN_POINT('',(9566.02451546519,2081.28328615878,196.502));
#10202=CARTESIAN_POINT('',(9566.02451546519,2081.28328615878,196.502));
#10203=CARTESIAN_POINT('',(9566.02451546519,2081.28328615878,-1760.1987177874));
#10204=CARTESIAN_POINT('',(5632.30451546519,2081.28328615878,-1760.1987177874));
#10205=CARTESIAN_POINT('',(8853.18451546519,2081.28328615878,-1760.1987177874));
#10206=CARTESIAN_POINT('',(9566.02451546519,2081.28328615878,-1760.1987177874));
#10207=CARTESIAN_POINT('',(9566.02451546519,1999.65954074816,196.502));
#10208=CARTESIAN_POINT('',(9566.02451546519,1999.65954074816,-1760.1987177874));
#10209=CARTESIAN_POINT('',(9566.02451546519,1999.65954074816,196.502));
#10210=CARTESIAN_POINT('',(9567.0245154652,1999.65954074816,196.502));
#10211=CARTESIAN_POINT('',(9616.02451546519,1999.65954074816,196.502));
#10212=CARTESIAN_POINT('',(9616.02451546519,1999.65954074816,-1760.1987177874));
#10213=CARTESIAN_POINT('',(9566.02451546519,1999.65954074816,-1760.1987177874));
#10214=CARTESIAN_POINT('',(9567.0245154652,1999.65954074816,-1760.1987177874));
#10215=CARTESIAN_POINT('',(9616.02451546519,1999.65954074816,196.502));
#10216=CARTESIAN_POINT('',(9616.02451546519,2000.65954074816,196.502));
#10217=CARTESIAN_POINT('',(9616.02451546519,2081.28328615878,196.502));
#10218=CARTESIAN_POINT('',(9616.02451546519,2081.28328615878,-1760.1987177874));
#10219=CARTESIAN_POINT('',(9616.02451546519,1999.65954074816,-1760.1987177874));
#10220=CARTESIAN_POINT('',(9616.02451546519,2000.65954074816,-1760.1987177874));
#10221=CARTESIAN_POINT('',(9616.02451546519,2081.28328615878,196.502));
#10222=CARTESIAN_POINT('',(10668.9345154652,2081.28328615878,196.502));
#10223=CARTESIAN_POINT('',(10668.9345154652,2081.28328615878,196.502));
#10224=CARTESIAN_POINT('',(10668.9345154652,2081.28328615878,-1760.1987177874));
#10225=CARTESIAN_POINT('',(9616.02451546519,2081.28328615878,-1760.1987177874));
#10226=CARTESIAN_POINT('',(10668.9345154652,2081.28328615878,-1760.1987177874));
#10227=CARTESIAN_POINT('',(10668.9345154652,2081.28328615878,196.502));
#10228=CARTESIAN_POINT('',(10668.9345154652,-430.862264366624,196.502));
#10229=CARTESIAN_POINT('',(10668.9345154652,-430.862264366624,196.502));
#10230=CARTESIAN_POINT('',(10668.9345154652,-430.862264366624,-1760.1987177874));
#10231=CARTESIAN_POINT('',(10668.9345154652,2081.28328615878,-1760.1987177874));
#10232=CARTESIAN_POINT('',(10668.9345154652,-430.862264366624,-1760.1987177874));
#10233=CARTESIAN_POINT('',(10668.9345154652,-430.862264366624,196.502));
#10234=CARTESIAN_POINT('',(9616.02451546519,-430.862264366624,196.502));
#10235=CARTESIAN_POINT('',(9616.02451546519,-430.862264366624,196.502));
#10236=CARTESIAN_POINT('',(9616.02451546519,-430.862264366624,-1760.1987177874));
#10237=CARTESIAN_POINT('',(10668.9345154652,-430.862264366624,-1760.1987177874));
#10238=CARTESIAN_POINT('',(9616.02451546519,-430.862264366624,-1760.1987177874));
#10239=CARTESIAN_POINT('',(9616.02451546519,1913.35370884364,196.502));
#10240=CARTESIAN_POINT('',(9616.02451546519,1913.35370884364,-1760.1987177874));
#10241=CARTESIAN_POINT('',(9616.02451546519,1913.35370884364,196.502));
#10242=CARTESIAN_POINT('',(9615.02451546519,1913.35370884364,196.502));
#10243=CARTESIAN_POINT('',(9566.02451546519,1913.35370884364,196.502));
#10244=CARTESIAN_POINT('',(9566.02451546519,1913.35370884364,-1760.1987177874));
#10245=CARTESIAN_POINT('',(9616.02451546519,1913.35370884364,-1760.1987177874));
#10246=CARTESIAN_POINT('',(9615.02451546519,1913.35370884364,-1760.1987177874));
#10247=CARTESIAN_POINT('',(9566.02451546519,1913.35370884364,196.502));
#10248=CARTESIAN_POINT('',(9566.02451546519,1912.35370884365,196.502));
#10249=CARTESIAN_POINT('',(9566.02451546519,1805.3902994757,196.502));
#10250=CARTESIAN_POINT('',(9566.02451546519,1805.3902994757,-1760.1987177874));
#10251=CARTESIAN_POINT('',(9566.02451546519,1913.35370884364,-1760.1987177874));
#10252=CARTESIAN_POINT('',(9566.02451546519,1912.35370884365,-1760.1987177874));
#10253=CARTESIAN_POINT('',(8853.18451546519,1805.3902994757,196.502));
#10254=CARTESIAN_POINT('',(8853.18451546519,1805.3902994757,-1760.1987177874));
#10255=CARTESIAN_POINT('',(8853.18451546519,1805.3902994757,196.502));
#10256=CARTESIAN_POINT('',(8853.18451546519,1804.3902994757,196.502));
#10257=CARTESIAN_POINT('',(8853.18451546519,732.854329035401,196.502));
#10258=CARTESIAN_POINT('',(8853.18451546519,732.854329035401,-1760.1987177874));
#10259=CARTESIAN_POINT('',(8853.18451546519,1805.3902994757,-1760.1987177874));
#10260=CARTESIAN_POINT('',(8853.18451546519,1804.3902994757,-1760.1987177874));
#10261=CARTESIAN_POINT('',(8853.18451546519,732.854329035401,196.502));
#10262=CARTESIAN_POINT('',(8853.18453982487,-556.99848759254,196.502));
#10263=CARTESIAN_POINT('',(7242.74452764503,-556.998499772383,196.502));
#10264=CARTESIAN_POINT('',(5632.30451546519,-556.998511952225,196.502));
#10265=CARTESIAN_POINT('',(5632.30451546519,732.854329035401,196.502));
#10266=CARTESIAN_POINT('',(8853.18451546519,732.854329035401,-1760.1987177874));
#10267=CARTESIAN_POINT('',(8853.18453982487,-556.99848759254,-1760.1987177874));
#10268=CARTESIAN_POINT('',(7242.74452764503,-556.998499772383,-1760.1987177874));
#10269=CARTESIAN_POINT('',(5632.30451546519,-556.998511952225,-1760.1987177874));
#10270=CARTESIAN_POINT('',(5632.30451546519,732.854329035401,-1760.1987177874));
#10271=CARTESIAN_POINT('',(5632.30451546519,1908.18310620694,196.502));
#10272=CARTESIAN_POINT('',(5632.30451546519,1909.18310620695,196.502));
#10273=CARTESIAN_POINT('',(5632.30451546519,1908.18310620694,-1760.1987177874));
#10274=CARTESIAN_POINT('',(5632.30451546519,1909.18310620695,-1760.1987177874));
#10275=CARTESIAN_POINT('',(5583.30451546519,1909.18310620695,196.502));
#10276=CARTESIAN_POINT('',(5582.30451546519,1909.18310620695,196.502));
#10277=CARTESIAN_POINT('',(5583.30451546519,1909.18310620695,-1760.1987177874));
#10278=CARTESIAN_POINT('',(5582.30451546519,1909.18310620695,-1760.1987177874));
#10279=CARTESIAN_POINT('',(4612.41451546519,1805.3902994757,196.502));
#10280=CARTESIAN_POINT('',(4611.41451546519,1805.3902994757,196.502));
#10281=CARTESIAN_POINT('',(4612.41451546519,1805.3902994757,-1760.1987177874));
#10282=CARTESIAN_POINT('',(4611.41451546519,1805.3902994757,-1760.1987177874));
#10283=CARTESIAN_POINT('',(3339.15451546519,1900.17085488708,196.502));
#10284=CARTESIAN_POINT('',(3339.15451546519,1901.17085488708,196.502));
#10285=CARTESIAN_POINT('',(3339.15451546519,1900.17085488708,-1760.1987177874));
#10286=CARTESIAN_POINT('',(3339.15451546519,1901.17085488708,-1760.1987177874));
#10287=CARTESIAN_POINT('',(3290.15451546519,1901.17085488708,196.502));
#10288=CARTESIAN_POINT('',(3289.15451546519,1901.17085488708,196.502));
#10289=CARTESIAN_POINT('',(3290.15451546519,1901.17085488708,-1760.1987177874));
#10290=CARTESIAN_POINT('',(3289.15451546519,1901.17085488708,-1760.1987177874));
#10291=CARTESIAN_POINT('',(3289.15451546519,2010.85227284092,196.502));
#10292=CARTESIAN_POINT('',(3289.15451546519,2009.85227284092,196.502));
#10293=CARTESIAN_POINT('',(3289.15451546519,2010.85227284092,-1760.1987177874));
#10294=CARTESIAN_POINT('',(3289.15451546519,2009.85227284092,-1760.1987177874));
#10295=CARTESIAN_POINT('',(3338.15451546519,2009.85227284092,196.502));
#10296=CARTESIAN_POINT('',(3339.15451546519,2009.85227284092,196.502));
#10297=CARTESIAN_POINT('',(3338.15451546519,2009.85227284092,-1760.1987177874));
#10298=CARTESIAN_POINT('',(3339.15451546519,2009.85227284092,-1760.1987177874));
#10299=CARTESIAN_POINT('',(5582.30451546519,2002.88196269699,196.502));
#10300=CARTESIAN_POINT('',(5582.30451546519,2001.88196269699,196.502));
#10301=CARTESIAN_POINT('',(5582.30451546519,2002.88196269699,-1760.1987177874));
#10302=CARTESIAN_POINT('',(5582.30451546519,2001.88196269699,-1760.1987177874));
#10303=CARTESIAN_POINT('',(5631.30451546519,2001.88196269699,196.502));
#10304=CARTESIAN_POINT('',(5632.30451546519,2001.88196269699,196.502));
#10305=CARTESIAN_POINT('',(5631.30451546519,2001.88196269699,-1760.1987177874));
#10306=CARTESIAN_POINT('',(5632.30451546519,2001.88196269699,-1760.1987177874));
#10307=CARTESIAN_POINT('',(9566.02451546519,2000.65954074817,196.502));
#10308=CARTESIAN_POINT('',(9566.02451546519,1999.65954074816,196.502));
#10309=CARTESIAN_POINT('',(9566.02451546519,2000.65954074817,-1760.1987177874));
#10310=CARTESIAN_POINT('',(9566.02451546519,1999.65954074816,-1760.1987177874));
#10311=CARTESIAN_POINT('',(9615.02451546519,1999.65954074816,196.502));
#10312=CARTESIAN_POINT('',(9616.02451546519,1999.65954074816,196.502));
#10313=CARTESIAN_POINT('',(9615.02451546519,1999.65954074816,-1760.1987177874));
#10314=CARTESIAN_POINT('',(9616.02451546519,1999.65954074816,-1760.1987177874));
#10315=CARTESIAN_POINT('',(9616.02451546519,1912.35370884364,196.502));
#10316=CARTESIAN_POINT('',(9616.02451546519,1913.35370884364,196.502));
#10317=CARTESIAN_POINT('',(9616.02451546519,1912.35370884364,-1760.1987177874));
#10318=CARTESIAN_POINT('',(9616.02451546519,1913.35370884364,-1760.1987177874));
#10319=CARTESIAN_POINT('',(9567.02451546518,1913.35370884364,196.502));
#10320=CARTESIAN_POINT('',(9566.02451546519,1913.35370884364,196.502));
#10321=CARTESIAN_POINT('',(9567.02451546518,1913.35370884364,-1760.1987177874));
#10322=CARTESIAN_POINT('',(9566.02451546519,1913.35370884364,-1760.1987177874));
#10323=CARTESIAN_POINT('',(8854.18451546519,1805.3902994757,196.502));
#10324=CARTESIAN_POINT('',(8853.18451546519,1805.3902994757,196.502));
#10325=CARTESIAN_POINT('',(8854.18451546519,1805.3902994757,-1760.1987177874));
#10326=CARTESIAN_POINT('',(8853.18451546519,1805.3902994757,-1760.1987177874));
#10327=CARTESIAN_POINT('',(5631.30451546519,732.854329035401,196.502));
#10328=CARTESIAN_POINT('',(5631.30451546519,1908.18310620695,196.502));
#10329=CARTESIAN_POINT('',(5631.30451546519,732.854329035401,-1760.1987177874));
#10330=CARTESIAN_POINT('',(5631.30451546519,1908.18310620695,-1760.1987177874));
#10331=CARTESIAN_POINT('',(5631.30451546519,732.854329035401,196.502));
#10332=CARTESIAN_POINT('',(5631.30451546519,732.854329035401,-455.731572595799));
#10333=CARTESIAN_POINT('',(5631.30451546518,732.854329035401,-1107.9651451916));
#10334=CARTESIAN_POINT('',(5631.30451546519,732.854329035401,-1760.1987177874));
#10335=CARTESIAN_POINT('',(5631.30451546519,1908.18310620695,196.502));
#10336=CARTESIAN_POINT('',(5631.30451546519,1908.18310620695,-1760.1987177874));
#10337=CARTESIAN_POINT('',(5583.30451546519,1908.18310620695,196.502));
#10338=CARTESIAN_POINT('',(5583.30451546519,1908.18310620695,-1760.1987177874));
#10339=CARTESIAN_POINT('',(5631.30451546519,1908.18310620695,196.502));
#10340=CARTESIAN_POINT('',(5583.30451546519,1908.18310620695,196.502));
#10341=CARTESIAN_POINT('',(5631.30451546519,1908.18310620695,-1760.1987177874));
#10342=CARTESIAN_POINT('',(5583.30451546519,1908.18310620695,-1760.1987177874));
#10343=CARTESIAN_POINT('',(5583.30451546519,1805.3902994757,196.502));
#10344=CARTESIAN_POINT('',(5583.30451546519,1805.3902994757,-1760.1987177874));
#10345=CARTESIAN_POINT('',(5583.30451546519,1908.18310620695,196.502));
#10346=CARTESIAN_POINT('',(5583.30451546519,1805.3902994757,196.502));
#10347=CARTESIAN_POINT('',(5583.30451546519,1908.18310620695,-1760.1987177874));
#10348=CARTESIAN_POINT('',(5583.30451546519,1805.3902994757,-1760.1987177874));
#10349=CARTESIAN_POINT('',(5582.3045154652,1804.3902994757,196.502));
#10350=CARTESIAN_POINT('',(5582.3045154652,1804.3902994757,-1760.1987177874));
#10351=CARTESIAN_POINT('',(5582.3045154652,1804.3902994757,196.502));
#10352=CARTESIAN_POINT('',(4612.41451546519,1804.3902994757,196.502));
#10353=CARTESIAN_POINT('',(5582.3045154652,1804.3902994757,-1760.1987177874));
#10354=CARTESIAN_POINT('',(4612.41451546519,1804.3902994757,-1760.1987177874));
#10355=CARTESIAN_POINT('',(4612.41451546519,1804.3902994757,196.502));
#10356=CARTESIAN_POINT('',(4612.41451546519,1804.3902994757,-1760.1987177874));
#10357=CARTESIAN_POINT('',(4612.41451546519,1140.38426384242,196.502));
#10358=CARTESIAN_POINT('',(4612.41451546519,1140.38426384242,-1760.1987177874));
#10359=CARTESIAN_POINT('',(4612.41451546519,1804.3902994757,196.502));
#10360=CARTESIAN_POINT('',(4612.41451546519,1140.38426384242,196.502));
#10361=CARTESIAN_POINT('',(4612.41451546519,1804.3902994757,-1760.1987177874));
#10362=CARTESIAN_POINT('',(4612.41451546519,1140.38426384242,-1760.1987177874));
#10363=CARTESIAN_POINT('',(4611.41451546518,1139.38426384241,196.502));
#10364=CARTESIAN_POINT('',(4611.41451546518,1139.38426384241,-1760.1987177874));
#10365=CARTESIAN_POINT('',(4611.41451546518,1139.38426384241,196.502));
#10366=CARTESIAN_POINT('',(3339.15451546518,1139.38426384241,196.502));
#10367=CARTESIAN_POINT('',(3339.15451546518,1139.38426384241,196.502));
#10368=CARTESIAN_POINT('',(3339.15451546518,1139.38426384241,-1760.1987177874));
#10369=CARTESIAN_POINT('',(4611.41451546518,1139.38426384241,-1760.1987177874));
#10370=CARTESIAN_POINT('',(3339.15451546518,1139.38426384241,-1760.1987177874));
#10371=CARTESIAN_POINT('',(3338.15451546519,1140.38426384241,196.502));
#10372=CARTESIAN_POINT('',(3338.15451546519,1140.38426384241,-1760.1987177874));
#10373=CARTESIAN_POINT('',(3338.15451546519,1140.38426384241,196.502));
#10374=CARTESIAN_POINT('',(3338.15451546519,1900.17085488708,196.502));
#10375=CARTESIAN_POINT('',(3338.15451546519,1140.38426384241,-1760.1987177874));
#10376=CARTESIAN_POINT('',(3338.15451546519,1900.17085488707,-1760.1987177874));
#10377=CARTESIAN_POINT('',(3338.15451546519,1900.17085488708,196.502));
#10378=CARTESIAN_POINT('',(3338.15451546519,1900.17085488707,-1760.1987177874));
#10379=CARTESIAN_POINT('',(3290.15451546519,1900.17085488708,196.502));
#10380=CARTESIAN_POINT('',(3290.15451546519,1900.17085488708,-1760.1987177874));
#10381=CARTESIAN_POINT('',(3338.15451546519,1900.17085488708,196.502));
#10382=CARTESIAN_POINT('',(3290.15451546519,1900.17085488708,196.502));
#10383=CARTESIAN_POINT('',(3338.15451546519,1900.17085488707,-1760.1987177874));
#10384=CARTESIAN_POINT('',(3290.15451546519,1900.17085488708,-1760.1987177874));
#10385=CARTESIAN_POINT('',(3290.15451546519,-430.862264366626,196.502));
#10386=CARTESIAN_POINT('',(3290.15451546519,-430.862264366626,-1760.1987177874));
#10387=CARTESIAN_POINT('',(3290.15451546519,1900.17085488708,196.502));
#10388=CARTESIAN_POINT('',(3290.15451546519,-430.862264366626,196.502));
#10389=CARTESIAN_POINT('',(3290.15451546519,1900.17085488708,-1760.1987177874));
#10390=CARTESIAN_POINT('',(3290.15451546519,-430.862264366626,-1760.1987177874));
#10391=CARTESIAN_POINT('',(3289.15451546518,-431.862264366624,196.502));
#10392=CARTESIAN_POINT('',(3289.15451546518,-431.862264366624,-1760.1987177874));
#10393=CARTESIAN_POINT('',(3289.15451546518,-431.862264366624,196.502));
#10394=CARTESIAN_POINT('',(2216.46851546518,-431.862264366624,196.502));
#10395=CARTESIAN_POINT('',(2216.46851546518,-431.862264366624,196.502));
#10396=CARTESIAN_POINT('',(2216.46851546518,-431.862264366624,-1760.1987177874));
#10397=CARTESIAN_POINT('',(3289.15451546518,-431.862264366624,-1760.1987177874));
#10398=CARTESIAN_POINT('',(2216.46851546518,-431.862264366624,-1760.1987177874));
#10399=CARTESIAN_POINT('',(2215.46851546519,-430.862264366624,196.502));
#10400=CARTESIAN_POINT('',(2215.46851546519,-430.862264366624,-1760.1987177874));
#10401=CARTESIAN_POINT('',(2215.46851546519,-430.862264366624,196.502));
#10402=CARTESIAN_POINT('',(2215.46851546519,2081.28328615877,196.502));
#10403=CARTESIAN_POINT('',(2215.46851546519,2081.28328615877,196.502));
#10404=CARTESIAN_POINT('',(2215.46851546519,2081.28328615877,-1760.1987177874));
#10405=CARTESIAN_POINT('',(2215.46851546519,-430.862264366624,-1760.1987177874));
#10406=CARTESIAN_POINT('',(2215.46851546519,2081.28328615877,-1760.1987177874));
#10407=CARTESIAN_POINT('',(2216.46851546519,2082.28328615877,196.502));
#10408=CARTESIAN_POINT('',(2216.46851546519,2082.28328615877,-1760.1987177874));
#10409=CARTESIAN_POINT('',(2216.46851546519,2082.28328615877,196.502));
#10410=CARTESIAN_POINT('',(3289.15451546519,2082.28328615877,196.502));
#10411=CARTESIAN_POINT('',(3289.15451546519,2082.28328615877,196.502));
#10412=CARTESIAN_POINT('',(3289.15451546519,2082.28328615877,-1760.1987177874));
#10413=CARTESIAN_POINT('',(2216.46851546519,2082.28328615877,-1760.1987177874));
#10414=CARTESIAN_POINT('',(3289.15451546519,2082.28328615877,-1760.1987177874));
#10415=CARTESIAN_POINT('',(3290.15451546519,2081.28328615877,196.502));
#10416=CARTESIAN_POINT('',(3290.15451546519,2081.28328615877,-1760.1987177874));
#10417=CARTESIAN_POINT('',(3290.15451546519,2081.28328615877,196.502));
#10418=CARTESIAN_POINT('',(3290.15451546519,2010.85227284092,196.502));
#10419=CARTESIAN_POINT('',(3290.15451546519,2081.28328615877,-1760.1987177874));
#10420=CARTESIAN_POINT('',(3290.15451546519,2010.85227284092,-1760.1987177874));
#10421=CARTESIAN_POINT('',(3290.15451546519,2010.85227284092,196.502));
#10422=CARTESIAN_POINT('',(3290.15451546519,2010.85227284092,-1760.1987177874));
#10423=CARTESIAN_POINT('',(3338.15451546519,2010.85227284091,196.502));
#10424=CARTESIAN_POINT('',(3338.15451546519,2010.85227284091,-1760.1987177874));
#10425=CARTESIAN_POINT('',(3290.15451546519,2010.85227284092,196.502));
#10426=CARTESIAN_POINT('',(3338.15451546519,2010.85227284091,196.502));
#10427=CARTESIAN_POINT('',(3290.15451546519,2010.85227284092,-1760.1987177874));
#10428=CARTESIAN_POINT('',(3338.15451546519,2010.85227284091,-1760.1987177874));
#10429=CARTESIAN_POINT('',(3338.15451546519,2081.28328615877,196.502));
#10430=CARTESIAN_POINT('',(3338.15451546519,2081.28328615877,-1760.1987177874));
#10431=CARTESIAN_POINT('',(3338.15451546519,2010.85227284091,196.502));
#10432=CARTESIAN_POINT('',(3338.15451546519,2081.28328615877,196.502));
#10433=CARTESIAN_POINT('',(3338.15451546519,2010.85227284091,-1760.1987177874));
#10434=CARTESIAN_POINT('',(3338.15451546519,2081.28328615877,-1760.1987177874));
#10435=CARTESIAN_POINT('',(3339.15451546519,2082.28328615877,196.502));
#10436=CARTESIAN_POINT('',(3339.15451546519,2082.28328615877,-1760.1987177874));
#10437=CARTESIAN_POINT('',(3339.15451546519,2082.28328615877,196.502));
#10438=CARTESIAN_POINT('',(4611.41451546519,2082.28328615877,196.502));
#10439=CARTESIAN_POINT('',(5582.30451546519,2082.28328615877,196.502));
#10440=CARTESIAN_POINT('',(5582.30451546519,2082.28328615877,196.502));
#10441=CARTESIAN_POINT('',(5582.30451546519,2082.28328615877,-1760.1987177874));
#10442=CARTESIAN_POINT('',(3339.15451546519,2082.28328615877,-1760.1987177874));
#10443=CARTESIAN_POINT('',(4611.41451546519,2082.28328615877,-1760.1987177874));
#10444=CARTESIAN_POINT('',(5582.30451546519,2082.28328615877,-1760.1987177874));
#10445=CARTESIAN_POINT('',(5583.30451546519,2081.28328615877,196.502));
#10446=CARTESIAN_POINT('',(5583.30451546519,2081.28328615877,-1760.1987177874));
#10447=CARTESIAN_POINT('',(5583.30451546519,2081.28328615877,196.502));
#10448=CARTESIAN_POINT('',(5583.30451546519,2002.88196269699,196.502));
#10449=CARTESIAN_POINT('',(5583.30451546519,2081.28328615877,-1760.1987177874));
#10450=CARTESIAN_POINT('',(5583.30451546519,2002.88196269699,-1760.1987177874));
#10451=CARTESIAN_POINT('',(5583.30451546519,2002.88196269699,196.502));
#10452=CARTESIAN_POINT('',(5583.30451546519,2002.88196269699,-1760.1987177874));
#10453=CARTESIAN_POINT('',(5631.30451546519,2002.88196269699,196.502));
#10454=CARTESIAN_POINT('',(5631.30451546519,2002.88196269699,-1760.1987177874));
#10455=CARTESIAN_POINT('',(5583.30451546519,2002.88196269699,196.502));
#10456=CARTESIAN_POINT('',(5631.30451546519,2002.88196269699,196.502));
#10457=CARTESIAN_POINT('',(5583.30451546519,2002.88196269699,-1760.1987177874));
#10458=CARTESIAN_POINT('',(5631.30451546519,2002.88196269699,-1760.1987177874));
#10459=CARTESIAN_POINT('',(5631.30451546519,2081.28328615878,196.502));
#10460=CARTESIAN_POINT('',(5631.30451546519,2081.28328615878,-1760.1987177874));
#10461=CARTESIAN_POINT('',(5631.30451546519,2002.88196269699,196.502));
#10462=CARTESIAN_POINT('',(5631.30451546519,2081.28328615878,196.502));
#10463=CARTESIAN_POINT('',(5631.30451546519,2002.88196269699,-1760.1987177874));
#10464=CARTESIAN_POINT('',(5631.30451546519,2081.28328615878,-1760.1987177874));
#10465=CARTESIAN_POINT('',(5632.3045154652,2082.28328615877,196.502));
#10466=CARTESIAN_POINT('',(5632.3045154652,2082.28328615877,-1760.1987177874));
#10467=CARTESIAN_POINT('',(5632.3045154652,2082.28328615877,196.502));
#10468=CARTESIAN_POINT('',(8853.18451546519,2082.28328615877,196.502));
#10469=CARTESIAN_POINT('',(9566.0245154652,2082.28328615877,196.502));
#10470=CARTESIAN_POINT('',(9566.0245154652,2082.28328615877,196.502));
#10471=CARTESIAN_POINT('',(9566.0245154652,2082.28328615877,-1760.1987177874));
#10472=CARTESIAN_POINT('',(5632.3045154652,2082.28328615877,-1760.1987177874));
#10473=CARTESIAN_POINT('',(8853.18451546519,2082.28328615877,-1760.1987177874));
#10474=CARTESIAN_POINT('',(9566.0245154652,2082.28328615877,-1760.1987177874));
#10475=CARTESIAN_POINT('',(9567.02451546519,2081.28328615878,196.502));
#10476=CARTESIAN_POINT('',(9567.02451546519,2081.28328615878,-1760.1987177874));
#10477=CARTESIAN_POINT('',(9567.02451546519,2081.28328615878,196.502));
#10478=CARTESIAN_POINT('',(9567.02451546519,2000.65954074816,196.502));
#10479=CARTESIAN_POINT('',(9567.02451546519,2081.28328615878,-1760.1987177874));
#10480=CARTESIAN_POINT('',(9567.02451546519,2000.65954074817,-1760.1987177874));
#10481=CARTESIAN_POINT('',(9567.02451546519,2000.65954074816,196.502));
#10482=CARTESIAN_POINT('',(9567.02451546519,2000.65954074817,-1760.1987177874));
#10483=CARTESIAN_POINT('',(9615.02451546519,2000.65954074816,196.502));
#10484=CARTESIAN_POINT('',(9615.02451546518,2000.65954074816,-1760.1987177874));
#10485=CARTESIAN_POINT('',(9567.02451546519,2000.65954074816,196.502));
#10486=CARTESIAN_POINT('',(9615.02451546519,2000.65954074816,196.502));
#10487=CARTESIAN_POINT('',(9567.02451546519,2000.65954074817,-1760.1987177874));
#10488=CARTESIAN_POINT('',(9615.02451546518,2000.65954074816,-1760.1987177874));
#10489=CARTESIAN_POINT('',(9615.02451546519,2081.28328615878,196.502));
#10490=CARTESIAN_POINT('',(9615.02451546519,2081.28328615878,-1760.1987177874));
#10491=CARTESIAN_POINT('',(9615.02451546519,2000.65954074816,196.502));
#10492=CARTESIAN_POINT('',(9615.02451546519,2081.28328615878,196.502));
#10493=CARTESIAN_POINT('',(9615.02451546518,2000.65954074816,-1760.1987177874));
#10494=CARTESIAN_POINT('',(9615.02451546519,2081.28328615878,-1760.1987177874));
#10495=CARTESIAN_POINT('',(9616.02451546519,2082.28328615877,196.502));
#10496=CARTESIAN_POINT('',(9616.02451546519,2082.28328615877,-1760.1987177874));
#10497=CARTESIAN_POINT('',(9616.02451546519,2082.28328615877,196.502));
#10498=CARTESIAN_POINT('',(10668.9345154652,2082.28328615877,196.502));
#10499=CARTESIAN_POINT('',(10668.9345154652,2082.28328615877,196.502));
#10500=CARTESIAN_POINT('',(10668.9345154652,2082.28328615877,-1760.1987177874));
#10501=CARTESIAN_POINT('',(9616.02451546519,2082.28328615877,-1760.1987177874));
#10502=CARTESIAN_POINT('',(10668.9345154652,2082.28328615877,-1760.1987177874));
#10503=CARTESIAN_POINT('',(10669.9345154652,2081.28328615877,196.502));
#10504=CARTESIAN_POINT('',(10669.9345154652,2081.28328615877,-1760.1987177874));
#10505=CARTESIAN_POINT('',(10669.9345154652,2081.28328615877,196.502));
#10506=CARTESIAN_POINT('',(10669.9345154652,-430.862264366622,196.502));
#10507=CARTESIAN_POINT('',(10669.9345154652,-430.862264366622,196.502));
#10508=CARTESIAN_POINT('',(10669.9345154652,-430.862264366622,-1760.1987177874));
#10509=CARTESIAN_POINT('',(10669.9345154652,2081.28328615877,-1760.1987177874));
#10510=CARTESIAN_POINT('',(10669.9345154652,-430.862264366622,-1760.1987177874));
#10511=CARTESIAN_POINT('',(10668.9345154652,-431.862264366624,196.502));
#10512=CARTESIAN_POINT('',(10668.9345154652,-431.862264366624,-1760.1987177874));
#10513=CARTESIAN_POINT('',(10668.9345154652,-431.862264366624,196.502));
#10514=CARTESIAN_POINT('',(9616.02451546519,-431.862264366624,196.502));
#10515=CARTESIAN_POINT('',(9616.02451546519,-431.862264366624,196.502));
#10516=CARTESIAN_POINT('',(9616.02451546519,-431.862264366624,-1760.1987177874));
#10517=CARTESIAN_POINT('',(10668.9345154652,-431.862264366624,-1760.1987177874));
#10518=CARTESIAN_POINT('',(9616.02451546519,-431.862264366624,-1760.1987177874));
#10519=CARTESIAN_POINT('',(9615.02451546519,-430.862264366624,196.502));
#10520=CARTESIAN_POINT('',(9615.02451546519,-430.862264366624,-1760.1987177874));
#10521=CARTESIAN_POINT('',(9615.02451546519,-430.862264366624,196.502));
#10522=CARTESIAN_POINT('',(9615.02451546519,1912.35370884364,196.502));
#10523=CARTESIAN_POINT('',(9615.02451546519,-430.862264366624,-1760.1987177874));
#10524=CARTESIAN_POINT('',(9615.02451546519,1912.35370884364,-1760.1987177874));
#10525=CARTESIAN_POINT('',(9615.02451546519,1912.35370884364,196.502));
#10526=CARTESIAN_POINT('',(9615.02451546519,1912.35370884364,-1760.1987177874));
#10527=CARTESIAN_POINT('',(9567.02451546518,1912.35370884364,196.502));
#10528=CARTESIAN_POINT('',(9567.02451546518,1912.35370884364,-1760.1987177874));
#10529=CARTESIAN_POINT('',(9615.02451546519,1912.35370884364,196.502));
#10530=CARTESIAN_POINT('',(9567.02451546518,1912.35370884364,196.502));
#10531=CARTESIAN_POINT('',(9615.02451546519,1912.35370884364,-1760.1987177874));
#10532=CARTESIAN_POINT('',(9567.02451546518,1912.35370884364,-1760.1987177874));
#10533=CARTESIAN_POINT('',(9567.02451546519,1805.39029947571,196.502));
#10534=CARTESIAN_POINT('',(9567.02451546519,1805.39029947571,-1760.1987177874));
#10535=CARTESIAN_POINT('',(9567.02451546518,1912.35370884364,196.502));
#10536=CARTESIAN_POINT('',(9567.02451546519,1805.39029947571,196.502));
#10537=CARTESIAN_POINT('',(9567.02451546518,1912.35370884364,-1760.1987177874));
#10538=CARTESIAN_POINT('',(9567.02451546519,1805.39029947571,-1760.1987177874));
#10539=CARTESIAN_POINT('',(9566.02451546519,1804.3902994757,196.502));
#10540=CARTESIAN_POINT('',(9566.02451546519,1804.3902994757,-1760.1987177874));
#10541=CARTESIAN_POINT('',(9566.02451546519,1804.3902994757,196.502));
#10542=CARTESIAN_POINT('',(8854.18451546519,1804.3902994757,196.502));
#10543=CARTESIAN_POINT('',(9566.02451546519,1804.3902994757,-1760.1987177874));
#10544=CARTESIAN_POINT('',(8854.18451546519,1804.3902994757,-1760.1987177874));
#10545=CARTESIAN_POINT('',(8854.18451546519,1804.3902994757,196.502));
#10546=CARTESIAN_POINT('',(8854.18451546519,1804.3902994757,-1760.1987177874));
#10547=CARTESIAN_POINT('',(8854.18451546519,732.854329044845,196.502));
#10548=CARTESIAN_POINT('',(8854.18451546519,732.854329044845,-455.731572595798));
#10549=CARTESIAN_POINT('',(8854.18451546519,732.854329044845,-1107.9651451916));
#10550=CARTESIAN_POINT('',(8854.18451546519,732.854329044845,-1760.1987177874));
#10551=CARTESIAN_POINT('',(8854.18451546519,1804.3902994757,196.502));
#10552=CARTESIAN_POINT('',(8854.18451546519,732.854329044845,196.502));
#10553=CARTESIAN_POINT('',(8854.18451546519,1804.3902994757,-1760.1987177874));
#10554=CARTESIAN_POINT('',(8854.18451546519,732.854329044845,-1760.1987177874));
#10555=CARTESIAN_POINT('',(5583.30451546519,1805.3902994757,-1760.1987177874));
#10556=CARTESIAN_POINT('',(5583.30451546519,1804.97608591333,-1760.1987177874));
#10557=CARTESIAN_POINT('',(5583.01162224638,1804.68319269452,-1760.1987177874));
#10558=CARTESIAN_POINT('',(5582.71872902757,1804.3902994757,-1760.1987177874));
#10559=CARTESIAN_POINT('',(5582.3045154652,1804.3902994757,-1760.1987177874));
#10560=CARTESIAN_POINT('',(5582.3045154652,1804.3902994757,196.502));
#10561=CARTESIAN_POINT('',(5582.71872902757,1804.3902994757,196.502));
#10562=CARTESIAN_POINT('',(5583.01162224638,1804.68319269452,196.502));
#10563=CARTESIAN_POINT('',(5583.30451546519,1804.97608591333,196.502));
#10564=CARTESIAN_POINT('',(5583.30451546519,1805.3902994757,196.502));
#10565=CARTESIAN_POINT('',(4612.41451546519,1140.38426384242,-1760.1987177874));
#10566=CARTESIAN_POINT('',(4612.41451546519,1139.97005028004,-1760.1987177874));
#10567=CARTESIAN_POINT('',(4612.12162224638,1139.67715706123,-1760.1987177874));
#10568=CARTESIAN_POINT('',(4611.82872902756,1139.38426384241,-1760.1987177874));
#10569=CARTESIAN_POINT('',(4611.41451546518,1139.38426384241,-1760.1987177874));
#10570=CARTESIAN_POINT('',(4611.41451546518,1139.38426384241,196.502));
#10571=CARTESIAN_POINT('',(4611.82872902756,1139.38426384241,196.502));
#10572=CARTESIAN_POINT('',(4612.12162224638,1139.67715706123,196.502));
#10573=CARTESIAN_POINT('',(4612.41451546519,1139.97005028004,196.502));
#10574=CARTESIAN_POINT('',(4612.41451546519,1140.38426384242,196.502));
#10575=CARTESIAN_POINT('',(3339.15451546518,1139.38426384241,-1760.1987177874));
#10576=CARTESIAN_POINT('',(3338.74030190281,1139.38426384242,-1760.1987177874));
#10577=CARTESIAN_POINT('',(3338.447408684,1139.67715706123,-1760.1987177874));
#10578=CARTESIAN_POINT('',(3338.15451546519,1139.97005028004,-1760.1987177874));
#10579=CARTESIAN_POINT('',(3338.15451546519,1140.38426384241,-1760.1987177874));
#10580=CARTESIAN_POINT('',(3338.15451546519,1140.38426384241,196.502));
#10581=CARTESIAN_POINT('',(3338.15451546519,1139.97005028004,196.502));
#10582=CARTESIAN_POINT('',(3338.447408684,1139.67715706123,196.502));
#10583=CARTESIAN_POINT('',(3338.74030190281,1139.38426384242,196.502));
#10584=CARTESIAN_POINT('',(3339.15451546518,1139.38426384241,196.502));
#10585=CARTESIAN_POINT('',(3290.15451546519,-430.862264366626,-1760.1987177874));
#10586=CARTESIAN_POINT('',(3290.15451546519,-431.276477929001,-1760.1987177874));
#10587=CARTESIAN_POINT('',(3289.86162224637,-431.569371147814,-1760.1987177874));
#10588=CARTESIAN_POINT('',(3289.56872902756,-431.862264366627,-1760.1987177874));
#10589=CARTESIAN_POINT('',(3289.15451546518,-431.862264366624,-1760.1987177874));
#10590=CARTESIAN_POINT('',(3289.15451546518,-431.862264366624,196.502));
#10591=CARTESIAN_POINT('',(3289.56872902756,-431.862264366627,196.502));
#10592=CARTESIAN_POINT('',(3289.86162224637,-431.569371147814,196.502));
#10593=CARTESIAN_POINT('',(3290.15451546519,-431.276477929001,196.502));
#10594=CARTESIAN_POINT('',(3290.15451546519,-430.862264366626,196.502));
#10595=CARTESIAN_POINT('',(2216.46851546518,-431.862264366624,-1760.1987177874));
#10596=CARTESIAN_POINT('',(2216.05430190281,-431.86226436662,-1760.1987177874));
#10597=CARTESIAN_POINT('',(2215.761408684,-431.569371147808,-1760.1987177874));
#10598=CARTESIAN_POINT('',(2215.46851546519,-431.276477928995,-1760.1987177874));
#10599=CARTESIAN_POINT('',(2215.46851546519,-430.862264366624,-1760.1987177874));
#10600=CARTESIAN_POINT('',(2215.46851546519,-430.862264366624,196.502));
#10601=CARTESIAN_POINT('',(2215.46851546519,-431.276477928995,196.502));
#10602=CARTESIAN_POINT('',(2215.761408684,-431.569371147808,196.502));
#10603=CARTESIAN_POINT('',(2216.05430190281,-431.86226436662,196.502));
#10604=CARTESIAN_POINT('',(2216.46851546518,-431.862264366624,196.502));
#10605=CARTESIAN_POINT('',(2215.46851546519,2081.28328615877,-1760.1987177874));
#10606=CARTESIAN_POINT('',(2215.46851546519,2081.69749972115,-1760.1987177874));
#10607=CARTESIAN_POINT('',(2215.761408684,2081.99039293996,-1760.1987177874));
#10608=CARTESIAN_POINT('',(2216.05430190282,2082.28328615877,-1760.1987177874));
#10609=CARTESIAN_POINT('',(2216.46851546519,2082.28328615877,-1760.1987177874));
#10610=CARTESIAN_POINT('',(2216.46851546519,2082.28328615877,196.502));
#10611=CARTESIAN_POINT('',(2216.05430190282,2082.28328615877,196.502));
#10612=CARTESIAN_POINT('',(2215.761408684,2081.99039293996,196.502));
#10613=CARTESIAN_POINT('',(2215.46851546519,2081.69749972115,196.502));
#10614=CARTESIAN_POINT('',(2215.46851546519,2081.28328615877,196.502));
#10615=CARTESIAN_POINT('',(3289.15451546519,2082.28328615877,-1760.1987177874));
#10616=CARTESIAN_POINT('',(3289.56872902756,2082.28328615877,-1760.1987177874));
#10617=CARTESIAN_POINT('',(3289.86162224638,2081.99039293996,-1760.1987177874));
#10618=CARTESIAN_POINT('',(3290.15451546519,2081.69749972115,-1760.1987177874));
#10619=CARTESIAN_POINT('',(3290.15451546519,2081.28328615877,-1760.1987177874));
#10620=CARTESIAN_POINT('',(3290.15451546519,2081.28328615877,196.502));
#10621=CARTESIAN_POINT('',(3290.15451546519,2081.69749972115,196.502));
#10622=CARTESIAN_POINT('',(3289.86162224638,2081.99039293996,196.502));
#10623=CARTESIAN_POINT('',(3289.56872902756,2082.28328615877,196.502));
#10624=CARTESIAN_POINT('',(3289.15451546519,2082.28328615877,196.502));
#10625=CARTESIAN_POINT('',(3338.15451546519,2081.28328615877,-1760.1987177874));
#10626=CARTESIAN_POINT('',(3338.15451546519,2081.69749972115,-1760.1987177874));
#10627=CARTESIAN_POINT('',(3338.447408684,2081.99039293996,-1760.1987177874));
#10628=CARTESIAN_POINT('',(3338.74030190282,2082.28328615877,-1760.1987177874));
#10629=CARTESIAN_POINT('',(3339.15451546519,2082.28328615877,-1760.1987177874));
#10630=CARTESIAN_POINT('',(3339.15451546519,2082.28328615877,196.502));
#10631=CARTESIAN_POINT('',(3338.74030190282,2082.28328615877,196.502));
#10632=CARTESIAN_POINT('',(3338.447408684,2081.99039293996,196.502));
#10633=CARTESIAN_POINT('',(3338.15451546519,2081.69749972115,196.502));
#10634=CARTESIAN_POINT('',(3338.15451546519,2081.28328615877,196.502));
#10635=CARTESIAN_POINT('',(5582.30451546519,2082.28328615877,-1760.1987177874));
#10636=CARTESIAN_POINT('',(5582.71872902756,2082.28328615877,-1760.1987177874));
#10637=CARTESIAN_POINT('',(5583.01162224637,2081.99039293996,-1760.1987177874));
#10638=CARTESIAN_POINT('',(5583.30451546518,2081.69749972115,-1760.1987177874));
#10639=CARTESIAN_POINT('',(5583.30451546519,2081.28328615877,-1760.1987177874));
#10640=CARTESIAN_POINT('',(5583.30451546519,2081.28328615877,196.502));
#10641=CARTESIAN_POINT('',(5583.30451546518,2081.69749972115,196.502));
#10642=CARTESIAN_POINT('',(5583.01162224637,2081.99039293996,196.502));
#10643=CARTESIAN_POINT('',(5582.71872902756,2082.28328615877,196.502));
#10644=CARTESIAN_POINT('',(5582.30451546519,2082.28328615877,196.502));
#10645=CARTESIAN_POINT('',(5631.30451546519,2081.28328615878,-1760.1987177874));
#10646=CARTESIAN_POINT('',(5631.30451546519,2081.69749972115,-1760.1987177874));
#10647=CARTESIAN_POINT('',(5631.597408684,2081.99039293996,-1760.1987177874));
#10648=CARTESIAN_POINT('',(5631.89030190282,2082.28328615878,-1760.1987177874));
#10649=CARTESIAN_POINT('',(5632.3045154652,2082.28328615877,-1760.1987177874));
#10650=CARTESIAN_POINT('',(5632.3045154652,2082.28328615877,196.502));
#10651=CARTESIAN_POINT('',(5631.89030190282,2082.28328615878,196.502));
#10652=CARTESIAN_POINT('',(5631.597408684,2081.99039293996,196.502));
#10653=CARTESIAN_POINT('',(5631.30451546519,2081.69749972115,196.502));
#10654=CARTESIAN_POINT('',(5631.30451546519,2081.28328615878,196.502));
#10655=CARTESIAN_POINT('',(9566.0245154652,2082.28328615877,-1760.1987177874));
#10656=CARTESIAN_POINT('',(9566.43872902757,2082.28328615877,-1760.1987177874));
#10657=CARTESIAN_POINT('',(9566.73162224638,2081.99039293996,-1760.1987177874));
#10658=CARTESIAN_POINT('',(9567.02451546519,2081.69749972115,-1760.1987177874));
#10659=CARTESIAN_POINT('',(9567.02451546519,2081.28328615878,-1760.1987177874));
#10660=CARTESIAN_POINT('',(9567.02451546519,2081.28328615878,196.502));
#10661=CARTESIAN_POINT('',(9567.02451546519,2081.69749972115,196.502));
#10662=CARTESIAN_POINT('',(9566.73162224638,2081.99039293996,196.502));
#10663=CARTESIAN_POINT('',(9566.43872902757,2082.28328615877,196.502));
#10664=CARTESIAN_POINT('',(9566.0245154652,2082.28328615877,196.502));
#10665=CARTESIAN_POINT('',(9615.02451546519,2081.28328615878,-1760.1987177874));
#10666=CARTESIAN_POINT('',(9615.02451546519,2081.69749972115,-1760.1987177874));
#10667=CARTESIAN_POINT('',(9615.317408684,2081.99039293996,-1760.1987177874));
#10668=CARTESIAN_POINT('',(9615.61030190282,2082.28328615877,-1760.1987177874));
#10669=CARTESIAN_POINT('',(9616.02451546519,2082.28328615877,-1760.1987177874));
#10670=CARTESIAN_POINT('',(9616.02451546519,2082.28328615877,196.502));
#10671=CARTESIAN_POINT('',(9615.61030190282,2082.28328615877,196.502));
#10672=CARTESIAN_POINT('',(9615.317408684,2081.99039293996,196.502));
#10673=CARTESIAN_POINT('',(9615.02451546519,2081.69749972115,196.502));
#10674=CARTESIAN_POINT('',(9615.02451546519,2081.28328615878,196.502));
#10675=CARTESIAN_POINT('',(10668.9345154652,2082.28328615877,-1760.1987177874));
#10676=CARTESIAN_POINT('',(10669.3487290276,2082.28328615877,-1760.1987177874));
#10677=CARTESIAN_POINT('',(10669.6416222464,2081.99039293996,-1760.1987177874));
#10678=CARTESIAN_POINT('',(10669.9345154652,2081.69749972115,-1760.1987177874));
#10679=CARTESIAN_POINT('',(10669.9345154652,2081.28328615877,-1760.1987177874));
#10680=CARTESIAN_POINT('',(10669.9345154652,2081.28328615877,196.502));
#10681=CARTESIAN_POINT('',(10669.9345154652,2081.69749972115,196.502));
#10682=CARTESIAN_POINT('',(10669.6416222464,2081.99039293996,196.502));
#10683=CARTESIAN_POINT('',(10669.3487290276,2082.28328615877,196.502));
#10684=CARTESIAN_POINT('',(10668.9345154652,2082.28328615877,196.502));
#10685=CARTESIAN_POINT('',(10669.9345154652,-430.862264366622,-1760.1987177874));
#10686=CARTESIAN_POINT('',(10669.9345154652,-431.276477928996,-1760.1987177874));
#10687=CARTESIAN_POINT('',(10669.6416222464,-431.56937114781,-1760.1987177874));
#10688=CARTESIAN_POINT('',(10669.3487290276,-431.862264366625,-1760.1987177874));
#10689=CARTESIAN_POINT('',(10668.9345154652,-431.862264366624,-1760.1987177874));
#10690=CARTESIAN_POINT('',(10668.9345154652,-431.862264366624,196.502));
#10691=CARTESIAN_POINT('',(10669.3487290276,-431.862264366625,196.502));
#10692=CARTESIAN_POINT('',(10669.6416222464,-431.56937114781,196.502));
#10693=CARTESIAN_POINT('',(10669.9345154652,-431.276477928996,196.502));
#10694=CARTESIAN_POINT('',(10669.9345154652,-430.862264366622,196.502));
#10695=CARTESIAN_POINT('',(9616.02451546519,-431.862264366624,-1760.1987177874));
#10696=CARTESIAN_POINT('',(9615.61030190281,-431.862264366623,-1760.1987177874));
#10697=CARTESIAN_POINT('',(9615.317408684,-431.56937114781,-1760.1987177874));
#10698=CARTESIAN_POINT('',(9615.02451546519,-431.276477928996,-1760.1987177874));
#10699=CARTESIAN_POINT('',(9615.02451546519,-430.862264366624,-1760.1987177874));
#10700=CARTESIAN_POINT('',(9615.02451546519,-430.862264366624,196.502));
#10701=CARTESIAN_POINT('',(9615.02451546519,-431.276477928996,196.502));
#10702=CARTESIAN_POINT('',(9615.317408684,-431.56937114781,196.502));
#10703=CARTESIAN_POINT('',(9615.61030190281,-431.862264366623,196.502));
#10704=CARTESIAN_POINT('',(9616.02451546519,-431.862264366624,196.502));
#10705=CARTESIAN_POINT('',(9567.02451546519,1805.39029947571,-1760.1987177874));
#10706=CARTESIAN_POINT('',(9567.02451546519,1804.97608591333,-1760.1987177874));
#10707=CARTESIAN_POINT('',(9566.73162224638,1804.68319269451,-1760.1987177874));
#10708=CARTESIAN_POINT('',(9566.43872902757,1804.3902994757,-1760.1987177874));
#10709=CARTESIAN_POINT('',(9566.02451546519,1804.3902994757,-1760.1987177874));
#10710=CARTESIAN_POINT('',(9566.02451546519,1804.3902994757,196.502));
#10711=CARTESIAN_POINT('',(9566.43872902757,1804.3902994757,196.502));
#10712=CARTESIAN_POINT('',(9566.73162224638,1804.68319269451,196.502));
#10713=CARTESIAN_POINT('',(9567.02451546519,1804.97608591333,196.502));
#10714=CARTESIAN_POINT('',(9567.02451546519,1805.39029947571,196.502));
#10715=CARTESIAN_POINT('',(5632.30451546519,732.854329035401,196.502));
#10716=CARTESIAN_POINT('',(5631.30451546519,732.854329035401,196.502));
#10717=CARTESIAN_POINT('',(8854.18451546519,732.854329044845,196.502));
#10718=CARTESIAN_POINT('',(8854.18506931425,572.887350217232,196.502));
#10719=CARTESIAN_POINT('',(8817.46250502044,412.296862656314,196.502));
#10720=CARTESIAN_POINT('',(8741.00937134546,257.623116898356,196.502));
#10721=CARTESIAN_POINT('',(8701.18872739405,177.061237189878,196.502));
#10722=CARTESIAN_POINT('',(8651.26552383183,99.6803323236418,196.502));
#10723=CARTESIAN_POINT('',(8591.45025927748,26.4019349079421,196.502));
#10724=CARTESIAN_POINT('',(8530.78281768838,-47.9204463116625,196.502));
#10725=CARTESIAN_POINT('',(8460.78957786307,-116.982754761249,196.502));
#10726=CARTESIAN_POINT('',(8382.12257576958,-179.989783923135,196.502));
#10727=CARTESIAN_POINT('',(8224.78857158258,-306.003842246907,196.502));
#10728=CARTESIAN_POINT('',(8039.77975237083,-402.723896030763,196.502));
#10729=CARTESIAN_POINT('',(7835.84122454771,-467.388965859847,196.502));
#10730=CARTESIAN_POINT('',(7642.7879631791,-528.602522515315,196.502));
#10731=CARTESIAN_POINT('',(7442.37629377198,-557.998308515448,196.502));
#10732=CARTESIAN_POINT('',(7242.7445276526,-557.998499772383,196.502));
#10733=CARTESIAN_POINT('',(7043.11276153135,-557.998311535103,196.502));
#10734=CARTESIAN_POINT('',(6842.70109156732,-528.60252801095,196.502));
#10735=CARTESIAN_POINT('',(6649.64782904158,-467.388973119214,196.502));
#10736=CARTESIAN_POINT('',(6445.70929999608,-402.723905153311,196.502));
#10737=CARTESIAN_POINT('',(6260.70047895739,-306.003852340892,196.502));
#10738=CARTESIAN_POINT('',(6103.36647239145,-179.989794017871,196.502));
#10739=CARTESIAN_POINT('',(6024.69946910849,-116.982764856361,196.502));
#10740=CARTESIAN_POINT('',(5954.70622797965,-47.9204561618771,196.502));
#10741=CARTESIAN_POINT('',(5894.0387849879,26.401925542523,196.502));
#10742=CARTESIAN_POINT('',(5834.22351905059,99.6803234362084,196.502));
#10743=CARTESIAN_POINT('',(5784.30031402813,177.061229007063,196.502));
#10744=CARTESIAN_POINT('',(5744.47966855632,257.623109632488,196.502));
#10745=CARTESIAN_POINT('',(5668.02653196227,412.296857150929,196.502));
#10746=CARTESIAN_POINT('',(5631.30396463728,572.887347183158,196.502));
#10747=CARTESIAN_POINT('',(5631.30451546519,732.854329035401,196.502));
#10748=CARTESIAN_POINT('',(8854.18451546519,732.854329044845,196.502));
#10749=CARTESIAN_POINT('',(8853.18451546519,732.854329035401,196.502));
#10750=CARTESIAN_POINT('',(5632.30451546519,732.854329035401,196.502));
#10751=CARTESIAN_POINT('',(5632.30451546519,1908.18310620694,196.502));
#10752=CARTESIAN_POINT('',(5632.30451546519,1908.18310620694,196.502));
#10753=CARTESIAN_POINT('',(5631.30451546519,1908.18310620695,196.502));
#10754=CARTESIAN_POINT('',(5631.30451546519,1909.18310620695,196.502));
#10755=CARTESIAN_POINT('',(5583.30451546519,1909.18310620695,196.502));
#10756=CARTESIAN_POINT('',(5583.30451546519,1909.18310620695,196.502));
#10757=CARTESIAN_POINT('',(5583.30451546519,1908.18310620695,196.502));
#10758=CARTESIAN_POINT('',(5631.30451546519,1908.18310620695,196.502));
#10759=CARTESIAN_POINT('',(5631.30451546519,1909.18310620695,196.502));
#10760=CARTESIAN_POINT('',(5582.30451546519,1908.18310620695,196.502));
#10761=CARTESIAN_POINT('',(5582.30451546519,1805.3902994757,196.502));
#10762=CARTESIAN_POINT('',(5582.30451546519,1805.3902994757,196.502));
#10763=CARTESIAN_POINT('',(5583.30451546519,1805.3902994757,196.502));
#10764=CARTESIAN_POINT('',(5583.30451546519,1908.18310620695,196.502));
#10765=CARTESIAN_POINT('',(5582.30451546519,1908.18310620695,196.502));
#10766=CARTESIAN_POINT('',(5582.30451546519,1805.3902994757,196.502));
#10767=CARTESIAN_POINT('',(4612.41451546519,1805.3902994757,196.502));
#10768=CARTESIAN_POINT('',(4612.41451546519,1805.3902994757,196.502));
#10769=CARTESIAN_POINT('',(4612.41451546519,1804.3902994757,196.502));
#10770=CARTESIAN_POINT('',(5582.3045154652,1804.3902994757,196.502));
#10771=CARTESIAN_POINT('',(5582.30451546519,1805.3902994757,196.502));
#10772=CARTESIAN_POINT('',(4611.41451546519,1804.3902994757,196.502));
#10773=CARTESIAN_POINT('',(4611.41451546519,1140.38426384241,196.502));
#10774=CARTESIAN_POINT('',(4611.41451546519,1140.38426384241,196.502));
#10775=CARTESIAN_POINT('',(4612.41451546519,1140.38426384242,196.502));
#10776=CARTESIAN_POINT('',(4612.41451546519,1804.3902994757,196.502));
#10777=CARTESIAN_POINT('',(4611.41451546519,1804.3902994757,196.502));
#10778=CARTESIAN_POINT('',(3339.15451546519,1140.38426384241,196.502));
#10779=CARTESIAN_POINT('',(3339.15451546518,1139.38426384241,196.502));
#10780=CARTESIAN_POINT('',(4611.41451546518,1139.38426384241,196.502));
#10781=CARTESIAN_POINT('',(4611.41451546519,1140.38426384241,196.502));
#10782=CARTESIAN_POINT('',(3339.15451546519,1140.38426384241,196.502));
#10783=CARTESIAN_POINT('',(3339.15451546519,1900.17085488708,196.502));
#10784=CARTESIAN_POINT('',(3339.15451546519,1900.17085488708,196.502));
#10785=CARTESIAN_POINT('',(3338.15451546519,1900.17085488708,196.502));
#10786=CARTESIAN_POINT('',(3338.15451546519,1140.38426384241,196.502));
#10787=CARTESIAN_POINT('',(3339.15451546519,1140.38426384241,196.502));
#10788=CARTESIAN_POINT('',(3338.15451546519,1901.17085488708,196.502));
#10789=CARTESIAN_POINT('',(3290.15451546519,1901.17085488708,196.502));
#10790=CARTESIAN_POINT('',(3290.15451546519,1901.17085488708,196.502));
#10791=CARTESIAN_POINT('',(3290.15451546519,1900.17085488708,196.502));
#10792=CARTESIAN_POINT('',(3338.15451546519,1900.17085488708,196.502));
#10793=CARTESIAN_POINT('',(3338.15451546519,1901.17085488708,196.502));
#10794=CARTESIAN_POINT('',(3289.15451546519,1900.17085488707,196.502));
#10795=CARTESIAN_POINT('',(3289.15451546519,-430.862264366624,196.502));
#10796=CARTESIAN_POINT('',(3289.15451546519,-430.862264366624,196.502));
#10797=CARTESIAN_POINT('',(3290.15451546519,-430.862264366626,196.502));
#10798=CARTESIAN_POINT('',(3290.15451546519,1900.17085488708,196.502));
#10799=CARTESIAN_POINT('',(3289.15451546519,1900.17085488707,196.502));
#10800=CARTESIAN_POINT('',(2216.46851546519,-430.862264366624,196.502));
#10801=CARTESIAN_POINT('',(2216.46851546518,-431.862264366624,196.502));
#10802=CARTESIAN_POINT('',(3289.15451546518,-431.862264366624,196.502));
#10803=CARTESIAN_POINT('',(3289.15451546519,-430.862264366624,196.502));
#10804=CARTESIAN_POINT('',(2216.46851546519,2081.28328615878,196.502));
#10805=CARTESIAN_POINT('',(2215.46851546519,2081.28328615877,196.502));
#10806=CARTESIAN_POINT('',(2215.46851546519,-430.862264366624,196.502));
#10807=CARTESIAN_POINT('',(2216.46851546519,-430.862264366624,196.502));
#10808=CARTESIAN_POINT('',(3289.15451546519,2081.28328615878,196.502));
#10809=CARTESIAN_POINT('',(3289.15451546519,2082.28328615877,196.502));
#10810=CARTESIAN_POINT('',(2216.46851546519,2082.28328615877,196.502));
#10811=CARTESIAN_POINT('',(2216.46851546519,2081.28328615878,196.502));
#10812=CARTESIAN_POINT('',(3289.15451546519,2081.28328615878,196.502));
#10813=CARTESIAN_POINT('',(3289.15451546519,2010.85227284092,196.502));
#10814=CARTESIAN_POINT('',(3289.15451546519,2010.85227284092,196.502));
#10815=CARTESIAN_POINT('',(3290.15451546519,2010.85227284092,196.502));
#10816=CARTESIAN_POINT('',(3290.15451546519,2081.28328615877,196.502));
#10817=CARTESIAN_POINT('',(3289.15451546519,2081.28328615878,196.502));
#10818=CARTESIAN_POINT('',(3290.15451546519,2009.85227284092,196.502));
#10819=CARTESIAN_POINT('',(3338.15451546519,2009.85227284092,196.502));
#10820=CARTESIAN_POINT('',(3338.15451546519,2009.85227284092,196.502));
#10821=CARTESIAN_POINT('',(3338.15451546519,2010.85227284091,196.502));
#10822=CARTESIAN_POINT('',(3290.15451546519,2010.85227284092,196.502));
#10823=CARTESIAN_POINT('',(3290.15451546519,2009.85227284092,196.502));
#10824=CARTESIAN_POINT('',(3339.15451546519,2010.85227284091,196.502));
#10825=CARTESIAN_POINT('',(3339.15451546519,2081.28328615878,196.502));
#10826=CARTESIAN_POINT('',(3339.15451546519,2081.28328615878,196.502));
#10827=CARTESIAN_POINT('',(3338.15451546519,2081.28328615877,196.502));
#10828=CARTESIAN_POINT('',(3338.15451546519,2010.85227284091,196.502));
#10829=CARTESIAN_POINT('',(3339.15451546519,2010.85227284091,196.502));
#10830=CARTESIAN_POINT('',(5582.30451546519,2081.28328615878,196.502));
#10831=CARTESIAN_POINT('',(5582.30451546519,2082.28328615877,196.502));
#10832=CARTESIAN_POINT('',(3339.15451546519,2082.28328615877,196.502));
#10833=CARTESIAN_POINT('',(3339.15451546519,2081.28328615878,196.502));
#10834=CARTESIAN_POINT('',(5582.30451546519,2081.28328615878,196.502));
#10835=CARTESIAN_POINT('',(5582.30451546519,2002.88196269699,196.502));
#10836=CARTESIAN_POINT('',(5582.30451546519,2002.88196269699,196.502));
#10837=CARTESIAN_POINT('',(5583.30451546519,2002.88196269699,196.502));
#10838=CARTESIAN_POINT('',(5583.30451546519,2081.28328615877,196.502));
#10839=CARTESIAN_POINT('',(5582.30451546519,2081.28328615878,196.502));
#10840=CARTESIAN_POINT('',(5583.30451546519,2001.88196269699,196.502));
#10841=CARTESIAN_POINT('',(5631.30451546519,2001.88196269699,196.502));
#10842=CARTESIAN_POINT('',(5631.30451546519,2001.88196269699,196.502));
#10843=CARTESIAN_POINT('',(5631.30451546519,2002.88196269699,196.502));
#10844=CARTESIAN_POINT('',(5583.30451546519,2002.88196269699,196.502));
#10845=CARTESIAN_POINT('',(5583.30451546519,2001.88196269699,196.502));
#10846=CARTESIAN_POINT('',(5632.30451546519,2002.881962697,196.502));
#10847=CARTESIAN_POINT('',(5632.30451546519,2081.28328615878,196.502));
#10848=CARTESIAN_POINT('',(5632.30451546519,2081.28328615878,196.502));
#10849=CARTESIAN_POINT('',(5631.30451546519,2081.28328615878,196.502));
#10850=CARTESIAN_POINT('',(5631.30451546519,2002.88196269699,196.502));
#10851=CARTESIAN_POINT('',(5632.30451546519,2002.881962697,196.502));
#10852=CARTESIAN_POINT('',(9566.02451546519,2081.28328615878,196.502));
#10853=CARTESIAN_POINT('',(9566.0245154652,2082.28328615877,196.502));
#10854=CARTESIAN_POINT('',(5632.3045154652,2082.28328615877,196.502));
#10855=CARTESIAN_POINT('',(5632.30451546519,2081.28328615878,196.502));
#10856=CARTESIAN_POINT('',(9566.02451546519,2081.28328615878,196.502));
#10857=CARTESIAN_POINT('',(9566.02451546519,2000.65954074817,196.502));
#10858=CARTESIAN_POINT('',(9566.02451546519,2000.65954074817,196.502));
#10859=CARTESIAN_POINT('',(9567.02451546519,2000.65954074816,196.502));
#10860=CARTESIAN_POINT('',(9567.02451546519,2081.28328615878,196.502));
#10861=CARTESIAN_POINT('',(9566.02451546519,2081.28328615878,196.502));
#10862=CARTESIAN_POINT('',(9567.0245154652,1999.65954074816,196.502));
#10863=CARTESIAN_POINT('',(9615.02451546519,1999.65954074816,196.502));
#10864=CARTESIAN_POINT('',(9615.02451546519,1999.65954074816,196.502));
#10865=CARTESIAN_POINT('',(9615.02451546519,2000.65954074816,196.502));
#10866=CARTESIAN_POINT('',(9567.02451546519,2000.65954074816,196.502));
#10867=CARTESIAN_POINT('',(9567.0245154652,1999.65954074816,196.502));
#10868=CARTESIAN_POINT('',(9616.02451546519,2000.65954074816,196.502));
#10869=CARTESIAN_POINT('',(9616.02451546519,2081.28328615878,196.502));
#10870=CARTESIAN_POINT('',(9616.02451546519,2081.28328615878,196.502));
#10871=CARTESIAN_POINT('',(9615.02451546519,2081.28328615878,196.502));
#10872=CARTESIAN_POINT('',(9615.02451546519,2000.65954074816,196.502));
#10873=CARTESIAN_POINT('',(9616.02451546519,2000.65954074816,196.502));
#10874=CARTESIAN_POINT('',(10668.9345154652,2081.28328615878,196.502));
#10875=CARTESIAN_POINT('',(10668.9345154652,2082.28328615877,196.502));
#10876=CARTESIAN_POINT('',(9616.02451546519,2082.28328615877,196.502));
#10877=CARTESIAN_POINT('',(9616.02451546519,2081.28328615878,196.502));
#10878=CARTESIAN_POINT('',(10668.9345154652,-430.862264366624,196.502));
#10879=CARTESIAN_POINT('',(10669.9345154652,-430.862264366622,196.502));
#10880=CARTESIAN_POINT('',(10669.9345154652,2081.28328615877,196.502));
#10881=CARTESIAN_POINT('',(10668.9345154652,2081.28328615878,196.502));
#10882=CARTESIAN_POINT('',(9616.02451546519,-430.862264366624,196.502));
#10883=CARTESIAN_POINT('',(9616.02451546519,-431.862264366624,196.502));
#10884=CARTESIAN_POINT('',(10668.9345154652,-431.862264366624,196.502));
#10885=CARTESIAN_POINT('',(10668.9345154652,-430.862264366624,196.502));
#10886=CARTESIAN_POINT('',(9616.02451546519,-430.862264366624,196.502));
#10887=CARTESIAN_POINT('',(9616.02451546519,1912.35370884364,196.502));
#10888=CARTESIAN_POINT('',(9616.02451546519,1912.35370884364,196.502));
#10889=CARTESIAN_POINT('',(9615.02451546519,1912.35370884364,196.502));
#10890=CARTESIAN_POINT('',(9615.02451546519,-430.862264366624,196.502));
#10891=CARTESIAN_POINT('',(9616.02451546519,-430.862264366624,196.502));
#10892=CARTESIAN_POINT('',(9615.02451546519,1913.35370884364,196.502));
#10893=CARTESIAN_POINT('',(9567.02451546518,1913.35370884364,196.502));
#10894=CARTESIAN_POINT('',(9567.02451546518,1913.35370884364,196.502));
#10895=CARTESIAN_POINT('',(9567.02451546518,1912.35370884364,196.502));
#10896=CARTESIAN_POINT('',(9615.02451546519,1912.35370884364,196.502));
#10897=CARTESIAN_POINT('',(9615.02451546519,1913.35370884364,196.502));
#10898=CARTESIAN_POINT('',(9566.02451546519,1912.35370884365,196.502));
#10899=CARTESIAN_POINT('',(9566.02451546519,1805.3902994757,196.502));
#10900=CARTESIAN_POINT('',(9566.02451546519,1805.3902994757,196.502));
#10901=CARTESIAN_POINT('',(9567.02451546519,1805.39029947571,196.502));
#10902=CARTESIAN_POINT('',(9567.02451546518,1912.35370884364,196.502));
#10903=CARTESIAN_POINT('',(9566.02451546519,1912.35370884365,196.502));
#10904=CARTESIAN_POINT('',(9566.02451546519,1805.3902994757,196.502));
#10905=CARTESIAN_POINT('',(8854.18451546519,1805.3902994757,196.502));
#10906=CARTESIAN_POINT('',(8854.18451546519,1805.3902994757,196.502));
#10907=CARTESIAN_POINT('',(8854.18451546519,1804.3902994757,196.502));
#10908=CARTESIAN_POINT('',(9566.02451546519,1804.3902994757,196.502));
#10909=CARTESIAN_POINT('',(9566.02451546519,1805.3902994757,196.502));
#10910=CARTESIAN_POINT('',(8853.18451546519,1804.3902994757,196.502));
#10911=CARTESIAN_POINT('',(8853.18451546519,732.854329035401,196.502));
#10912=CARTESIAN_POINT('',(8854.18451546519,1804.3902994757,196.502));
#10913=CARTESIAN_POINT('',(8853.18451546519,1804.3902994757,196.502));
#10914=CARTESIAN_POINT('',(5632.30451546519,1908.18310620694,-1760.1987177874));
#10915=CARTESIAN_POINT('',(5632.30451546519,732.854329035401,-1760.1987177874));
#10916=CARTESIAN_POINT('',(5632.30451546519,732.854329035401,-1760.1987177874));
#10917=CARTESIAN_POINT('',(5631.30451546519,732.854329035401,-1760.1987177874));
#10918=CARTESIAN_POINT('',(5631.30451546519,1908.18310620695,-1760.1987177874));
#10919=CARTESIAN_POINT('',(5632.30451546519,1908.18310620694,-1760.1987177874));
#10920=CARTESIAN_POINT('',(5583.30451546519,1909.18310620695,-1760.1987177874));
#10921=CARTESIAN_POINT('',(5631.30451546519,1909.18310620695,-1760.1987177874));
#10922=CARTESIAN_POINT('',(5631.30451546519,1909.18310620695,-1760.1987177874));
#10923=CARTESIAN_POINT('',(5631.30451546519,1908.18310620695,-1760.1987177874));
#10924=CARTESIAN_POINT('',(5583.30451546519,1908.18310620695,-1760.1987177874));
#10925=CARTESIAN_POINT('',(5583.30451546519,1909.18310620695,-1760.1987177874));
#10926=CARTESIAN_POINT('',(5582.30451546519,1805.3902994757,-1760.1987177874));
#10927=CARTESIAN_POINT('',(5582.30451546519,1908.18310620695,-1760.1987177874));
#10928=CARTESIAN_POINT('',(5582.30451546519,1908.18310620695,-1760.1987177874));
#10929=CARTESIAN_POINT('',(5583.30451546519,1908.18310620695,-1760.1987177874));
#10930=CARTESIAN_POINT('',(5583.30451546519,1805.3902994757,-1760.1987177874));
#10931=CARTESIAN_POINT('',(5582.30451546519,1805.3902994757,-1760.1987177874));
#10932=CARTESIAN_POINT('',(4612.41451546519,1805.3902994757,-1760.1987177874));
#10933=CARTESIAN_POINT('',(5582.30451546519,1805.3902994757,-1760.1987177874));
#10934=CARTESIAN_POINT('',(5582.30451546519,1805.3902994757,-1760.1987177874));
#10935=CARTESIAN_POINT('',(5582.3045154652,1804.3902994757,-1760.1987177874));
#10936=CARTESIAN_POINT('',(4612.41451546519,1804.3902994757,-1760.1987177874));
#10937=CARTESIAN_POINT('',(4612.41451546519,1805.3902994757,-1760.1987177874));
#10938=CARTESIAN_POINT('',(4611.41451546519,1140.38426384241,-1760.1987177874));
#10939=CARTESIAN_POINT('',(4611.41451546519,1804.3902994757,-1760.1987177874));
#10940=CARTESIAN_POINT('',(4611.41451546519,1804.3902994757,-1760.1987177874));
#10941=CARTESIAN_POINT('',(4612.41451546519,1804.3902994757,-1760.1987177874));
#10942=CARTESIAN_POINT('',(4612.41451546519,1140.38426384242,-1760.1987177874));
#10943=CARTESIAN_POINT('',(4611.41451546519,1140.38426384241,-1760.1987177874));
#10944=CARTESIAN_POINT('',(4611.41451546519,1140.38426384241,-1760.1987177874));
#10945=CARTESIAN_POINT('',(4611.41451546518,1139.38426384241,-1760.1987177874));
#10946=CARTESIAN_POINT('',(3339.15451546518,1139.38426384241,-1760.1987177874));
#10947=CARTESIAN_POINT('',(3339.15451546519,1140.38426384241,-1760.1987177874));
#10948=CARTESIAN_POINT('',(3339.15451546519,1900.17085488708,-1760.1987177874));
#10949=CARTESIAN_POINT('',(3339.15451546519,1140.38426384241,-1760.1987177874));
#10950=CARTESIAN_POINT('',(3339.15451546519,1140.38426384241,-1760.1987177874));
#10951=CARTESIAN_POINT('',(3338.15451546519,1140.38426384241,-1760.1987177874));
#10952=CARTESIAN_POINT('',(3338.15451546519,1900.17085488707,-1760.1987177874));
#10953=CARTESIAN_POINT('',(3339.15451546519,1900.17085488708,-1760.1987177874));
#10954=CARTESIAN_POINT('',(3290.15451546519,1901.17085488708,-1760.1987177874));
#10955=CARTESIAN_POINT('',(3338.15451546519,1901.17085488708,-1760.1987177874));
#10956=CARTESIAN_POINT('',(3338.15451546519,1901.17085488708,-1760.1987177874));
#10957=CARTESIAN_POINT('',(3338.15451546519,1900.17085488707,-1760.1987177874));
#10958=CARTESIAN_POINT('',(3290.15451546519,1900.17085488708,-1760.1987177874));
#10959=CARTESIAN_POINT('',(3290.15451546519,1901.17085488708,-1760.1987177874));
#10960=CARTESIAN_POINT('',(3289.15451546519,-430.862264366624,-1760.1987177874));
#10961=CARTESIAN_POINT('',(3289.15451546519,1900.17085488707,-1760.1987177874));
#10962=CARTESIAN_POINT('',(3289.15451546519,1900.17085488707,-1760.1987177874));
#10963=CARTESIAN_POINT('',(3290.15451546519,1900.17085488708,-1760.1987177874));
#10964=CARTESIAN_POINT('',(3290.15451546519,-430.862264366626,-1760.1987177874));
#10965=CARTESIAN_POINT('',(3289.15451546519,-430.862264366624,-1760.1987177874));
#10966=CARTESIAN_POINT('',(3289.15451546519,-430.862264366624,-1760.1987177874));
#10967=CARTESIAN_POINT('',(3289.15451546518,-431.862264366624,-1760.1987177874));
#10968=CARTESIAN_POINT('',(2216.46851546518,-431.862264366624,-1760.1987177874));
#10969=CARTESIAN_POINT('',(2216.46851546519,-430.862264366624,-1760.1987177874));
#10970=CARTESIAN_POINT('',(2216.46851546519,-430.862264366624,-1760.1987177874));
#10971=CARTESIAN_POINT('',(2215.46851546519,-430.862264366624,-1760.1987177874));
#10972=CARTESIAN_POINT('',(2215.46851546519,2081.28328615877,-1760.1987177874));
#10973=CARTESIAN_POINT('',(2216.46851546519,2081.28328615878,-1760.1987177874));
#10974=CARTESIAN_POINT('',(2216.46851546519,2081.28328615878,-1760.1987177874));
#10975=CARTESIAN_POINT('',(2216.46851546519,2082.28328615877,-1760.1987177874));
#10976=CARTESIAN_POINT('',(3289.15451546519,2082.28328615877,-1760.1987177874));
#10977=CARTESIAN_POINT('',(3289.15451546519,2081.28328615878,-1760.1987177874));
#10978=CARTESIAN_POINT('',(3289.15451546519,2010.85227284092,-1760.1987177874));
#10979=CARTESIAN_POINT('',(3289.15451546519,2081.28328615878,-1760.1987177874));
#10980=CARTESIAN_POINT('',(3289.15451546519,2081.28328615878,-1760.1987177874));
#10981=CARTESIAN_POINT('',(3290.15451546519,2081.28328615877,-1760.1987177874));
#10982=CARTESIAN_POINT('',(3290.15451546519,2010.85227284092,-1760.1987177874));
#10983=CARTESIAN_POINT('',(3289.15451546519,2010.85227284092,-1760.1987177874));
#10984=CARTESIAN_POINT('',(3338.15451546519,2009.85227284092,-1760.1987177874));
#10985=CARTESIAN_POINT('',(3290.15451546519,2009.85227284092,-1760.1987177874));
#10986=CARTESIAN_POINT('',(3290.15451546519,2009.85227284092,-1760.1987177874));
#10987=CARTESIAN_POINT('',(3290.15451546519,2010.85227284092,-1760.1987177874));
#10988=CARTESIAN_POINT('',(3338.15451546519,2010.85227284091,-1760.1987177874));
#10989=CARTESIAN_POINT('',(3338.15451546519,2009.85227284092,-1760.1987177874));
#10990=CARTESIAN_POINT('',(3339.15451546519,2081.28328615878,-1760.1987177874));
#10991=CARTESIAN_POINT('',(3339.15451546519,2010.85227284091,-1760.1987177874));
#10992=CARTESIAN_POINT('',(3339.15451546519,2010.85227284091,-1760.1987177874));
#10993=CARTESIAN_POINT('',(3338.15451546519,2010.85227284091,-1760.1987177874));
#10994=CARTESIAN_POINT('',(3338.15451546519,2081.28328615877,-1760.1987177874));
#10995=CARTESIAN_POINT('',(3339.15451546519,2081.28328615878,-1760.1987177874));
#10996=CARTESIAN_POINT('',(3339.15451546519,2081.28328615878,-1760.1987177874));
#10997=CARTESIAN_POINT('',(3339.15451546519,2082.28328615877,-1760.1987177874));
#10998=CARTESIAN_POINT('',(5582.30451546519,2082.28328615877,-1760.1987177874));
#10999=CARTESIAN_POINT('',(5582.30451546519,2081.28328615878,-1760.1987177874));
#11000=CARTESIAN_POINT('',(5582.30451546519,2002.88196269699,-1760.1987177874));
#11001=CARTESIAN_POINT('',(5582.30451546519,2081.28328615878,-1760.1987177874));
#11002=CARTESIAN_POINT('',(5582.30451546519,2081.28328615878,-1760.1987177874));
#11003=CARTESIAN_POINT('',(5583.30451546519,2081.28328615877,-1760.1987177874));
#11004=CARTESIAN_POINT('',(5583.30451546519,2002.88196269699,-1760.1987177874));
#11005=CARTESIAN_POINT('',(5582.30451546519,2002.88196269699,-1760.1987177874));
#11006=CARTESIAN_POINT('',(5631.30451546519,2001.88196269699,-1760.1987177874));
#11007=CARTESIAN_POINT('',(5583.30451546519,2001.88196269699,-1760.1987177874));
#11008=CARTESIAN_POINT('',(5583.30451546519,2001.88196269699,-1760.1987177874));
#11009=CARTESIAN_POINT('',(5583.30451546519,2002.88196269699,-1760.1987177874));
#11010=CARTESIAN_POINT('',(5631.30451546519,2002.88196269699,-1760.1987177874));
#11011=CARTESIAN_POINT('',(5631.30451546519,2001.88196269699,-1760.1987177874));
#11012=CARTESIAN_POINT('',(5632.30451546519,2081.28328615878,-1760.1987177874));
#11013=CARTESIAN_POINT('',(5632.30451546519,2002.881962697,-1760.1987177874));
#11014=CARTESIAN_POINT('',(5632.30451546519,2002.881962697,-1760.1987177874));
#11015=CARTESIAN_POINT('',(5631.30451546519,2002.88196269699,-1760.1987177874));
#11016=CARTESIAN_POINT('',(5631.30451546519,2081.28328615878,-1760.1987177874));
#11017=CARTESIAN_POINT('',(5632.30451546519,2081.28328615878,-1760.1987177874));
#11018=CARTESIAN_POINT('',(5632.30451546519,2081.28328615878,-1760.1987177874));
#11019=CARTESIAN_POINT('',(5632.3045154652,2082.28328615877,-1760.1987177874));
#11020=CARTESIAN_POINT('',(9566.0245154652,2082.28328615877,-1760.1987177874));
#11021=CARTESIAN_POINT('',(9566.02451546519,2081.28328615878,-1760.1987177874));
#11022=CARTESIAN_POINT('',(9566.02451546519,2000.65954074817,-1760.1987177874));
#11023=CARTESIAN_POINT('',(9566.02451546519,2081.28328615878,-1760.1987177874));
#11024=CARTESIAN_POINT('',(9566.02451546519,2081.28328615878,-1760.1987177874));
#11025=CARTESIAN_POINT('',(9567.02451546519,2081.28328615878,-1760.1987177874));
#11026=CARTESIAN_POINT('',(9567.02451546519,2000.65954074817,-1760.1987177874));
#11027=CARTESIAN_POINT('',(9566.02451546519,2000.65954074817,-1760.1987177874));
#11028=CARTESIAN_POINT('',(9615.02451546519,1999.65954074816,-1760.1987177874));
#11029=CARTESIAN_POINT('',(9567.0245154652,1999.65954074816,-1760.1987177874));
#11030=CARTESIAN_POINT('',(9567.0245154652,1999.65954074816,-1760.1987177874));
#11031=CARTESIAN_POINT('',(9567.02451546519,2000.65954074817,-1760.1987177874));
#11032=CARTESIAN_POINT('',(9615.02451546518,2000.65954074816,-1760.1987177874));
#11033=CARTESIAN_POINT('',(9615.02451546519,1999.65954074816,-1760.1987177874));
#11034=CARTESIAN_POINT('',(9616.02451546519,2081.28328615878,-1760.1987177874));
#11035=CARTESIAN_POINT('',(9616.02451546519,2000.65954074816,-1760.1987177874));
#11036=CARTESIAN_POINT('',(9616.02451546519,2000.65954074816,-1760.1987177874));
#11037=CARTESIAN_POINT('',(9615.02451546518,2000.65954074816,-1760.1987177874));
#11038=CARTESIAN_POINT('',(9615.02451546519,2081.28328615878,-1760.1987177874));
#11039=CARTESIAN_POINT('',(9616.02451546519,2081.28328615878,-1760.1987177874));
#11040=CARTESIAN_POINT('',(9616.02451546519,2081.28328615878,-1760.1987177874));
#11041=CARTESIAN_POINT('',(9616.02451546519,2082.28328615877,-1760.1987177874));
#11042=CARTESIAN_POINT('',(10668.9345154652,2082.28328615877,-1760.1987177874));
#11043=CARTESIAN_POINT('',(10668.9345154652,2081.28328615878,-1760.1987177874));
#11044=CARTESIAN_POINT('',(10668.9345154652,2081.28328615878,-1760.1987177874));
#11045=CARTESIAN_POINT('',(10669.9345154652,2081.28328615877,-1760.1987177874));
#11046=CARTESIAN_POINT('',(10669.9345154652,-430.862264366622,-1760.1987177874));
#11047=CARTESIAN_POINT('',(10668.9345154652,-430.862264366624,-1760.1987177874));
#11048=CARTESIAN_POINT('',(10668.9345154652,-430.862264366624,-1760.1987177874));
#11049=CARTESIAN_POINT('',(10668.9345154652,-431.862264366624,-1760.1987177874));
#11050=CARTESIAN_POINT('',(9616.02451546519,-431.862264366624,-1760.1987177874));
#11051=CARTESIAN_POINT('',(9616.02451546519,-430.862264366624,-1760.1987177874));
#11052=CARTESIAN_POINT('',(9616.02451546519,1912.35370884364,-1760.1987177874));
#11053=CARTESIAN_POINT('',(9616.02451546519,-430.862264366624,-1760.1987177874));
#11054=CARTESIAN_POINT('',(9616.02451546519,-430.862264366624,-1760.1987177874));
#11055=CARTESIAN_POINT('',(9615.02451546519,-430.862264366624,-1760.1987177874));
#11056=CARTESIAN_POINT('',(9615.02451546519,1912.35370884364,-1760.1987177874));
#11057=CARTESIAN_POINT('',(9616.02451546519,1912.35370884364,-1760.1987177874));
#11058=CARTESIAN_POINT('',(9567.02451546518,1913.35370884364,-1760.1987177874));
#11059=CARTESIAN_POINT('',(9615.02451546519,1913.35370884364,-1760.1987177874));
#11060=CARTESIAN_POINT('',(9615.02451546519,1913.35370884364,-1760.1987177874));
#11061=CARTESIAN_POINT('',(9615.02451546519,1912.35370884364,-1760.1987177874));
#11062=CARTESIAN_POINT('',(9567.02451546518,1912.35370884364,-1760.1987177874));
#11063=CARTESIAN_POINT('',(9567.02451546518,1913.35370884364,-1760.1987177874));
#11064=CARTESIAN_POINT('',(9566.02451546519,1805.3902994757,-1760.1987177874));
#11065=CARTESIAN_POINT('',(9566.02451546519,1912.35370884365,-1760.1987177874));
#11066=CARTESIAN_POINT('',(9566.02451546519,1912.35370884365,-1760.1987177874));
#11067=CARTESIAN_POINT('',(9567.02451546518,1912.35370884364,-1760.1987177874));
#11068=CARTESIAN_POINT('',(9567.02451546519,1805.39029947571,-1760.1987177874));
#11069=CARTESIAN_POINT('',(9566.02451546519,1805.3902994757,-1760.1987177874));
#11070=CARTESIAN_POINT('',(8854.18451546519,1805.3902994757,-1760.1987177874));
#11071=CARTESIAN_POINT('',(9566.02451546519,1805.3902994757,-1760.1987177874));
#11072=CARTESIAN_POINT('',(9566.02451546519,1805.3902994757,-1760.1987177874));
#11073=CARTESIAN_POINT('',(9566.02451546519,1804.3902994757,-1760.1987177874));
#11074=CARTESIAN_POINT('',(8854.18451546519,1804.3902994757,-1760.1987177874));
#11075=CARTESIAN_POINT('',(8854.18451546519,1805.3902994757,-1760.1987177874));
#11076=CARTESIAN_POINT('',(8853.18451546519,732.854329035401,-1760.1987177874));
#11077=CARTESIAN_POINT('',(8853.18451546519,1804.3902994757,-1760.1987177874));
#11078=CARTESIAN_POINT('',(8853.18451546519,1804.3902994757,-1760.1987177874));
#11079=CARTESIAN_POINT('',(8854.18451546519,1804.3902994757,-1760.1987177874));
#11080=CARTESIAN_POINT('',(8854.18451546519,732.854329044845,-1760.1987177874));
#11081=CARTESIAN_POINT('',(8853.18451546519,732.854329035401,-1760.1987177874));
#11082=CARTESIAN_POINT('',(8854.18451546519,732.854329044845,-1760.1987177874));
#11083=CARTESIAN_POINT('',(8854.18506931425,572.887350217232,-1760.1987177874));
#11084=CARTESIAN_POINT('',(8797.97616154117,327.081642524083,-1760.1987177874));
#11085=CARTESIAN_POINT('',(8600.27923665745,20.6516491501573,-1760.1987177874));
#11086=CARTESIAN_POINT('',(8319.29117195669,-256.599188837189,-1760.1987177874));
#11087=CARTESIAN_POINT('',(7859.9142727957,-496.755082935724,-1760.1987177874));
#11088=CARTESIAN_POINT('',(7442.37629377198,-557.998308515448,-1760.1987177874));
#11089=CARTESIAN_POINT('',(7242.7445276526,-557.998499772383,-1760.1987177874));
#11090=CARTESIAN_POINT('',(7043.11276153135,-557.998311535103,-1760.1987177874));
#11091=CARTESIAN_POINT('',(6625.57478134736,-496.75509111384,-1760.1987177874));
#11092=CARTESIAN_POINT('',(6166.19787765008,-256.599199427385,-1760.1987177874));
#11093=CARTESIAN_POINT('',(5885.20980771632,20.6516395431016,-1760.1987177874));
#11094=CARTESIAN_POINT('',(5687.51287705,327.081635707329,-1760.1987177874));
#11095=CARTESIAN_POINT('',(5631.30396463728,572.887347183158,-1760.1987177874));
#11096=CARTESIAN_POINT('',(5631.30451546519,732.854329035401,-1760.1987177874));
#11097=CARTESIAN_POINT('',(7231.82843555487,764.409306533987,-796.839996734626));
#11098=CARTESIAN_POINT('',(7223.42774371289,153.560797394835,364.328381707612));
#11099=CARTESIAN_POINT('',(7231.82843555487,764.409306533988,-796.839996734626));
#11100=CARTESIAN_POINT('',(6449.34184562374,-29.9576557333844,364.328381707612));
#11101=CARTESIAN_POINT('',(7302.56278299469,358.689470413279,166.518724318116));
#11102=CARTESIAN_POINT('',(7302.56278299469,358.689470413279,-1760.19871778737));
#11103=CARTESIAN_POINT('',(7223.42774371289,-302.349150757068,166.518724318116));
#11104=CARTESIAN_POINT('',(6483.45648268439,4.15698132725856,166.518724318116));
#11105=CARTESIAN_POINT('',(6483.45648268439,4.15698132725856,-1760.19871778737));
#11106=CARTESIAN_POINT('',(7223.42774371289,-302.349150757068,-1760.19871778737));
#11107=CARTESIAN_POINT('',(7223.42774371289,107.443608309255,166.518724318116));
#11108=CARTESIAN_POINT('',(7223.42774371289,107.443608309255,-1760.19871778737));
#11109=CARTESIAN_POINT('',(6773.22372150133,293.924220144204,166.518724318116));
#11110=CARTESIAN_POINT('',(6773.22372150133,293.924220144204,-1760.19871778737));
#11111=CARTESIAN_POINT('',(7223.42774371289,-302.349150757068,166.518724318116));
#11112=CARTESIAN_POINT('',(6791.37194611366,-298.946723910242,166.518724318116));
#11113=CARTESIAN_POINT('',(6483.45648268439,4.15698132725811,166.518724318116));
#11114=CARTESIAN_POINT('',(6483.45648268439,4.15698132725811,166.518724318116));
#11115=CARTESIAN_POINT('',(6483.45648268439,4.15698132725811,-1760.19871778737));
#11116=CARTESIAN_POINT('',(6483.45648268439,4.15698132725811,-1760.19871778737));
#11117=CARTESIAN_POINT('',(6791.37194611366,-298.946723910243,-1760.19871778737));
#11118=CARTESIAN_POINT('',(7223.42774371289,-302.349150757068,-1760.19871778737));
#11119=CARTESIAN_POINT('',(7223.42774371289,-302.349150757068,-1760.19871778737));
#11120=CARTESIAN_POINT('',(7223.42774371289,-302.349150757068,166.518724318116));
#11121=CARTESIAN_POINT('',(7223.42774371289,107.443608309255,166.518724318116));
#11122=CARTESIAN_POINT('',(7223.42774371289,-302.349150757068,166.518724318116));
#11123=CARTESIAN_POINT('',(7223.42774371289,-302.349150757068,-1760.19871778737));
#11124=CARTESIAN_POINT('',(7223.42774371289,107.443608309255,-1760.19871778737));
#11125=CARTESIAN_POINT('',(7223.42774371289,107.443608309255,-1760.19871778737));
#11126=CARTESIAN_POINT('',(7223.42774371289,107.443608309255,166.518724318116));
#11127=CARTESIAN_POINT('',(7223.42774371289,107.443608309255,166.518724318116));
#11128=CARTESIAN_POINT('',(6961.09380964505,110.798100858488,166.518724318116));
#11129=CARTESIAN_POINT('',(6773.22372150133,293.924220144204,166.518724318116));
#11130=CARTESIAN_POINT('',(6773.22372150133,293.924220144204,-1760.19871778737));
#11131=CARTESIAN_POINT('',(6961.09380964505,110.798100858488,-1760.19871778737));
#11132=CARTESIAN_POINT('',(7223.42774371289,107.443608309255,-1760.19871778737));
#11133=CARTESIAN_POINT('',(6773.22372150133,293.924220144204,166.518724318116));
#11134=CARTESIAN_POINT('',(6773.22372150133,293.924220144204,-1760.19871778737));
#11135=CARTESIAN_POINT('',(6483.45648268439,4.15698132725811,166.518724318116));
#11136=CARTESIAN_POINT('',(6773.22372150133,293.924220144204,166.518724318116));
#11137=CARTESIAN_POINT('',(6773.22372150133,293.924220144204,-1760.19871778737));
#11138=CARTESIAN_POINT('',(6483.45648268439,4.15698132725811,-1760.19871778737));
#11139=CARTESIAN_POINT('',(7231.82843555487,764.409306533987,-796.839996734626));
#11140=CARTESIAN_POINT('',(7668.19888488402,1188.89938352689,364.328381707612));
#11141=CARTESIAN_POINT('',(7231.82843555487,764.409306533988,-796.839996734626));
#11142=CARTESIAN_POINT('',(8344.70408193151,772.809998375969,364.328381707612));
#11143=CARTESIAN_POINT('',(8363.35214311501,1591.91629868628,166.518724318116));
#11144=CARTESIAN_POINT('',(8363.35214311501,1591.91629868628,-1760.19871778737));
#11145=CARTESIAN_POINT('',(7992.08076076161,1512.78125940448,166.518724318116));
#11146=CARTESIAN_POINT('',(8298.58689284593,772.809998375969,166.518724318116));
#11147=CARTESIAN_POINT('',(8298.58689284593,772.809998375969,-1760.19871778737));
#11148=CARTESIAN_POINT('',(7992.08076076161,1512.78125940448,-1760.19871778737));
#11149=CARTESIAN_POINT('',(7702.31352194466,1223.01402058753,166.518724318116));
#11150=CARTESIAN_POINT('',(7702.31352194466,1223.01402058753,-1760.19871778737));
#11151=CARTESIAN_POINT('',(7888.79413377961,772.809998375969,166.518724318116));
#11152=CARTESIAN_POINT('',(7888.79413377961,772.809998375969,-1760.19871778737));
#11153=CARTESIAN_POINT('',(7992.08076076161,1512.78125940448,166.518724318116));
#11154=CARTESIAN_POINT('',(8295.1844659991,1204.86579597521,166.518724318115));
#11155=CARTESIAN_POINT('',(8298.58689284593,772.809998375969,166.518724318116));
#11156=CARTESIAN_POINT('',(8298.58689284593,772.809998375969,166.518724318116));
#11157=CARTESIAN_POINT('',(8298.58689284593,772.809998375969,-1760.19871778737));
#11158=CARTESIAN_POINT('',(8298.58689284593,772.809998375969,-1760.19871778737));
#11159=CARTESIAN_POINT('',(8295.1844659991,1204.86579597521,-1760.19871778737));
#11160=CARTESIAN_POINT('',(7992.08076076161,1512.78125940448,-1760.19871778737));
#11161=CARTESIAN_POINT('',(7992.08076076161,1512.78125940448,-1760.19871778737));
#11162=CARTESIAN_POINT('',(7992.08076076161,1512.78125940448,166.518724318116));
#11163=CARTESIAN_POINT('',(7702.31352194466,1223.01402058753,166.518724318116));
#11164=CARTESIAN_POINT('',(7992.08076076161,1512.78125940448,166.518724318116));
#11165=CARTESIAN_POINT('',(7992.08076076161,1512.78125940448,-1760.19871778737));
#11166=CARTESIAN_POINT('',(7702.31352194466,1223.01402058753,-1760.19871778737));
#11167=CARTESIAN_POINT('',(7702.31352194466,1223.01402058753,-1760.19871778737));
#11168=CARTESIAN_POINT('',(7702.31352194466,1223.01402058753,166.518724318116));
#11169=CARTESIAN_POINT('',(7702.31352194466,1223.01402058753,166.518724318116));
#11170=CARTESIAN_POINT('',(7885.43964123037,1035.14393244381,166.518724318115));
#11171=CARTESIAN_POINT('',(7888.79413377961,772.809998375969,166.518724318116));
#11172=CARTESIAN_POINT('',(7888.79413377961,772.809998375969,-1760.19871778737));
#11173=CARTESIAN_POINT('',(7885.43964123037,1035.14393244381,-1760.19871778737));
#11174=CARTESIAN_POINT('',(7702.31352194466,1223.01402058753,-1760.19871778737));
#11175=CARTESIAN_POINT('',(7888.79413377961,772.809998375969,166.518724318116));
#11176=CARTESIAN_POINT('',(7888.79413377961,772.809998375969,-1760.19871778737));
#11177=CARTESIAN_POINT('',(8298.58689284593,772.809998375969,166.518724318116));
#11178=CARTESIAN_POINT('',(7888.79413377961,772.809998375969,166.518724318116));
#11179=CARTESIAN_POINT('',(7888.79413377961,772.809998375969,-1760.19871778737));
#11180=CARTESIAN_POINT('',(8298.58689284593,772.809998375969,-1760.19871778737));
#11181=CARTESIAN_POINT('',(7231.82843555487,764.409306533987,-796.839996734626));
#11182=CARTESIAN_POINT('',(6795.45798622573,339.91922954109,364.328381707612));
#11183=CARTESIAN_POINT('',(7231.82843555487,764.409306533988,-796.839996734626));
#11184=CARTESIAN_POINT('',(6118.95278917823,756.008614692011,364.328381707612));
#11185=CARTESIAN_POINT('',(6826.10859943416,835.14365397381,166.518724318116));
#11186=CARTESIAN_POINT('',(6826.10859943416,835.14365397381,-1760.19871778737));
#11187=CARTESIAN_POINT('',(6471.57611034814,16.0373536635022,166.518724318116));
#11188=CARTESIAN_POINT('',(6165.06997826382,756.008614692011,166.518724318116));
#11189=CARTESIAN_POINT('',(6165.06997826382,756.008614692011,-1760.19871778737));
#11190=CARTESIAN_POINT('',(6471.57611034814,16.037353663502,-1760.19871778737));
#11191=CARTESIAN_POINT('',(6761.34334916509,305.804592480448,166.518724318116));
#11192=CARTESIAN_POINT('',(6761.34334916509,305.804592480448,-1760.19871778737));
#11193=CARTESIAN_POINT('',(6574.86273733014,756.008614692011,166.518724318116));
#11194=CARTESIAN_POINT('',(6574.86273733014,756.008614692011,-1760.19871778737));
#11195=CARTESIAN_POINT('',(6471.57611034814,16.0373536635022,166.518724318116));
#11196=CARTESIAN_POINT('',(6168.47240511064,323.952817092772,166.518724318115));
#11197=CARTESIAN_POINT('',(6165.06997826382,756.008614692011,166.518724318116));
#11198=CARTESIAN_POINT('',(6165.06997826382,756.008614692011,166.518724318116));
#11199=CARTESIAN_POINT('',(6165.06997826382,756.008614692011,-1760.19871778737));
#11200=CARTESIAN_POINT('',(6165.06997826382,756.008614692011,-1760.19871778737));
#11201=CARTESIAN_POINT('',(6168.47240511064,323.952817092772,-1760.19871778737));
#11202=CARTESIAN_POINT('',(6471.57611034814,16.037353663502,-1760.19871778737));
#11203=CARTESIAN_POINT('',(6471.57611034814,16.037353663502,-1760.19871778737));
#11204=CARTESIAN_POINT('',(6471.57611034814,16.037353663502,166.518724318116));
#11205=CARTESIAN_POINT('',(6761.34334916509,305.804592480448,166.518724318116));
#11206=CARTESIAN_POINT('',(6471.57611034814,16.037353663502,166.518724318116));
#11207=CARTESIAN_POINT('',(6471.57611034814,16.037353663502,-1760.19871778737));
#11208=CARTESIAN_POINT('',(6761.34334916509,305.804592480448,-1760.19871778737));
#11209=CARTESIAN_POINT('',(6761.34334916509,305.804592480448,-1760.19871778737));
#11210=CARTESIAN_POINT('',(6761.34334916509,305.804592480448,166.518724318116));
#11211=CARTESIAN_POINT('',(6761.34334916509,305.804592480448,166.518724318116));
#11212=CARTESIAN_POINT('',(6578.21722987937,493.674680624167,166.518724318115));
#11213=CARTESIAN_POINT('',(6574.86273733014,756.008614692011,166.518724318116));
#11214=CARTESIAN_POINT('',(6574.86273733014,756.008614692011,-1760.19871778737));
#11215=CARTESIAN_POINT('',(6578.21722987937,493.674680624167,-1760.19871778737));
#11216=CARTESIAN_POINT('',(6761.34334916509,305.804592480448,-1760.19871778737));
#11217=CARTESIAN_POINT('',(6574.86273733014,756.008614692011,166.518724318116));
#11218=CARTESIAN_POINT('',(6574.86273733014,756.008614692011,-1760.19871778737));
#11219=CARTESIAN_POINT('',(6574.86273733014,756.008614692011,166.518724318116));
#11220=CARTESIAN_POINT('',(6165.06997826382,756.008614692011,166.518724318116));
#11221=CARTESIAN_POINT('',(6574.86273733014,756.008614692011,-1760.19871778737));
#11222=CARTESIAN_POINT('',(6165.06997826382,756.008614692011,-1760.19871778737));
#11223=CARTESIAN_POINT('',(7231.82843555487,764.409306533987,-796.839996734626));
#11224=CARTESIAN_POINT('',(7656.31851254777,328.038857204846,364.328381707612));
#11225=CARTESIAN_POINT('',(7231.82843555487,764.409306533988,-796.839996734626));
#11226=CARTESIAN_POINT('',(7240.22912739685,-348.466339842649,364.328381707612));
#11227=CARTESIAN_POINT('',(8059.33542770716,358.689470413279,166.518724318116));
#11228=CARTESIAN_POINT('',(8059.33542770716,358.689470413279,-1760.19871778737));
#11229=CARTESIAN_POINT('',(7980.20038842536,4.15698132725856,166.518724318116));
#11230=CARTESIAN_POINT('',(7240.22912739685,-302.349150757068,166.518724318116));
#11231=CARTESIAN_POINT('',(7240.22912739685,-302.349150757068,-1760.19871778737));
#11232=CARTESIAN_POINT('',(7980.20038842536,4.15698132725856,-1760.19871778737));
#11233=CARTESIAN_POINT('',(7690.43314960842,293.924220144204,166.518724318116));
#11234=CARTESIAN_POINT('',(7690.43314960842,293.924220144204,-1760.19871778737));
#11235=CARTESIAN_POINT('',(7240.22912739685,107.443608309255,166.518724318116));
#11236=CARTESIAN_POINT('',(7240.22912739685,107.443608309255,-1760.19871778737));
#11237=CARTESIAN_POINT('',(7980.20038842536,4.15698132725811,166.518724318116));
#11238=CARTESIAN_POINT('',(7672.28492499609,-298.946723910243,166.518724318115));
#11239=CARTESIAN_POINT('',(7240.22912739685,-302.349150757068,166.518724318116));
#11240=CARTESIAN_POINT('',(7240.22912739685,-302.349150757068,166.518724318116));
#11241=CARTESIAN_POINT('',(7240.22912739685,-302.349150757068,-1760.19871778737));
#11242=CARTESIAN_POINT('',(7240.22912739685,-302.349150757068,-1760.19871778737));
#11243=CARTESIAN_POINT('',(7672.28492499609,-298.946723910243,-1760.19871778737));
#11244=CARTESIAN_POINT('',(7980.20038842536,4.15698132725811,-1760.19871778737));
#11245=CARTESIAN_POINT('',(7980.20038842536,4.15698132725811,-1760.19871778737));
#11246=CARTESIAN_POINT('',(7980.20038842536,4.15698132725811,166.518724318116));
#11247=CARTESIAN_POINT('',(7690.43314960842,293.924220144204,166.518724318116));
#11248=CARTESIAN_POINT('',(7980.20038842536,4.15698132725811,166.518724318116));
#11249=CARTESIAN_POINT('',(7980.20038842536,4.15698132725811,-1760.19871778737));
#11250=CARTESIAN_POINT('',(7690.43314960842,293.924220144204,-1760.19871778737));
#11251=CARTESIAN_POINT('',(7690.43314960842,293.924220144204,-1760.19871778737));
#11252=CARTESIAN_POINT('',(7690.43314960842,293.924220144204,166.518724318116));
#11253=CARTESIAN_POINT('',(7690.43314960842,293.924220144204,166.518724318116));
#11254=CARTESIAN_POINT('',(7502.5630614647,110.798100858488,166.518724318115));
#11255=CARTESIAN_POINT('',(7240.22912739685,107.443608309255,166.518724318116));
#11256=CARTESIAN_POINT('',(7240.22912739685,107.443608309255,-1760.19871778737));
#11257=CARTESIAN_POINT('',(7502.5630614647,110.798100858488,-1760.19871778737));
#11258=CARTESIAN_POINT('',(7690.43314960842,293.924220144204,-1760.19871778737));
#11259=CARTESIAN_POINT('',(7240.22912739685,107.443608309255,166.518724318116));
#11260=CARTESIAN_POINT('',(7240.22912739685,107.443608309255,-1760.19871778737));
#11261=CARTESIAN_POINT('',(7240.22912739685,107.443608309255,166.518724318116));
#11262=CARTESIAN_POINT('',(7240.22912739685,-302.349150757068,166.518724318116));
#11263=CARTESIAN_POINT('',(7240.22912739685,107.443608309255,-1760.19871778737));
#11264=CARTESIAN_POINT('',(7240.22912739685,-302.349150757068,-1760.19871778737));
#11265=CARTESIAN_POINT('',(7842.67694469403,756.008614692011,364.328381707612));
#11266=CARTESIAN_POINT('',(7231.82843555487,764.409306533988,-796.839996734626));
#11267=CARTESIAN_POINT('',(8026.19539782225,-18.0772833971405,364.328381707612));
#11268=CARTESIAN_POINT('',(7231.82843555487,764.409306533987,-796.839996734626));
#11269=CARTESIAN_POINT('',(8363.35214311501,835.14365397381,166.518724318116));
#11270=CARTESIAN_POINT('',(8363.35214311501,835.14365397381,-1760.19871778737));
#11271=CARTESIAN_POINT('',(7888.79413377961,756.008614692011,166.518724318116));
#11272=CARTESIAN_POINT('',(8298.58689284593,756.008614692011,166.518724318116));
#11273=CARTESIAN_POINT('',(8298.58689284593,756.008614692011,-1760.19871778737));
#11274=CARTESIAN_POINT('',(7888.79413377961,756.008614692011,-1760.19871778737));
#11275=CARTESIAN_POINT('',(7702.31352194466,305.804592480448,166.518724318116));
#11276=CARTESIAN_POINT('',(7702.31352194466,305.804592480448,-1760.19871778737));
#11277=CARTESIAN_POINT('',(7992.08076076161,16.037353663502,166.518724318116));
#11278=CARTESIAN_POINT('',(7992.08076076161,16.0373536635022,-1760.19871778737));
#11279=CARTESIAN_POINT('',(7888.79413377961,756.008614692011,166.518724318116));
#11280=CARTESIAN_POINT('',(8298.58689284593,756.008614692011,166.518724318116));
#11281=CARTESIAN_POINT('',(8298.58689284593,756.008614692011,166.518724318116));
#11282=CARTESIAN_POINT('',(8298.58689284593,756.008614692011,-1760.19871778737));
#11283=CARTESIAN_POINT('',(8298.58689284593,756.008614692011,-1760.19871778737));
#11284=CARTESIAN_POINT('',(7888.79413377961,756.008614692011,-1760.19871778737));
#11285=CARTESIAN_POINT('',(7888.79413377961,756.008614692011,-1760.19871778737));
#11286=CARTESIAN_POINT('',(7888.79413377961,756.008614692011,166.518724318116));
#11287=CARTESIAN_POINT('',(7888.79413377961,756.008614692011,166.518724318116));
#11288=CARTESIAN_POINT('',(7885.43964123037,493.674680624167,166.518724318116));
#11289=CARTESIAN_POINT('',(7702.31352194466,305.804592480448,166.518724318116));
#11290=CARTESIAN_POINT('',(7702.31352194466,305.804592480448,-1760.19871778737));
#11291=CARTESIAN_POINT('',(7885.43964123037,493.674680624167,-1760.19871778737));
#11292=CARTESIAN_POINT('',(7888.79413377961,756.008614692011,-1760.19871778737));
#11293=CARTESIAN_POINT('',(7702.31352194466,305.804592480448,166.518724318116));
#11294=CARTESIAN_POINT('',(7702.31352194466,305.804592480448,-1760.19871778737));
#11295=CARTESIAN_POINT('',(7992.08076076161,16.037353663502,166.518724318116));
#11296=CARTESIAN_POINT('',(7702.31352194466,305.804592480448,166.518724318116));
#11297=CARTESIAN_POINT('',(7702.31352194466,305.804592480448,-1760.19871778737));
#11298=CARTESIAN_POINT('',(7992.08076076161,16.037353663502,-1760.19871778737));
#11299=CARTESIAN_POINT('',(7992.08076076161,16.037353663502,-1760.19871778737));
#11300=CARTESIAN_POINT('',(7992.08076076161,16.037353663502,166.518724318116));
#11301=CARTESIAN_POINT('',(8298.58689284593,756.008614692011,166.518724318116));
#11302=CARTESIAN_POINT('',(8295.1844659991,323.952817092772,166.518724318115));
#11303=CARTESIAN_POINT('',(7992.08076076161,16.037353663502,166.518724318116));
#11304=CARTESIAN_POINT('',(7992.08076076161,16.0373536635022,-1760.19871778737));
#11305=CARTESIAN_POINT('',(8295.18446599911,323.952817092772,-1760.19871778737));
#11306=CARTESIAN_POINT('',(8298.58689284593,756.008614692011,-1760.19871778737));
#11307=CARTESIAN_POINT('',(7231.82843555487,764.409306533987,-796.839996734626));
#11308=CARTESIAN_POINT('',(6620.97992641572,772.809998375969,364.328381707612));
#11309=CARTESIAN_POINT('',(7231.82843555487,764.409306533988,-796.839996734626));
#11310=CARTESIAN_POINT('',(6437.4614732875,1546.89589646512,364.328381707612));
#11311=CARTESIAN_POINT('',(6826.10859943416,1591.91629868627,166.518724318116));
#11312=CARTESIAN_POINT('',(6826.10859943416,1591.91629868627,-1760.19871778737));
#11313=CARTESIAN_POINT('',(6165.06997826382,772.809998375969,166.518724318116));
#11314=CARTESIAN_POINT('',(6471.57611034815,1512.78125940447,166.518724318116));
#11315=CARTESIAN_POINT('',(6471.57611034815,1512.78125940447,-1760.19871778737));
#11316=CARTESIAN_POINT('',(6165.06997826382,772.809998375969,-1760.19871778737));
#11317=CARTESIAN_POINT('',(6574.86273733014,772.809998375969,166.518724318116));
#11318=CARTESIAN_POINT('',(6574.86273733014,772.809998375969,-1760.19871778737));
#11319=CARTESIAN_POINT('',(6761.34334916509,1223.01402058753,166.518724318116));
#11320=CARTESIAN_POINT('',(6761.34334916509,1223.01402058753,-1760.19871778737));
#11321=CARTESIAN_POINT('',(6165.06997826382,772.809998375969,166.518724318116));
#11322=CARTESIAN_POINT('',(6168.47240511065,1204.86579597521,166.518724318116));
#11323=CARTESIAN_POINT('',(6471.57611034815,1512.78125940447,166.518724318116));
#11324=CARTESIAN_POINT('',(6471.57611034815,1512.78125940447,166.518724318116));
#11325=CARTESIAN_POINT('',(6471.57611034815,1512.78125940447,-1760.19871778737));
#11326=CARTESIAN_POINT('',(6471.57611034815,1512.78125940447,-1760.19871778737));
#11327=CARTESIAN_POINT('',(6168.47240511065,1204.86579597521,-1760.19871778737));
#11328=CARTESIAN_POINT('',(6165.06997826382,772.809998375969,-1760.19871778737));
#11329=CARTESIAN_POINT('',(6165.06997826382,772.809998375969,-1760.19871778737));
#11330=CARTESIAN_POINT('',(6165.06997826382,772.809998375969,166.518724318116));
#11331=CARTESIAN_POINT('',(6574.86273733014,772.809998375969,166.518724318116));
#11332=CARTESIAN_POINT('',(6165.06997826382,772.809998375969,166.518724318116));
#11333=CARTESIAN_POINT('',(6165.06997826382,772.809998375969,-1760.19871778737));
#11334=CARTESIAN_POINT('',(6574.86273733014,772.809998375969,-1760.19871778737));
#11335=CARTESIAN_POINT('',(6574.86273733014,772.809998375969,-1760.19871778737));
#11336=CARTESIAN_POINT('',(6574.86273733014,772.809998375969,166.518724318116));
#11337=CARTESIAN_POINT('',(6574.86273733014,772.809998375969,166.518724318116));
#11338=CARTESIAN_POINT('',(6578.21722987937,1035.14393244381,166.518724318116));
#11339=CARTESIAN_POINT('',(6761.34334916509,1223.01402058753,166.518724318116));
#11340=CARTESIAN_POINT('',(6761.34334916509,1223.01402058753,-1760.19871778737));
#11341=CARTESIAN_POINT('',(6578.21722987937,1035.14393244381,-1760.19871778737));
#11342=CARTESIAN_POINT('',(6574.86273733014,772.809998375969,-1760.19871778737));
#11343=CARTESIAN_POINT('',(6761.34334916509,1223.01402058753,166.518724318116));
#11344=CARTESIAN_POINT('',(6761.34334916509,1223.01402058753,-1760.19871778737));
#11345=CARTESIAN_POINT('',(6471.57611034815,1512.78125940447,166.518724318116));
#11346=CARTESIAN_POINT('',(6761.34334916509,1223.01402058753,166.518724318116));
#11347=CARTESIAN_POINT('',(6761.34334916509,1223.01402058753,-1760.19871778737));
#11348=CARTESIAN_POINT('',(6471.57611034815,1512.78125940447,-1760.19871778737));
#11349=CARTESIAN_POINT('',(2694.36955322262,1006.84115698236,-1958.00837517686));
#11350=CARTESIAN_POINT('',(2688.38509111568,942.084047119017,-796.839996734626));
#11351=CARTESIAN_POINT('',(2595.576953028,849.934670558633,166.518724318116));
#11352=CARTESIAN_POINT('',(2595.57695302793,849.934670558495,-1760.19871778737));
#11353=CARTESIAN_POINT('',(2665.17609693658,990.882353546055,-1760.19871778737));
#11354=CARTESIAN_POINT('',(2659.83756101515,987.964006209153,-1760.19871778737));
#11355=CARTESIAN_POINT('',(2659.83756101515,987.964006209153,166.518724318116));
#11356=CARTESIAN_POINT('',(2665.17609693658,990.882353546055,166.518724318116));
#11357=CARTESIAN_POINT('',(2665.17609693658,990.882353546055,-1760.19871778737));
#11358=CARTESIAN_POINT('',(2659.83756101515,987.964006209153,-1760.19871778737));
#11359=CARTESIAN_POINT('',(2659.83756101515,987.964006209153,-1760.19871778737));
#11360=CARTESIAN_POINT('',(2659.83756101515,987.964006209153,166.518724318116));
#11361=CARTESIAN_POINT('',(2659.83756101515,987.964006209153,166.518724318116));
#11362=CARTESIAN_POINT('',(2665.17609693658,990.882353546055,166.518724318116));
#11363=CARTESIAN_POINT('',(2665.17609693658,990.882353546055,166.518724318116));
#11364=CARTESIAN_POINT('',(2665.17609693658,990.882353546055,-1760.19871778737));
#11365=CARTESIAN_POINT('',(2659.83756101515,987.964006209153,-1760.19871778737));
#11366=CARTESIAN_POINT('',(2615.2318696226,960.209353787117,-1760.19871778737));
#11367=CARTESIAN_POINT('',(2641.71944206801,914.839794150452,-1760.19871778737));
#11368=CARTESIAN_POINT('',(2668.20701451341,869.470234513788,-1760.19871778737));
#11369=CARTESIAN_POINT('',(2714.30445914658,894.669719309459,-1760.19871778737));
#11370=CARTESIAN_POINT('',(2760.40190377975,919.869204105131,-1760.19871778737));
#11371=CARTESIAN_POINT('',(2736.51049270616,966.657973191185,-1760.19871778737));
#11372=CARTESIAN_POINT('',(2712.61908163256,1013.44674227724,-1760.19871778737));
#11373=CARTESIAN_POINT('',(2665.17609693658,990.882353546055,-1760.19871778737));
#11374=CARTESIAN_POINT('',(2665.17609693658,990.882353546055,166.518724318116));
#11375=CARTESIAN_POINT('',(2712.61908163252,1013.44674227721,166.518724318116));
#11376=CARTESIAN_POINT('',(2736.51049270609,966.65797319121,166.518724318116));
#11377=CARTESIAN_POINT('',(2760.40190377966,919.869204105206,166.518724318116));
#11378=CARTESIAN_POINT('',(2714.30445914654,894.669719309559,166.518724318116));
#11379=CARTESIAN_POINT('',(2668.20701451342,869.470234513911,166.518724318116));
#11380=CARTESIAN_POINT('',(2641.71944206803,914.839794150526,166.518724318116));
#11381=CARTESIAN_POINT('',(2615.23186962265,960.209353787141,166.518724318116));
#11382=CARTESIAN_POINT('',(2659.83756101515,987.964006209153,166.518724318116));
#11383=CARTESIAN_POINT('',(2635.3038075458,1657.48200105754,-1958.00837517686));
#11384=CARTESIAN_POINT('',(2596.62517293541,1605.92740580593,-796.839996734626));
#11385=CARTESIAN_POINT('',(2542.19985844418,1643.09053255032,-1958.00837517686));
#11386=CARTESIAN_POINT('',(2596.62517293541,1605.92740580593,-796.839996734626));
#11387=CARTESIAN_POINT('',(2526.10434950137,1527.23775138201,166.518724318116));
#11388=CARTESIAN_POINT('',(2526.10434950137,1527.23775138201,-1760.19871778737));
#11389=CARTESIAN_POINT('',(2603.53119293447,1659.52067971904,-1760.19871778737));
#11390=CARTESIAN_POINT('',(2596.62517293541,1659.96380206765,-1760.19871778737));
#11391=CARTESIAN_POINT('',(2596.62517293541,1659.96380206765,166.518724318116));
#11392=CARTESIAN_POINT('',(2603.53119293447,1659.52067971904,166.518724318116));
#11393=CARTESIAN_POINT('',(2543.05880593233,1598.8156938431,-1760.19871778737));
#11394=CARTESIAN_POINT('',(2543.05880593233,1598.8156938431,166.518724318116));
#11395=CARTESIAN_POINT('',(2542.82327707996,1610.95613559691,-1760.19871778737));
#11396=CARTESIAN_POINT('',(2542.82327707996,1610.95613559691,166.518724318116));
#11397=CARTESIAN_POINT('',(2603.53119293447,1659.52067971904,-1760.19871778737));
#11398=CARTESIAN_POINT('',(2596.62517293541,1659.96380206765,-1760.19871778737));
#11399=CARTESIAN_POINT('',(2596.62517293541,1659.96380206765,-1760.19871778737));
#11400=CARTESIAN_POINT('',(2596.62517293541,1659.96380206765,166.518724318116));
#11401=CARTESIAN_POINT('',(2596.62517293541,1659.96380206765,166.518724318116));
#11402=CARTESIAN_POINT('',(2603.53119293447,1659.52067971904,166.518724318116));
#11403=CARTESIAN_POINT('',(2603.53119293447,1659.52067971904,166.518724318116));
#11404=CARTESIAN_POINT('',(2603.53119293447,1659.52067971904,-1760.19871778737));
#11405=CARTESIAN_POINT('',(2543.05880593233,1598.8156938431,-1760.19871778737));
#11406=CARTESIAN_POINT('',(2547.48319077033,1565.49063466845,-1760.19871778737));
#11407=CARTESIAN_POINT('',(2579.33283227934,1554.73261041046,-1760.19871778737));
#11408=CARTESIAN_POINT('',(2611.18247378836,1543.97458615247,-1760.19871778737));
#11409=CARTESIAN_POINT('',(2634.90794743235,1567.79131662827,-1760.19871778737));
#11410=CARTESIAN_POINT('',(2658.63342107634,1591.60804710407,-1760.19871778737));
#11411=CARTESIAN_POINT('',(2647.7532063443,1623.4161542086,-1760.19871778737));
#11412=CARTESIAN_POINT('',(2636.87299161225,1655.22426131313,-1760.19871778737));
#11413=CARTESIAN_POINT('',(2603.53119293447,1659.52067971904,-1760.19871778737));
#11414=CARTESIAN_POINT('',(2603.53119293447,1659.52067971904,166.518724318116));
#11415=CARTESIAN_POINT('',(2636.87299161226,1655.22426131313,166.518724318115));
#11416=CARTESIAN_POINT('',(2647.7532063443,1623.4161542086,166.518724318116));
#11417=CARTESIAN_POINT('',(2658.63342107634,1591.60804710407,166.518724318115));
#11418=CARTESIAN_POINT('',(2634.90794743235,1567.79131662827,166.518724318116));
#11419=CARTESIAN_POINT('',(2611.18247378836,1543.97458615247,166.518724318115));
#11420=CARTESIAN_POINT('',(2579.33283227935,1554.73261041046,166.518724318116));
#11421=CARTESIAN_POINT('',(2547.48319077033,1565.49063466845,166.518724318115));
#11422=CARTESIAN_POINT('',(2543.05880593233,1598.8156938431,166.518724318116));
#11423=CARTESIAN_POINT('',(2543.05880593233,1598.8156938431,166.518724318116));
#11424=CARTESIAN_POINT('',(2543.05880593233,1598.8156938431,-1760.19871778737));
#11425=CARTESIAN_POINT('',(2542.82327707996,1610.95613559691,-1760.19871778737));
#11426=CARTESIAN_POINT('',(2543.05880593233,1598.8156938431,-1760.19871778737));
#11427=CARTESIAN_POINT('',(2543.05880593233,1598.8156938431,166.518724318116));
#11428=CARTESIAN_POINT('',(2542.82327707996,1610.95613559691,166.518724318116));
#11429=CARTESIAN_POINT('',(2542.82327707996,1610.95613559691,166.518724318116));
#11430=CARTESIAN_POINT('',(2542.82327707996,1610.95613559691,-1760.19871778737));
#11431=CARTESIAN_POINT('',(2596.62517293541,1659.96380206765,-1760.19871778737));
#11432=CARTESIAN_POINT('',(2547.40390213876,1659.96380206765,-1760.19871778737));
#11433=CARTESIAN_POINT('',(2542.82327707996,1610.95613559691,-1760.19871778737));
#11434=CARTESIAN_POINT('',(2542.82327707996,1610.95613559691,166.518724318116));
#11435=CARTESIAN_POINT('',(2547.40390213876,1659.96380206765,166.518724318116));
#11436=CARTESIAN_POINT('',(2596.62517293541,1659.96380206765,166.518724318116));
#11437=CARTESIAN_POINT('',(3000.25552907902,1907.26244575597,-796.839996734626));
#11438=CARTESIAN_POINT('',(2948.69450282448,1944.22075147208,-1958.00837517686));
#11439=CARTESIAN_POINT('',(2927.78745597181,1833.80886993414,166.518724318116));
#11440=CARTESIAN_POINT('',(2927.78745597184,1833.8088699343,-1760.19871778737));
#11441=CARTESIAN_POINT('',(2946.25636551107,1909.26805162832,-1760.19871778737));
#11442=CARTESIAN_POINT('',(2946.50087137255,1912.77324386633,-1760.19871778737));
#11443=CARTESIAN_POINT('',(2946.50087137255,1912.77324386633,166.518724318116));
#11444=CARTESIAN_POINT('',(2946.25636551107,1909.26805162832,166.518724318116));
#11445=CARTESIAN_POINT('',(2946.25636551107,1909.26805162832,-1760.19871778737));
#11446=CARTESIAN_POINT('',(2944.28310669713,1856.13980398509,-1760.19871778737));
#11447=CARTESIAN_POINT('',(2997.37225009693,1853.30302745846,-1760.19871778737));
#11448=CARTESIAN_POINT('',(3050.46139349673,1850.46625093182,-1760.19871778737));
#11449=CARTESIAN_POINT('',(3054.16093782864,1903.50225586925,-1760.19871778737));
#11450=CARTESIAN_POINT('',(3057.86048216055,1956.53826080668,-1760.19871778737));
#11451=CARTESIAN_POINT('',(3004.89163585718,1961.09959496207,-1760.19871778737));
#11452=CARTESIAN_POINT('',(2951.92278955381,1965.66092911746,-1760.19871778737));
#11453=CARTESIAN_POINT('',(2946.50087137255,1912.77324386633,-1760.19871778737));
#11454=CARTESIAN_POINT('',(2946.50087137255,1912.77324386633,-1760.19871778737));
#11455=CARTESIAN_POINT('',(2946.50087137255,1912.77324386633,166.518724318116));
#11456=CARTESIAN_POINT('',(2946.50087137255,1912.77324386633,166.518724318116));
#11457=CARTESIAN_POINT('',(2951.92278955382,1965.66092911758,166.518724318116));
#11458=CARTESIAN_POINT('',(3004.89163585731,1961.09959496218,166.518724318116));
#11459=CARTESIAN_POINT('',(3057.86048216079,1956.53826080678,166.518724318116));
#11460=CARTESIAN_POINT('',(3054.16093782887,1903.50225586923,166.518724318116));
#11461=CARTESIAN_POINT('',(3050.46139349696,1850.46625093168,166.518724318116));
#11462=CARTESIAN_POINT('',(2997.37225009704,1853.30302745833,166.518724318116));
#11463=CARTESIAN_POINT('',(2944.28310669712,1856.13980398498,166.518724318116));
#11464=CARTESIAN_POINT('',(2946.25636551107,1909.26805162832,166.518724318116));
#11465=CARTESIAN_POINT('',(2946.25636551107,1909.26805162832,166.518724318116));
#11466=CARTESIAN_POINT('',(2946.25636551107,1909.26805162832,-1760.19871778737));
#11467=CARTESIAN_POINT('',(2946.50087137255,1912.77324386633,-1760.19871778737));
#11468=CARTESIAN_POINT('',(2946.25636551107,1909.26805162832,-1760.19871778737));
#11469=CARTESIAN_POINT('',(2946.25636551107,1909.26805162832,166.518724318116));
#11470=CARTESIAN_POINT('',(2946.50087137255,1912.77324386633,166.518724318116));
#11471=CARTESIAN_POINT('',(10087.7462957835,499.597330560808,-796.839996734626));
#11472=CARTESIAN_POINT('',(10087.7462957835,499.597330560808,-796.839996734626));
#11473=CARTESIAN_POINT('',(9919.34369855344,331.194733330736,166.518724318116));
#11474=CARTESIAN_POINT('',(9919.34369855344,331.194733330736,-1760.19871778737));
#11475=CARTESIAN_POINT('',(10087.7462957835,499.597330560808,-796.839996734626));
#11476=CARTESIAN_POINT('',(10087.7462957835,499.597330560809,-796.839996734626));
#11477=CARTESIAN_POINT('',(10148.8062907208,499.597330560808,-1760.19871778737));
#11478=CARTESIAN_POINT('',(10148.8062907208,499.597330560808,166.518724318116));
#11479=CARTESIAN_POINT('',(10223.8001991595,499.597330560808,-1760.19871778737));
#11480=CARTESIAN_POINT('',(10223.8001991595,499.597330560808,166.518724318116));
#11481=CARTESIAN_POINT('',(10026.6863008463,499.597330560808,-1760.19871778737));
#11482=CARTESIAN_POINT('',(10026.6863008463,499.597330560808,166.518724318116));
#11483=CARTESIAN_POINT('',(9951.69239240758,499.597330560808,-1760.19871778737));
#11484=CARTESIAN_POINT('',(9951.69239240758,499.597330560808,166.518724318116));
#11485=CARTESIAN_POINT('',(10148.8062907208,499.597330560808,-1760.19871778737));
#11486=CARTESIAN_POINT('',(10148.8062907208,560.657325498051,-1760.19871778737));
#11487=CARTESIAN_POINT('',(10087.7462957835,560.657325498052,-1760.19871778737));
#11488=CARTESIAN_POINT('',(10026.6863008463,560.657325498051,-1760.19871778737));
#11489=CARTESIAN_POINT('',(10026.6863008463,499.597330560808,-1760.19871778737));
#11490=CARTESIAN_POINT('',(10148.8062907208,499.597330560808,166.518724318116));
#11491=CARTESIAN_POINT('',(10148.8062907208,438.537335623565,166.518724318115));
#11492=CARTESIAN_POINT('',(10087.7462957835,438.537335623565,166.518724318116));
#11493=CARTESIAN_POINT('',(10026.6863008463,438.537335623565,166.518724318115));
#11494=CARTESIAN_POINT('',(10026.6863008463,499.597330560808,166.518724318116));
#11495=CARTESIAN_POINT('',(10148.8062907208,499.597330560808,-1760.19871778737));
#11496=CARTESIAN_POINT('',(10148.8062907208,499.597330560808,166.518724318116));
#11497=CARTESIAN_POINT('',(10223.8001991595,499.597330560808,-1760.19871778737));
#11498=CARTESIAN_POINT('',(10223.8001991595,635.651233936744,-1760.19871778737));
#11499=CARTESIAN_POINT('',(10087.7462957835,635.651233936745,-1760.19871778737));
#11500=CARTESIAN_POINT('',(9951.69239240758,635.651233936744,-1760.19871778737));
#11501=CARTESIAN_POINT('',(9951.69239240758,499.597330560808,-1760.19871778737));
#11502=CARTESIAN_POINT('',(10223.8001991595,499.597330560808,166.518724318116));
#11503=CARTESIAN_POINT('',(10223.8001991595,363.543427184872,166.518724318115));
#11504=CARTESIAN_POINT('',(10087.7462957835,363.543427184872,166.518724318116));
#11505=CARTESIAN_POINT('',(9951.69239240758,363.543427184872,166.518724318115));
#11506=CARTESIAN_POINT('',(9951.69239240758,499.597330560808,166.518724318116));
#11507=CARTESIAN_POINT('',(10223.8001991595,499.597330560808,-1760.19871778737));
#11508=CARTESIAN_POINT('',(10223.8001991595,499.597330560808,166.518724318116));
#11509=CARTESIAN_POINT('',(10026.6863008463,499.597330560808,-1760.19871778737));
#11510=CARTESIAN_POINT('',(10026.6863008463,499.597330560808,166.518724318116));
#11511=CARTESIAN_POINT('',(10026.6863008463,499.597330560808,-1760.19871778737));
#11512=CARTESIAN_POINT('',(10026.6863008463,438.537335623565,-1760.19871778737));
#11513=CARTESIAN_POINT('',(10087.7462957835,438.537335623565,-1760.19871778737));
#11514=CARTESIAN_POINT('',(10148.8062907208,438.537335623565,-1760.19871778737));
#11515=CARTESIAN_POINT('',(10148.8062907208,499.597330560808,-1760.19871778737));
#11516=CARTESIAN_POINT('',(10026.6863008463,499.597330560808,166.518724318116));
#11517=CARTESIAN_POINT('',(10026.6863008463,560.657325498051,166.518724318115));
#11518=CARTESIAN_POINT('',(10087.7462957835,560.657325498052,166.518724318116));
#11519=CARTESIAN_POINT('',(10148.8062907208,560.657325498051,166.518724318115));
#11520=CARTESIAN_POINT('',(10148.8062907208,499.597330560808,166.518724318116));
#11521=CARTESIAN_POINT('',(9951.69239240758,499.597330560808,-1760.19871778737));
#11522=CARTESIAN_POINT('',(9951.69239240758,499.597330560808,166.518724318116));
#11523=CARTESIAN_POINT('',(9951.69239240758,499.597330560808,-1760.19871778737));
#11524=CARTESIAN_POINT('',(9951.69239240758,363.543427184872,-1760.19871778737));
#11525=CARTESIAN_POINT('',(10087.7462957835,363.543427184872,-1760.19871778737));
#11526=CARTESIAN_POINT('',(10223.8001991595,363.543427184872,-1760.19871778737));
#11527=CARTESIAN_POINT('',(10223.8001991595,499.597330560808,-1760.19871778737));
#11528=CARTESIAN_POINT('',(9951.69239240758,499.597330560808,166.518724318116));
#11529=CARTESIAN_POINT('',(9951.69239240758,635.651233936744,166.518724318115));
#11530=CARTESIAN_POINT('',(10087.7462957835,635.651233936745,166.518724318116));
#11531=CARTESIAN_POINT('',(10223.8001991595,635.651233936744,166.518724318115));
#11532=CARTESIAN_POINT('',(10223.8001991595,499.597330560808,166.518724318116));
#11533=CARTESIAN_POINT('',(6469.5734232406,1783.4431981374,-796.839996734626));
#11534=CARTESIAN_POINT('',(6399.59183454759,1713.46160944439,166.518724318116));
#11535=CARTESIAN_POINT('',(6399.59183454759,1713.46160944439,-1760.19871778737));
#11536=CARTESIAN_POINT('',(6469.5734232406,1783.4431981374,-796.839996734626));
#11537=CARTESIAN_POINT('',(6523.60981950232,1783.4431981374,-1760.19871778737));
#11538=CARTESIAN_POINT('',(6523.60981950232,1783.4431981374,166.518724318116));
#11539=CARTESIAN_POINT('',(6415.53702697888,1783.4431981374,-1760.19871778737));
#11540=CARTESIAN_POINT('',(6415.53702697888,1783.4431981374,166.518724318116));
#11541=CARTESIAN_POINT('',(6523.60981950232,1783.4431981374,-1760.19871778737));
#11542=CARTESIAN_POINT('',(6523.60981950232,1837.47959439912,-1760.19871778737));
#11543=CARTESIAN_POINT('',(6469.5734232406,1837.47959439912,-1760.19871778737));
#11544=CARTESIAN_POINT('',(6415.53702697888,1837.47959439912,-1760.19871778737));
#11545=CARTESIAN_POINT('',(6415.53702697888,1783.4431981374,-1760.19871778737));
#11546=CARTESIAN_POINT('',(6523.60981950232,1783.4431981374,166.518724318116));
#11547=CARTESIAN_POINT('',(6523.60981950232,1729.40680187569,166.518724318115));
#11548=CARTESIAN_POINT('',(6469.5734232406,1729.40680187569,166.518724318116));
#11549=CARTESIAN_POINT('',(6415.53702697888,1729.40680187569,166.518724318115));
#11550=CARTESIAN_POINT('',(6415.53702697888,1783.4431981374,166.518724318116));
#11551=CARTESIAN_POINT('',(6523.60981950232,1783.4431981374,-1760.19871778737));
#11552=CARTESIAN_POINT('',(6523.60981950232,1783.4431981374,166.518724318116));
#11553=CARTESIAN_POINT('',(6415.53702697888,1783.4431981374,-1760.19871778737));
#11554=CARTESIAN_POINT('',(6415.53702697888,1783.4431981374,166.518724318116));
#11555=CARTESIAN_POINT('',(6415.53702697888,1783.4431981374,-1760.19871778737));
#11556=CARTESIAN_POINT('',(6415.53702697888,1729.40680187569,-1760.19871778737));
#11557=CARTESIAN_POINT('',(6469.5734232406,1729.40680187569,-1760.19871778737));
#11558=CARTESIAN_POINT('',(6523.60981950232,1729.40680187569,-1760.19871778737));
#11559=CARTESIAN_POINT('',(6523.60981950232,1783.4431981374,-1760.19871778737));
#11560=CARTESIAN_POINT('',(6415.53702697888,1783.4431981374,166.518724318116));
#11561=CARTESIAN_POINT('',(6415.53702697888,1837.47959439912,166.518724318115));
#11562=CARTESIAN_POINT('',(6469.5734232406,1837.47959439912,166.518724318116));
#11563=CARTESIAN_POINT('',(6523.60981950232,1837.47959439912,166.518724318115));
#11564=CARTESIAN_POINT('',(6523.60981950232,1783.4431981374,166.518724318116));
#11565=CARTESIAN_POINT('',(9982.95873489864,1686.01908747686,-796.839996734626));
#11566=CARTESIAN_POINT('',(9951.89534210742,1634.21673607957,-1958.00837517686));
#11567=CARTESIAN_POINT('',(9915.68666778834,1619.22124558614,166.518724318116));
#11568=CARTESIAN_POINT('',(9915.68666778814,1619.22124558611,-1760.19871778737));
#11569=CARTESIAN_POINT('',(9984.56004363317,1634.72649322864,-1760.19871778737));
#11570=CARTESIAN_POINT('',(9982.95873489864,1634.70150360567,-1760.19871778737));
#11571=CARTESIAN_POINT('',(9982.95873489864,1634.70150360567,166.518724318116));
#11572=CARTESIAN_POINT('',(9984.56004363317,1634.72649322864,166.518724318116));
#11573=CARTESIAN_POINT('',(9984.56004363317,1634.72649322864,-1760.19871778737));
#11574=CARTESIAN_POINT('',(10035.4539938181,1636.3153566534,-1760.19871778737));
#11575=CARTESIAN_POINT('',(10034.2622616105,1687.22015433256,-1760.19871778737));
#11576=CARTESIAN_POINT('',(10033.0705294028,1738.12495201172,-1760.19871778737));
#11577=CARTESIAN_POINT('',(9982.15798304183,1737.3304235675,-1760.19871778737));
#11578=CARTESIAN_POINT('',(9931.24543668082,1736.53589512328,-1760.19871778737));
#11579=CARTESIAN_POINT('',(9931.64271299497,1685.61869936447,-1760.19871778737));
#11580=CARTESIAN_POINT('',(9932.03998930911,1634.70150360566,-1760.19871778737));
#11581=CARTESIAN_POINT('',(9982.95873489864,1634.70150360567,-1760.19871778737));
#11582=CARTESIAN_POINT('',(9982.95873489864,1634.70150360567,-1760.19871778737));
#11583=CARTESIAN_POINT('',(9982.95873489864,1634.70150360567,166.518724318116));
#11584=CARTESIAN_POINT('',(9982.95873489864,1634.70150360567,166.518724318116));
#11585=CARTESIAN_POINT('',(9932.03998930927,1634.70150360566,166.518724318116));
#11586=CARTESIAN_POINT('',(9931.64271299513,1685.61869936431,166.518724318116));
#11587=CARTESIAN_POINT('',(9931.24543668099,1736.53589512296,166.518724318116));
#11588=CARTESIAN_POINT('',(9982.15798304183,1737.33042356717,166.518724318116));
#11589=CARTESIAN_POINT('',(10033.0705294027,1738.12495201139,166.518724318116));
#11590=CARTESIAN_POINT('',(10034.2622616103,1687.2201543324,166.518724318116));
#11591=CARTESIAN_POINT('',(10035.453993818,1636.3153566534,166.518724318116));
#11592=CARTESIAN_POINT('',(9984.56004363317,1634.72649322864,166.518724318116));
#11593=CARTESIAN_POINT('',(9984.56004363317,1634.72649322864,166.518724318116));
#11594=CARTESIAN_POINT('',(9984.56004363317,1634.72649322864,-1760.19871778737));
#11595=CARTESIAN_POINT('',(9982.95873489864,1634.70150360567,-1760.19871778737));
#11596=CARTESIAN_POINT('',(9984.56004363317,1634.72649322864,-1760.19871778737));
#11597=CARTESIAN_POINT('',(9982.95873489864,1634.70150360567,166.518724318116));
#11598=CARTESIAN_POINT('',(9984.56004363317,1634.72649322864,166.518724318116));
#11599=CARTESIAN_POINT('',(9872.39369768388,1899.4458601332,-796.839996734626));
#11600=CARTESIAN_POINT('',(9805.67468385951,1832.72684630883,166.518724318116));
#11601=CARTESIAN_POINT('',(9805.67468385951,1832.72684630883,-1760.19871778737));
#11602=CARTESIAN_POINT('',(9872.39369768388,1899.4458601332,-796.839996734626));
#11603=CARTESIAN_POINT('',(9923.71128155507,1899.4458601332,-1760.19871778737));
#11604=CARTESIAN_POINT('',(9923.71128155507,1899.4458601332,166.518724318116));
#11605=CARTESIAN_POINT('',(9821.07611381269,1899.4458601332,-1760.19871778737));
#11606=CARTESIAN_POINT('',(9821.07611381269,1899.4458601332,166.518724318116));
#11607=CARTESIAN_POINT('',(9923.71128155507,1899.4458601332,-1760.19871778737));
#11608=CARTESIAN_POINT('',(9923.71128155507,1950.76344400439,-1760.19871778737));
#11609=CARTESIAN_POINT('',(9872.39369768388,1950.76344400439,-1760.19871778737));
#11610=CARTESIAN_POINT('',(9821.07611381269,1950.76344400439,-1760.19871778737));
#11611=CARTESIAN_POINT('',(9821.07611381269,1899.4458601332,-1760.19871778737));
#11612=CARTESIAN_POINT('',(9923.71128155507,1899.4458601332,166.518724318116));
#11613=CARTESIAN_POINT('',(9923.71128155507,1848.12827626202,166.518724318115));
#11614=CARTESIAN_POINT('',(9872.39369768388,1848.12827626202,166.518724318116));
#11615=CARTESIAN_POINT('',(9821.07611381269,1848.12827626202,166.518724318115));
#11616=CARTESIAN_POINT('',(9821.07611381269,1899.4458601332,166.518724318116));
#11617=CARTESIAN_POINT('',(9923.71128155507,1899.4458601332,-1760.19871778737));
#11618=CARTESIAN_POINT('',(9923.71128155507,1899.4458601332,166.518724318116));
#11619=CARTESIAN_POINT('',(9821.07611381269,1899.4458601332,-1760.19871778737));
#11620=CARTESIAN_POINT('',(9821.07611381269,1899.4458601332,166.518724318116));
#11621=CARTESIAN_POINT('',(9821.07611381269,1899.4458601332,-1760.19871778737));
#11622=CARTESIAN_POINT('',(9821.07611381269,1848.12827626202,-1760.19871778737));
#11623=CARTESIAN_POINT('',(9872.39369768388,1848.12827626202,-1760.19871778737));
#11624=CARTESIAN_POINT('',(9923.71128155507,1848.12827626202,-1760.19871778737));
#11625=CARTESIAN_POINT('',(9923.71128155507,1899.4458601332,-1760.19871778737));
#11626=CARTESIAN_POINT('',(9821.07611381269,1899.4458601332,166.518724318116));
#11627=CARTESIAN_POINT('',(9821.07611381269,1950.76344400439,166.518724318115));
#11628=CARTESIAN_POINT('',(9872.39369768388,1950.76344400439,166.518724318116));
#11629=CARTESIAN_POINT('',(9923.71128155507,1950.76344400439,166.518724318115));
#11630=CARTESIAN_POINT('',(9923.71128155507,1899.4458601332,166.518724318116));
#11631=CARTESIAN_POINT('',(7008.52139305208,1514.32180422379,-796.839996734626));
#11632=CARTESIAN_POINT('',(7061.99747566243,1551.98495768643,-1958.00837517686));
#11633=CARTESIAN_POINT('',(7008.52139305208,1514.32180422379,-796.839996734626));
#11634=CARTESIAN_POINT('',(7011.41041863444,1513.65750978781,-796.839996734626));
#11635=CARTESIAN_POINT('',(7008.69131191219,1513.33619006107,-796.839996734626));
#11636=CARTESIAN_POINT('',(7008.57583632605,1514.30849598337,-796.839996734626));
#11637=CARTESIAN_POINT('',(7007.10474586657,1513.58831435155,-796.839996734626));
#11638=CARTESIAN_POINT('',(6929.58231664744,1537.95694392822,-1958.00837517686));
#11639=CARTESIAN_POINT('',(6938.01525738123,1442.87064185092,166.518724318116));
#11640=CARTESIAN_POINT('',(6938.01525738123,1442.87064185092,-1760.19871778737));
#11641=CARTESIAN_POINT('',(7022.02802842303,1566.17483372888,-1760.19871778737));
#11642=CARTESIAN_POINT('',(6960.43245420902,1537.95694392822,-1760.19871778737));
#11643=CARTESIAN_POINT('',(6960.43245420902,1537.95694392822,166.518724318116));
#11644=CARTESIAN_POINT('',(7022.02802842303,1566.17483372888,166.518724318116));
#11645=CARTESIAN_POINT('',(7030.73488886209,1563.0837409347,-1760.19871778737));
#11646=CARTESIAN_POINT('',(7030.73488886209,1563.0837409347,166.518724318116));
#11647=CARTESIAN_POINT('',(7056.61033189514,1537.95694392822,-1760.19871778737));
#11648=CARTESIAN_POINT('',(7056.61033189514,1537.95694392822,166.518724318116));
#11649=CARTESIAN_POINT('',(7056.61047607957,1489.35834384995,-1760.19871778737));
#11650=CARTESIAN_POINT('',(7056.61047607957,1489.35834384995,166.518724318116));
#11651=CARTESIAN_POINT('',(6960.77229192924,1489.35842136227,-1760.19871778737));
#11652=CARTESIAN_POINT('',(6960.77229192924,1489.35842136227,166.518724318116));
#11653=CARTESIAN_POINT('',(6954.65502720668,1513.82743007501,-1760.19871778737));
#11654=CARTESIAN_POINT('',(6954.65502720668,1513.82743007501,166.518724318116));
#11655=CARTESIAN_POINT('',(6960.65903908798,1537.95686961583,-1760.19871778737));
#11656=CARTESIAN_POINT('',(6960.65903908798,1537.95686961583,166.518724318116));
#11657=CARTESIAN_POINT('',(7022.02802842303,1566.17483372888,-1760.19871778737));
#11658=CARTESIAN_POINT('',(6979.71786034574,1577.19575223949,-1760.19871778737));
#11659=CARTESIAN_POINT('',(6960.43245420902,1537.95694392822,-1760.19871778737));
#11660=CARTESIAN_POINT('',(6960.43245420902,1537.95694392822,-1760.19871778737));
#11661=CARTESIAN_POINT('',(6960.43245420902,1537.95694392822,166.518724318116));
#11662=CARTESIAN_POINT('',(6960.43245420902,1537.95694392822,166.518724318116));
#11663=CARTESIAN_POINT('',(6979.71786034574,1577.19575223949,166.518724318116));
#11664=CARTESIAN_POINT('',(7022.02802842303,1566.17483372888,166.518724318116));
#11665=CARTESIAN_POINT('',(7022.02802842303,1566.17483372888,166.518724318116));
#11666=CARTESIAN_POINT('',(7022.02802842303,1566.17483372888,-1760.19871778737));
#11667=CARTESIAN_POINT('',(7030.73488886209,1563.0837409347,-1760.19871778737));
#11668=CARTESIAN_POINT('',(7022.02802842303,1566.17483372888,-1760.19871778737));
#11669=CARTESIAN_POINT('',(7022.02802842303,1566.17483372888,166.518724318116));
#11670=CARTESIAN_POINT('',(7030.73488886209,1563.0837409347,166.518724318116));
#11671=CARTESIAN_POINT('',(7030.73488886209,1563.0837409347,166.518724318116));
#11672=CARTESIAN_POINT('',(7030.73488886209,1563.0837409347,-1760.19871778737));
#11673=CARTESIAN_POINT('',(7056.61033189514,1537.95694392822,-1760.19871778737));
#11674=CARTESIAN_POINT('',(7048.16289532337,1555.14441418483,-1760.19871778737));
#11675=CARTESIAN_POINT('',(7030.73488886209,1563.0837409347,-1760.19871778737));
#11676=CARTESIAN_POINT('',(7030.73488886209,1563.0837409347,166.518724318116));
#11677=CARTESIAN_POINT('',(7048.16289532337,1555.14441418483,166.518724318116));
#11678=CARTESIAN_POINT('',(7056.61033189514,1537.95694392822,166.518724318116));
#11679=CARTESIAN_POINT('',(7056.61033189514,1537.95694392822,166.518724318116));
#11680=CARTESIAN_POINT('',(7056.61033189514,1537.95694392822,-1760.19871778737));
#11681=CARTESIAN_POINT('',(7056.61047607957,1489.35834384995,-1760.19871778737));
#11682=CARTESIAN_POINT('',(7069.67359367164,1513.65768264552,-1760.19871778737));
#11683=CARTESIAN_POINT('',(7056.61033189514,1537.95694392822,-1760.19871778737));
#11684=CARTESIAN_POINT('',(7056.61033189514,1537.95694392822,166.518724318116));
#11685=CARTESIAN_POINT('',(7069.67359367164,1513.65768264552,166.518724318115));
#11686=CARTESIAN_POINT('',(7056.61047607957,1489.35834384995,166.518724318116));
#11687=CARTESIAN_POINT('',(7056.61047607957,1489.35834384995,166.518724318116));
#11688=CARTESIAN_POINT('',(7056.61047607957,1489.35834384995,-1760.19871778737));
#11689=CARTESIAN_POINT('',(6960.77229192924,1489.35842136227,166.518724318116));
#11690=CARTESIAN_POINT('',(6960.77229192924,1489.35842136227,-1760.19871778737));
#11691=CARTESIAN_POINT('',(6954.65502720668,1513.82743007501,-1760.19871778737));
#11692=CARTESIAN_POINT('',(6954.77074390083,1500.85719529313,-1760.19871778737));
#11693=CARTESIAN_POINT('',(6960.77229192924,1489.35842136227,-1760.19871778737));
#11694=CARTESIAN_POINT('',(6960.77229192924,1489.35842136227,166.518724318116));
#11695=CARTESIAN_POINT('',(6954.77074390083,1500.85719529313,166.518724318116));
#11696=CARTESIAN_POINT('',(6954.65502720668,1513.82743007501,166.518724318116));
#11697=CARTESIAN_POINT('',(6954.65502720668,1513.82743007501,166.518724318116));
#11698=CARTESIAN_POINT('',(6954.65502720668,1513.82743007501,-1760.19871778737));
#11699=CARTESIAN_POINT('',(6960.65903908798,1537.95686961583,-1760.19871778737));
#11700=CARTESIAN_POINT('',(6954.71336891831,1526.62460759587,-1760.19871778737));
#11701=CARTESIAN_POINT('',(6954.65502720668,1513.82743007501,-1760.19871778737));
#11702=CARTESIAN_POINT('',(6954.65502720668,1513.82743007501,166.518724318116));
#11703=CARTESIAN_POINT('',(6954.71336891831,1526.62460759587,166.518724318115));
#11704=CARTESIAN_POINT('',(6960.65903908798,1537.95686961583,166.518724318116));
#11705=CARTESIAN_POINT('',(6960.65903908798,1537.95686961583,166.518724318116));
#11706=CARTESIAN_POINT('',(6960.65903908798,1537.95686961583,-1760.19871778737));
#11707=CARTESIAN_POINT('',(6960.43245420902,1537.95694392822,166.518724318116));
#11708=CARTESIAN_POINT('',(6960.65903908798,1537.95686961583,166.518724318116));
#11709=CARTESIAN_POINT('',(7056.61047607957,1489.35834384995,166.518724318116));
#11710=CARTESIAN_POINT('',(7041.79638645882,1459.75284568529,166.518724318115));
#11711=CARTESIAN_POINT('',(7008.69136005997,1459.75287246008,166.518724318116));
#11712=CARTESIAN_POINT('',(6975.58633366112,1459.75289923488,166.518724318115));
#11713=CARTESIAN_POINT('',(6960.77229192924,1489.35842136227,166.518724318116));
#11714=CARTESIAN_POINT('',(6960.43245420902,1537.95694392822,-1760.19871778737));
#11715=CARTESIAN_POINT('',(6960.65903908798,1537.95686961583,-1760.19871778737));
#11716=CARTESIAN_POINT('',(6960.77229192924,1489.35842136227,-1760.19871778737));
#11717=CARTESIAN_POINT('',(6975.58633366112,1459.75289923488,-1760.19871778737));
#11718=CARTESIAN_POINT('',(7008.69136005997,1459.75287246008,-1760.19871778737));
#11719=CARTESIAN_POINT('',(7041.79638645881,1459.75284568529,-1760.19871778737));
#11720=CARTESIAN_POINT('',(7056.61047607957,1489.35834384995,-1760.19871778737));
#11721=CARTESIAN_POINT('',(10253.9337031545,1277.74409349945,-796.839996734626));
#11722=CARTESIAN_POINT('',(10213.5630708793,1228.10799787279,-1958.00837517686));
#11723=CARTESIAN_POINT('',(10182.2787080488,1211.12355324176,166.518724318116));
#11724=CARTESIAN_POINT('',(10182.2787080488,1211.12355324176,-1760.19871778737));
#11725=CARTESIAN_POINT('',(10258.7643969547,1226.65438013379,-1760.19871778737));
#11726=CARTESIAN_POINT('',(10245.8304237487,1227.07032042848,-1760.19871778737));
#11727=CARTESIAN_POINT('',(10245.8304237487,1227.07032042848,166.518724318116));
#11728=CARTESIAN_POINT('',(10258.7643969547,1226.65438013379,166.518724318116));
#11729=CARTESIAN_POINT('',(10258.7643969547,1226.65438013379,-1760.19871778737));
#11730=CARTESIAN_POINT('',(10306.7226433276,1231.18898383698,-1760.19871778737));
#11731=CARTESIAN_POINT('',(10305.2265312129,1279.33789529355,-1760.19871778737));
#11732=CARTESIAN_POINT('',(10303.7304190982,1327.48680675012,-1760.19871778737));
#11733=CARTESIAN_POINT('',(10255.5831593432,1329.03516200738,-1760.19871778737));
#11734=CARTESIAN_POINT('',(10207.4358995883,1330.58351726465,-1760.19871778737));
#11735=CARTESIAN_POINT('',(10202.8492614126,1282.63021939936,-1760.19871778737));
#11736=CARTESIAN_POINT('',(10198.2626232368,1234.67692153406,-1760.19871778737));
#11737=CARTESIAN_POINT('',(10245.8304237487,1227.07032042848,-1760.19871778737));
#11738=CARTESIAN_POINT('',(10245.8304237487,1227.07032042848,-1760.19871778737));
#11739=CARTESIAN_POINT('',(10245.8304237487,1227.07032042848,166.518724318116));
#11740=CARTESIAN_POINT('',(10245.8304237487,1227.07032042848,166.518724318116));
#11741=CARTESIAN_POINT('',(10198.2626232368,1234.67692153406,166.518724318116));
#11742=CARTESIAN_POINT('',(10202.8492614126,1282.63021939936,166.518724318116));
#11743=CARTESIAN_POINT('',(10207.4358995883,1330.58351726467,166.518724318116));
#11744=CARTESIAN_POINT('',(10255.5831593432,1329.0351620074,166.518724318116));
#11745=CARTESIAN_POINT('',(10303.7304190982,1327.48680675014,166.518724318116));
#11746=CARTESIAN_POINT('',(10305.2265312129,1279.33789529356,166.518724318116));
#11747=CARTESIAN_POINT('',(10306.7226433276,1231.18898383698,166.518724318116));
#11748=CARTESIAN_POINT('',(10258.7643969547,1226.65438013379,166.518724318116));
#11749=CARTESIAN_POINT('',(10258.7643969547,1226.65438013379,166.518724318116));
#11750=CARTESIAN_POINT('',(10258.7643969547,1226.65438013379,-1760.19871778737));
#11751=CARTESIAN_POINT('',(10245.8304237487,1227.07032042848,-1760.19871778737));
#11752=CARTESIAN_POINT('',(10258.7643969547,1226.65438013379,-1760.19871778737));
#11753=CARTESIAN_POINT('',(10245.8304237487,1227.07032042848,166.518724318116));
#11754=CARTESIAN_POINT('',(10258.7643969547,1226.65438013379,166.518724318116));
#11755=CARTESIAN_POINT('',(8117.40029959895,1912.70007053702,-796.839996734626));
#11756=CARTESIAN_POINT('',(8047.41871090594,1842.71848184401,166.518724318116));
#11757=CARTESIAN_POINT('',(8047.41871090594,1842.71848184401,-1760.19871778737));
#11758=CARTESIAN_POINT('',(8117.40029959895,1912.70007053702,-796.839996734626));
#11759=CARTESIAN_POINT('',(8171.43669586066,1912.70007053702,-1760.19871778737));
#11760=CARTESIAN_POINT('',(8171.43669586066,1912.70007053702,166.518724318116));
#11761=CARTESIAN_POINT('',(8063.36390333723,1912.70007053702,-1760.19871778737));
#11762=CARTESIAN_POINT('',(8063.36390333723,1912.70007053702,166.518724318116));
#11763=CARTESIAN_POINT('',(8171.43669586066,1912.70007053702,-1760.19871778737));
#11764=CARTESIAN_POINT('',(8171.43669586066,1966.73646679874,-1760.19871778737));
#11765=CARTESIAN_POINT('',(8117.40029959895,1966.73646679874,-1760.19871778737));
#11766=CARTESIAN_POINT('',(8063.36390333723,1966.73646679874,-1760.19871778737));
#11767=CARTESIAN_POINT('',(8063.36390333723,1912.70007053702,-1760.19871778737));
#11768=CARTESIAN_POINT('',(8171.43669586066,1912.70007053702,166.518724318116));
#11769=CARTESIAN_POINT('',(8171.43669586066,1858.66367427531,166.518724318115));
#11770=CARTESIAN_POINT('',(8117.40029959895,1858.66367427531,166.518724318116));
#11771=CARTESIAN_POINT('',(8063.36390333723,1858.66367427531,166.518724318115));
#11772=CARTESIAN_POINT('',(8063.36390333723,1912.70007053702,166.518724318116));
#11773=CARTESIAN_POINT('',(8171.43669586066,1912.70007053702,-1760.19871778737));
#11774=CARTESIAN_POINT('',(8171.43669586066,1912.70007053702,166.518724318116));
#11775=CARTESIAN_POINT('',(8063.36390333723,1912.70007053702,-1760.19871778737));
#11776=CARTESIAN_POINT('',(8063.36390333723,1912.70007053702,166.518724318116));
#11777=CARTESIAN_POINT('',(8063.36390333723,1912.70007053702,-1760.19871778737));
#11778=CARTESIAN_POINT('',(8063.36390333723,1858.66367427531,-1760.19871778737));
#11779=CARTESIAN_POINT('',(8117.40029959895,1858.66367427531,-1760.19871778737));
#11780=CARTESIAN_POINT('',(8171.43669586066,1858.66367427531,-1760.19871778737));
#11781=CARTESIAN_POINT('',(8171.43669586066,1912.70007053702,-1760.19871778737));
#11782=CARTESIAN_POINT('',(8063.36390333723,1912.70007053702,166.518724318116));
#11783=CARTESIAN_POINT('',(8063.36390333723,1966.73646679874,166.518724318115));
#11784=CARTESIAN_POINT('',(8117.40029959895,1966.73646679874,166.518724318116));
#11785=CARTESIAN_POINT('',(8171.43669586066,1966.73646679874,166.518724318115));
#11786=CARTESIAN_POINT('',(8171.43669586066,1912.70007053702,166.518724318116));
#11787=CARTESIAN_POINT('',(4846.21585839699,1911.90708358979,-796.839996734626));
#11788=CARTESIAN_POINT('',(4883.79238608879,1956.30947069552,-1958.00837517686));
#11789=CARTESIAN_POINT('',(4784.36929374551,1852.81962521646,166.518724318116));
#11790=CARTESIAN_POINT('',(4784.36929374551,1852.81962521646,-1760.19871778737));
#11791=CARTESIAN_POINT('',(4840.867883013,1956.44757130763,-1760.19871778737));
#11792=CARTESIAN_POINT('',(4851.85031951173,1956.41223761489,-1760.19871778737));
#11793=CARTESIAN_POINT('',(4851.85031951173,1956.41223761489,166.518724318116));
#11794=CARTESIAN_POINT('',(4840.867883013,1956.44757130763,166.518724318116));
#11795=CARTESIAN_POINT('',(4840.86788301299,1956.44757130763,-1760.19871778737));
#11796=CARTESIAN_POINT('',(4798.97975351466,1951.4180645169,-1760.19871778737));
#11797=CARTESIAN_POINT('',(4801.43125332616,1909.30035470141,-1760.19871778737));
#11798=CARTESIAN_POINT('',(4803.88275313766,1867.18264488593,-1760.19871778737));
#11799=CARTESIAN_POINT('',(4846.07153017405,1867.04691131849,-1760.19871778737));
#11800=CARTESIAN_POINT('',(4888.26030721044,1866.91117775106,-1760.19871778737));
#11801=CARTESIAN_POINT('',(4890.98276331355,1909.0122414454,-1760.19871778737));
#11802=CARTESIAN_POINT('',(4893.70521941665,1951.11330513973,-1760.19871778737));
#11803=CARTESIAN_POINT('',(4851.85031951173,1956.41223761489,-1760.19871778737));
#11804=CARTESIAN_POINT('',(4851.85031951173,1956.41223761489,-1760.19871778737));
#11805=CARTESIAN_POINT('',(4851.85031951173,1956.41223761489,166.518724318116));
#11806=CARTESIAN_POINT('',(4851.85031951173,1956.41223761489,166.518724318116));
#11807=CARTESIAN_POINT('',(4893.70521941665,1951.11330513973,166.518724318115));
#11808=CARTESIAN_POINT('',(4890.98276331354,1909.01224144539,166.518724318116));
#11809=CARTESIAN_POINT('',(4888.26030721043,1866.91117775106,166.518724318115));
#11810=CARTESIAN_POINT('',(4846.07153017404,1867.04691131849,166.518724318116));
#11811=CARTESIAN_POINT('',(4803.88275313765,1867.18264488593,166.518724318115));
#11812=CARTESIAN_POINT('',(4801.43125332615,1909.30035470142,166.518724318116));
#11813=CARTESIAN_POINT('',(4798.97975351465,1951.41806451691,166.518724318115));
#11814=CARTESIAN_POINT('',(4840.86788301299,1956.44757130763,166.518724318116));
#11815=CARTESIAN_POINT('',(4840.86788301299,1956.44757130763,166.518724318116));
#11816=CARTESIAN_POINT('',(4840.86788301299,1956.44757130763,-1760.19871778737));
#11817=CARTESIAN_POINT('',(4851.85031951173,1956.41223761489,-1760.19871778737));
#11818=CARTESIAN_POINT('',(4840.86788301299,1956.44757130763,-1760.19871778737));
#11819=CARTESIAN_POINT('',(4851.85031951173,1956.41223761489,166.518724318116));
#11820=CARTESIAN_POINT('',(4840.86788301299,1956.44757130763,166.518724318116));
#11821=CARTESIAN_POINT('',(2736.41744334834,499.597330560808,-796.839996734626));
#11822=CARTESIAN_POINT('',(2736.41744334834,499.597330560808,-796.839996734626));
#11823=CARTESIAN_POINT('',(2568.01484611827,331.194733330736,166.518724318116));
#11824=CARTESIAN_POINT('',(2568.01484611827,331.194733330736,-1760.19871778737));
#11825=CARTESIAN_POINT('',(2736.41744334834,499.597330560809,-796.839996734626));
#11826=CARTESIAN_POINT('',(2736.41744334834,499.597330560808,-796.839996734626));
#11827=CARTESIAN_POINT('',(2797.47743828559,499.597330560808,-1760.19871778737));
#11828=CARTESIAN_POINT('',(2797.47743828559,499.597330560808,166.518724318116));
#11829=CARTESIAN_POINT('',(2872.47134672428,499.597330560808,-1760.19871778737));
#11830=CARTESIAN_POINT('',(2872.47134672428,499.597330560808,166.518724318116));
#11831=CARTESIAN_POINT('',(2675.3574484111,499.597330560808,-1760.19871778737));
#11832=CARTESIAN_POINT('',(2675.3574484111,499.597330560808,166.518724318116));
#11833=CARTESIAN_POINT('',(2600.36353997241,499.597330560808,-1760.19871778737));
#11834=CARTESIAN_POINT('',(2600.36353997241,499.597330560808,166.518724318116));
#11835=CARTESIAN_POINT('',(2797.47743828559,499.597330560808,-1760.19871778737));
#11836=CARTESIAN_POINT('',(2797.47743828559,560.657325498052,-1760.19871778737));
#11837=CARTESIAN_POINT('',(2736.41744334834,560.657325498052,-1760.19871778737));
#11838=CARTESIAN_POINT('',(2675.3574484111,560.657325498052,-1760.19871778737));
#11839=CARTESIAN_POINT('',(2675.3574484111,499.597330560808,-1760.19871778737));
#11840=CARTESIAN_POINT('',(2797.47743828559,499.597330560808,166.518724318116));
#11841=CARTESIAN_POINT('',(2797.47743828559,438.537335623564,166.518724318115));
#11842=CARTESIAN_POINT('',(2736.41744334834,438.537335623564,166.518724318116));
#11843=CARTESIAN_POINT('',(2675.3574484111,438.537335623564,166.518724318115));
#11844=CARTESIAN_POINT('',(2675.3574484111,499.597330560808,166.518724318116));
#11845=CARTESIAN_POINT('',(2797.47743828559,499.597330560808,-1760.19871778737));
#11846=CARTESIAN_POINT('',(2797.47743828559,499.597330560808,166.518724318116));
#11847=CARTESIAN_POINT('',(2872.47134672428,499.597330560808,-1760.19871778737));
#11848=CARTESIAN_POINT('',(2872.47134672428,635.651233936745,-1760.19871778737));
#11849=CARTESIAN_POINT('',(2736.41744334834,635.651233936745,-1760.19871778737));
#11850=CARTESIAN_POINT('',(2600.36353997241,635.651233936745,-1760.19871778737));
#11851=CARTESIAN_POINT('',(2600.36353997241,499.597330560808,-1760.19871778737));
#11852=CARTESIAN_POINT('',(2872.47134672428,499.597330560808,166.518724318116));
#11853=CARTESIAN_POINT('',(2872.47134672428,363.543427184871,166.518724318115));
#11854=CARTESIAN_POINT('',(2736.41744334834,363.543427184871,166.518724318116));
#11855=CARTESIAN_POINT('',(2600.36353997241,363.543427184871,166.518724318115));
#11856=CARTESIAN_POINT('',(2600.36353997241,499.597330560808,166.518724318116));
#11857=CARTESIAN_POINT('',(2872.47134672428,499.597330560808,-1760.19871778737));
#11858=CARTESIAN_POINT('',(2872.47134672428,499.597330560808,166.518724318116));
#11859=CARTESIAN_POINT('',(2675.3574484111,499.597330560808,-1760.19871778737));
#11860=CARTESIAN_POINT('',(2675.3574484111,499.597330560808,166.518724318116));
#11861=CARTESIAN_POINT('',(2675.3574484111,499.597330560808,-1760.19871778737));
#11862=CARTESIAN_POINT('',(2675.3574484111,438.537335623564,-1760.19871778737));
#11863=CARTESIAN_POINT('',(2736.41744334834,438.537335623564,-1760.19871778737));
#11864=CARTESIAN_POINT('',(2797.47743828559,438.537335623564,-1760.19871778737));
#11865=CARTESIAN_POINT('',(2797.47743828559,499.597330560808,-1760.19871778737));
#11866=CARTESIAN_POINT('',(2675.3574484111,499.597330560808,166.518724318116));
#11867=CARTESIAN_POINT('',(2675.3574484111,560.657325498052,166.518724318115));
#11868=CARTESIAN_POINT('',(2736.41744334834,560.657325498052,166.518724318116));
#11869=CARTESIAN_POINT('',(2797.47743828559,560.657325498052,166.518724318115));
#11870=CARTESIAN_POINT('',(2797.47743828559,499.597330560808,166.518724318116));
#11871=CARTESIAN_POINT('',(2600.36353997241,499.597330560808,-1760.19871778737));
#11872=CARTESIAN_POINT('',(2600.36353997241,499.597330560808,166.518724318116));
#11873=CARTESIAN_POINT('',(2600.36353997241,499.597330560808,-1760.19871778737));
#11874=CARTESIAN_POINT('',(2600.36353997241,363.543427184871,-1760.19871778737));
#11875=CARTESIAN_POINT('',(2736.41744334834,363.543427184871,-1760.19871778737));
#11876=CARTESIAN_POINT('',(2872.47134672428,363.543427184871,-1760.19871778737));
#11877=CARTESIAN_POINT('',(2872.47134672428,499.597330560808,-1760.19871778737));
#11878=CARTESIAN_POINT('',(2600.36353997241,499.597330560808,166.518724318116));
#11879=CARTESIAN_POINT('',(2600.36353997241,635.651233936745,166.518724318115));
#11880=CARTESIAN_POINT('',(2736.41744334834,635.651233936745,166.518724318116));
#11881=CARTESIAN_POINT('',(2872.47134672428,635.651233936745,166.518724318115));
#11882=CARTESIAN_POINT('',(2872.47134672428,499.597330560808,166.518724318116));
#11883=CARTESIAN_POINT('',(9091.98125775314,1904.99676876386,-796.839996734626));
#11884=CARTESIAN_POINT('',(9032.60303738318,1845.61854839391,166.518724318116));
#11885=CARTESIAN_POINT('',(9032.60303738318,1845.61854839391,-1760.19871778737));
#11886=CARTESIAN_POINT('',(9091.98125775314,1904.99676876386,-796.839996734626));
#11887=CARTESIAN_POINT('',(9137.18151374564,1904.99676876386,-1760.19871778737));
#11888=CARTESIAN_POINT('',(9137.18151374564,1904.99676876386,166.518724318116));
#11889=CARTESIAN_POINT('',(9046.78100176063,1904.99676876386,-1760.19871778737));
#11890=CARTESIAN_POINT('',(9046.78100176063,1904.99676876386,166.518724318116));
#11891=CARTESIAN_POINT('',(9137.18151374564,1904.99676876386,-1760.19871778737));
#11892=CARTESIAN_POINT('',(9137.18151374564,1950.19702475637,-1760.19871778737));
#11893=CARTESIAN_POINT('',(9091.98125775314,1950.19702475637,-1760.19871778737));
#11894=CARTESIAN_POINT('',(9046.78100176063,1950.19702475637,-1760.19871778737));
#11895=CARTESIAN_POINT('',(9046.78100176063,1904.99676876386,-1760.19871778737));
#11896=CARTESIAN_POINT('',(9137.18151374564,1904.99676876386,166.518724318116));
#11897=CARTESIAN_POINT('',(9137.18151374564,1859.79651277136,166.518724318115));
#11898=CARTESIAN_POINT('',(9091.98125775314,1859.79651277136,166.518724318116));
#11899=CARTESIAN_POINT('',(9046.78100176063,1859.79651277136,166.518724318115));
#11900=CARTESIAN_POINT('',(9046.78100176063,1904.99676876386,166.518724318116));
#11901=CARTESIAN_POINT('',(9137.18151374564,1904.99676876386,-1760.19871778737));
#11902=CARTESIAN_POINT('',(9137.18151374564,1904.99676876386,166.518724318116));
#11903=CARTESIAN_POINT('',(9046.78100176063,1904.99676876386,-1760.19871778737));
#11904=CARTESIAN_POINT('',(9046.78100176063,1904.99676876386,166.518724318116));
#11905=CARTESIAN_POINT('',(9046.78100176063,1904.99676876386,-1760.19871778737));
#11906=CARTESIAN_POINT('',(9046.78100176063,1859.79651277136,-1760.19871778737));
#11907=CARTESIAN_POINT('',(9091.98125775314,1859.79651277136,-1760.19871778737));
#11908=CARTESIAN_POINT('',(9137.18151374564,1859.79651277136,-1760.19871778737));
#11909=CARTESIAN_POINT('',(9137.18151374564,1904.99676876386,-1760.19871778737));
#11910=CARTESIAN_POINT('',(9046.78100176063,1904.99676876386,166.518724318116));
#11911=CARTESIAN_POINT('',(9046.78100176063,1950.19702475637,166.518724318115));
#11912=CARTESIAN_POINT('',(9091.98125775314,1950.19702475637,166.518724318116));
#11913=CARTESIAN_POINT('',(9137.18151374564,1950.19702475637,166.518724318115));
#11914=CARTESIAN_POINT('',(9137.18151374564,1904.99676876386,166.518724318116));
#11915=CARTESIAN_POINT('',(7981.91281547103,1786.04872667832,-796.839996734626));
#11916=CARTESIAN_POINT('',(7911.93122677803,1716.06713798532,166.518724318116));
#11917=CARTESIAN_POINT('',(7911.93122677803,1716.06713798532,-1760.19871778737));
#11918=CARTESIAN_POINT('',(7981.91281547103,1786.04872667832,-796.839996734626));
#11919=CARTESIAN_POINT('',(8035.94921173275,1786.04872667832,-1760.19871778737));
#11920=CARTESIAN_POINT('',(8035.94921173275,1786.04872667832,166.518724318116));
#11921=CARTESIAN_POINT('',(7927.87641920932,1786.04872667832,-1760.19871778737));
#11922=CARTESIAN_POINT('',(7927.87641920932,1786.04872667832,166.518724318116));
#11923=CARTESIAN_POINT('',(8035.94921173275,1786.04872667832,-1760.19871778737));
#11924=CARTESIAN_POINT('',(8035.94921173275,1840.08512294004,-1760.19871778737));
#11925=CARTESIAN_POINT('',(7981.91281547103,1840.08512294004,-1760.19871778737));
#11926=CARTESIAN_POINT('',(7927.87641920932,1840.08512294004,-1760.19871778737));
#11927=CARTESIAN_POINT('',(7927.87641920932,1786.04872667832,-1760.19871778737));
#11928=CARTESIAN_POINT('',(8035.94921173275,1786.04872667832,166.518724318116));
#11929=CARTESIAN_POINT('',(8035.94921173275,1732.01233041661,166.518724318115));
#11930=CARTESIAN_POINT('',(7981.91281547103,1732.01233041661,166.518724318116));
#11931=CARTESIAN_POINT('',(7927.87641920932,1732.01233041661,166.518724318115));
#11932=CARTESIAN_POINT('',(7927.87641920932,1786.04872667832,166.518724318116));
#11933=CARTESIAN_POINT('',(8035.94921173275,1786.04872667832,-1760.19871778737));
#11934=CARTESIAN_POINT('',(8035.94921173275,1786.04872667832,166.518724318116));
#11935=CARTESIAN_POINT('',(7927.87641920932,1786.04872667832,-1760.19871778737));
#11936=CARTESIAN_POINT('',(7927.87641920932,1786.04872667832,166.518724318116));
#11937=CARTESIAN_POINT('',(7927.87641920932,1786.04872667832,-1760.19871778737));
#11938=CARTESIAN_POINT('',(7927.87641920932,1732.01233041661,-1760.19871778737));
#11939=CARTESIAN_POINT('',(7981.91281547103,1732.01233041661,-1760.19871778737));
#11940=CARTESIAN_POINT('',(8035.94921173275,1732.01233041661,-1760.19871778737));
#11941=CARTESIAN_POINT('',(8035.94921173275,1786.04872667832,-1760.19871778737));
#11942=CARTESIAN_POINT('',(7927.87641920932,1786.04872667832,166.518724318116));
#11943=CARTESIAN_POINT('',(7927.87641920932,1840.08512294004,166.518724318115));
#11944=CARTESIAN_POINT('',(7981.91281547103,1840.08512294004,166.518724318116));
#11945=CARTESIAN_POINT('',(8035.94921173275,1840.08512294004,166.518724318115));
#11946=CARTESIAN_POINT('',(8035.94921173275,1786.04872667832,166.518724318116));
#11947=CARTESIAN_POINT('',(9926.316810096,1185.98417531918,-796.839996734626));
#11948=CARTESIAN_POINT('',(9859.59779627162,1119.2651614948,166.518724318116));
#11949=CARTESIAN_POINT('',(9859.59779627162,1119.2651614948,-1760.19871778737));
#11950=CARTESIAN_POINT('',(9926.316810096,1185.98417531918,-796.839996734626));
#11951=CARTESIAN_POINT('',(9977.63439396719,1185.98417531918,-1760.19871778737));
#11952=CARTESIAN_POINT('',(9977.63439396719,1185.98417531918,166.518724318116));
#11953=CARTESIAN_POINT('',(9874.99922622481,1185.98417531918,-1760.19871778737));
#11954=CARTESIAN_POINT('',(9874.99922622481,1185.98417531918,166.518724318116));
#11955=CARTESIAN_POINT('',(9977.63439396719,1185.98417531918,-1760.19871778737));
#11956=CARTESIAN_POINT('',(9977.63439396719,1237.30175919037,-1760.19871778737));
#11957=CARTESIAN_POINT('',(9926.316810096,1237.30175919037,-1760.19871778737));
#11958=CARTESIAN_POINT('',(9874.99922622481,1237.30175919037,-1760.19871778737));
#11959=CARTESIAN_POINT('',(9874.99922622481,1185.98417531918,-1760.19871778737));
#11960=CARTESIAN_POINT('',(9977.63439396719,1185.98417531918,166.518724318116));
#11961=CARTESIAN_POINT('',(9977.63439396719,1134.66659144799,166.518724318115));
#11962=CARTESIAN_POINT('',(9926.316810096,1134.66659144799,166.518724318116));
#11963=CARTESIAN_POINT('',(9874.99922622481,1134.66659144799,166.518724318115));
#11964=CARTESIAN_POINT('',(9874.99922622481,1185.98417531918,166.518724318116));
#11965=CARTESIAN_POINT('',(9977.63439396719,1185.98417531918,-1760.19871778737));
#11966=CARTESIAN_POINT('',(9977.63439396719,1185.98417531918,166.518724318116));
#11967=CARTESIAN_POINT('',(9874.99922622481,1185.98417531918,-1760.19871778737));
#11968=CARTESIAN_POINT('',(9874.99922622481,1185.98417531918,166.518724318116));
#11969=CARTESIAN_POINT('',(9874.99922622481,1185.98417531918,-1760.19871778737));
#11970=CARTESIAN_POINT('',(9874.99922622481,1134.66659144799,-1760.19871778737));
#11971=CARTESIAN_POINT('',(9926.316810096,1134.66659144799,-1760.19871778737));
#11972=CARTESIAN_POINT('',(9977.63439396719,1134.66659144799,-1760.19871778737));
#11973=CARTESIAN_POINT('',(9977.63439396719,1185.98417531918,-1760.19871778737));
#11974=CARTESIAN_POINT('',(9874.99922622481,1185.98417531918,166.518724318116));
#11975=CARTESIAN_POINT('',(9874.99922622481,1237.30175919037,166.518724318115));
#11976=CARTESIAN_POINT('',(9926.316810096,1237.30175919037,166.518724318116));
#11977=CARTESIAN_POINT('',(9977.63439396719,1237.30175919037,166.518724318115));
#11978=CARTESIAN_POINT('',(9977.63439396719,1185.98417531918,166.518724318116));
#11979=CARTESIAN_POINT('',(7462.16010276482,1515.24364962542,-796.839996734626));
#11980=CARTESIAN_POINT('',(7460.46735945241,1514.92198418381,-796.839996734626));
#11981=CARTESIAN_POINT('',(7458.99442850235,1515.55526718531,-796.839996734626));
#11982=CARTESIAN_POINT('',(7460.23959008311,1515.06127146246,-796.839996734626));
#11983=CARTESIAN_POINT('',(7460.46735945241,1515.76705135517,-796.839996734626));
#11984=CARTESIAN_POINT('',(7477.536221466,1539.54308376584,-1958.00837517686));
#11985=CARTESIAN_POINT('',(7389.82012428243,1445.38832288842,166.518724318116));
#11986=CARTESIAN_POINT('',(7389.82012428243,1445.38832288842,-1760.19871778737));
#11987=CARTESIAN_POINT('',(7508.38637943536,1490.94421548501,-1760.19871778737));
#11988=CARTESIAN_POINT('',(7508.38637943536,1539.54308376584,-1760.19871778737));
#11989=CARTESIAN_POINT('',(7508.38637943536,1539.54308376584,166.518724318116));
#11990=CARTESIAN_POINT('',(7508.38637943536,1490.94421548501,166.518724318116));
#11991=CARTESIAN_POINT('',(7412.54833946946,1490.94421548501,-1760.19871778737));
#11992=CARTESIAN_POINT('',(7412.54833946946,1490.94421548501,166.518724318116));
#11993=CARTESIAN_POINT('',(7406.43091479061,1515.41356848553,-1760.19871778737));
#11994=CARTESIAN_POINT('',(7406.43091479061,1515.41356848553,166.518724318116));
#11995=CARTESIAN_POINT('',(7412.32155051273,1539.54308376584,-1760.19871778737));
#11996=CARTESIAN_POINT('',(7412.32155051273,1539.54308376584,166.518724318116));
#11997=CARTESIAN_POINT('',(7508.61316839209,1539.54308376584,-1760.19871778737));
#11998=CARTESIAN_POINT('',(7508.61316839209,1539.54308376584,166.518724318116));
#11999=CARTESIAN_POINT('',(7508.38637943536,1490.94421548501,-1760.19871778737));
#12000=CARTESIAN_POINT('',(7521.15968808301,1515.24364962542,-1760.19871778737));
#12001=CARTESIAN_POINT('',(7508.38637943536,1539.54308376584,-1760.19871778737));
#12002=CARTESIAN_POINT('',(7508.38637943536,1539.54308376584,-1760.19871778737));
#12003=CARTESIAN_POINT('',(7508.38637943536,1539.54308376584,166.518724318116));
#12004=CARTESIAN_POINT('',(7508.38637943536,1539.54308376584,166.518724318116));
#12005=CARTESIAN_POINT('',(7521.15968808301,1515.24364962542,166.518724318115));
#12006=CARTESIAN_POINT('',(7508.38637943536,1490.94421548501,166.518724318116));
#12007=CARTESIAN_POINT('',(7508.38637943536,1490.94421548501,166.518724318116));
#12008=CARTESIAN_POINT('',(7508.38637943536,1490.94421548501,-1760.19871778737));
#12009=CARTESIAN_POINT('',(7412.54833946946,1490.94421548501,-1760.19871778737));
#12010=CARTESIAN_POINT('',(7427.36236631659,1461.33872310444,-1760.19871778737));
#12011=CARTESIAN_POINT('',(7460.46735945241,1461.33872310444,-1760.19871778737));
#12012=CARTESIAN_POINT('',(7493.57235258824,1461.33872310444,-1760.19871778737));
#12013=CARTESIAN_POINT('',(7508.38637943536,1490.94421548501,-1760.19871778737));
#12014=CARTESIAN_POINT('',(7508.38637943536,1490.94421548501,166.518724318116));
#12015=CARTESIAN_POINT('',(7493.57235258824,1461.33872310444,166.518724318116));
#12016=CARTESIAN_POINT('',(7460.46735945241,1461.33872310444,166.518724318116));
#12017=CARTESIAN_POINT('',(7427.36236631659,1461.33872310444,166.518724318116));
#12018=CARTESIAN_POINT('',(7412.54833946946,1490.94421548501,166.518724318116));
#12019=CARTESIAN_POINT('',(7412.54833946946,1490.94421548501,166.518724318116));
#12020=CARTESIAN_POINT('',(7412.54833946946,1490.94421548501,-1760.19871778737));
#12021=CARTESIAN_POINT('',(7406.43091479061,1515.41356848553,-1760.19871778737));
#12022=CARTESIAN_POINT('',(7406.4659343787,1502.42295811739,-1760.19871778737));
#12023=CARTESIAN_POINT('',(7412.54833946946,1490.94421548501,-1760.19871778737));
#12024=CARTESIAN_POINT('',(7412.54833946946,1490.94421548501,166.518724318116));
#12025=CARTESIAN_POINT('',(7406.4659343787,1502.42295811739,166.518724318115));
#12026=CARTESIAN_POINT('',(7406.43091479061,1515.41356848553,166.518724318116));
#12027=CARTESIAN_POINT('',(7406.43091479061,1515.41356848553,166.518724318116));
#12028=CARTESIAN_POINT('',(7406.43091479061,1515.41356848553,-1760.19871778737));
#12029=CARTESIAN_POINT('',(7412.32155051273,1539.54308376584,-1760.19871778737));
#12030=CARTESIAN_POINT('',(7406.51447943155,1528.17695374213,-1760.19871778737));
#12031=CARTESIAN_POINT('',(7406.43091479061,1515.41356848553,-1760.19871778737));
#12032=CARTESIAN_POINT('',(7406.43091479061,1515.41356848553,166.518724318116));
#12033=CARTESIAN_POINT('',(7406.51447943155,1528.17695374213,166.518724318115));
#12034=CARTESIAN_POINT('',(7412.32155051273,1539.54308376584,166.518724318116));
#12035=CARTESIAN_POINT('',(7412.32155051273,1539.54308376584,166.518724318116));
#12036=CARTESIAN_POINT('',(7412.32155051273,1539.54308376584,-1760.19871778737));
#12037=CARTESIAN_POINT('',(7508.61316839209,1539.54308376584,-1760.19871778737));
#12038=CARTESIAN_POINT('',(7493.83740650833,1569.46359347521,-1760.19871778737));
#12039=CARTESIAN_POINT('',(7460.46735945241,1569.46359347521,-1760.19871778737));
#12040=CARTESIAN_POINT('',(7427.09731239649,1569.46359347521,-1760.19871778737));
#12041=CARTESIAN_POINT('',(7412.32155051273,1539.54308376584,-1760.19871778737));
#12042=CARTESIAN_POINT('',(7412.32155051273,1539.54308376584,166.518724318116));
#12043=CARTESIAN_POINT('',(7427.0973123965,1569.46359347521,166.518724318115));
#12044=CARTESIAN_POINT('',(7460.46735945241,1569.46359347521,166.518724318116));
#12045=CARTESIAN_POINT('',(7493.83740650833,1569.46359347521,166.518724318115));
#12046=CARTESIAN_POINT('',(7508.61316839209,1539.54308376584,166.518724318116));
#12047=CARTESIAN_POINT('',(7508.61316839209,1539.54308376584,166.518724318116));
#12048=CARTESIAN_POINT('',(7508.61316839209,1539.54308376584,-1760.19871778737));
#12049=CARTESIAN_POINT('',(7508.38637943536,1539.54308376584,-1760.19871778737));
#12050=CARTESIAN_POINT('',(7508.61316839209,1539.54308376584,-1760.19871778737));
#12051=CARTESIAN_POINT('',(7508.38637943536,1539.54308376584,166.518724318116));
#12052=CARTESIAN_POINT('',(7508.61316839209,1539.54308376584,166.518724318116));
#12053=CARTESIAN_POINT('',(8731.96518370757,1907.37572960557,-796.839996734626));
#12054=CARTESIAN_POINT('',(8661.98359501456,1837.39414091257,166.518724318116));
#12055=CARTESIAN_POINT('',(8661.98359501456,1837.39414091257,-1760.19871778737));
#12056=CARTESIAN_POINT('',(8731.96518370757,1907.37572960557,-796.839996734626));
#12057=CARTESIAN_POINT('',(8786.00157996929,1907.37572960557,-1760.19871778737));
#12058=CARTESIAN_POINT('',(8786.00157996929,1907.37572960557,166.518724318116));
#12059=CARTESIAN_POINT('',(8677.92878744586,1907.37572960557,-1760.19871778737));
#12060=CARTESIAN_POINT('',(8677.92878744586,1907.37572960557,166.518724318116));
#12061=CARTESIAN_POINT('',(8786.00157996929,1907.37572960557,-1760.19871778737));
#12062=CARTESIAN_POINT('',(8786.00157996929,1961.41212586729,-1760.19871778737));
#12063=CARTESIAN_POINT('',(8731.96518370757,1961.41212586729,-1760.19871778737));
#12064=CARTESIAN_POINT('',(8677.92878744586,1961.41212586729,-1760.19871778737));
#12065=CARTESIAN_POINT('',(8677.92878744586,1907.37572960557,-1760.19871778737));
#12066=CARTESIAN_POINT('',(8786.00157996929,1907.37572960557,166.518724318116));
#12067=CARTESIAN_POINT('',(8786.00157996929,1853.33933334386,166.518724318115));
#12068=CARTESIAN_POINT('',(8731.96518370757,1853.33933334386,166.518724318116));
#12069=CARTESIAN_POINT('',(8677.92878744586,1853.33933334386,166.518724318115));
#12070=CARTESIAN_POINT('',(8677.92878744586,1907.37572960557,166.518724318116));
#12071=CARTESIAN_POINT('',(8786.00157996929,1907.37572960557,-1760.19871778737));
#12072=CARTESIAN_POINT('',(8786.00157996929,1907.37572960557,166.518724318116));
#12073=CARTESIAN_POINT('',(8677.92878744586,1907.37572960557,-1760.19871778737));
#12074=CARTESIAN_POINT('',(8677.92878744586,1907.37572960557,166.518724318116));
#12075=CARTESIAN_POINT('',(8677.92878744586,1907.37572960557,-1760.19871778737));
#12076=CARTESIAN_POINT('',(8677.92878744586,1853.33933334386,-1760.19871778737));
#12077=CARTESIAN_POINT('',(8731.96518370757,1853.33933334386,-1760.19871778737));
#12078=CARTESIAN_POINT('',(8786.00157996929,1853.33933334386,-1760.19871778737));
#12079=CARTESIAN_POINT('',(8786.00157996929,1907.37572960557,-1760.19871778737));
#12080=CARTESIAN_POINT('',(8677.92878744586,1907.37572960557,166.518724318116));
#12081=CARTESIAN_POINT('',(8677.92878744586,1961.41212586729,166.518724318115));
#12082=CARTESIAN_POINT('',(8731.96518370757,1961.41212586729,166.518724318116));
#12083=CARTESIAN_POINT('',(8786.00157996929,1961.41212586729,166.518724318115));
#12084=CARTESIAN_POINT('',(8786.00157996929,1907.37572960557,166.518724318116));
#12085=CARTESIAN_POINT('',(6324.57009574585,1922.21591390387,-796.839996734626));
#12086=CARTESIAN_POINT('',(6276.72289034056,1875.02261189017,-1958.00837517686));
#12087=CARTESIAN_POINT('',(6243.88173788448,1851.57621126761,166.518724318116));
#12088=CARTESIAN_POINT('',(6243.88173788449,1851.57621126761,-1760.19871778737));
#12089=CARTESIAN_POINT('',(6324.57009574585,1868.17951764215,-1760.19871778737));
#12090=CARTESIAN_POINT('',(6309.42337522803,1870.34579747341,-1760.19871778737));
#12091=CARTESIAN_POINT('',(6309.42337522803,1870.34579747341,166.518724318116));
#12092=CARTESIAN_POINT('',(6324.57009574585,1868.17951764215,166.518724318116));
#12093=CARTESIAN_POINT('',(6324.57009574585,1868.17951764215,-1760.19871778737));
#12094=CARTESIAN_POINT('',(6374.89851105928,1868.17951764215,-1760.19871778737));
#12095=CARTESIAN_POINT('',(6378.47024238581,1918.38103279152,-1760.19871778737));
#12096=CARTESIAN_POINT('',(6382.04197371234,1968.58254794089,-1760.19871778737));
#12097=CARTESIAN_POINT('',(6332.22051911243,1975.70799876948,-1760.19871778737));
#12098=CARTESIAN_POINT('',(6282.39906451252,1982.83344959807,-1760.19871778737));
#12099=CARTESIAN_POINT('',(6271.75582699929,1933.643299332,-1760.19871778737));
#12100=CARTESIAN_POINT('',(6261.11258948606,1884.45314906593,-1760.19871778737));
#12101=CARTESIAN_POINT('',(6309.42337522803,1870.34579747341,-1760.19871778737));
#12102=CARTESIAN_POINT('',(6309.42337522803,1870.34579747341,-1760.19871778737));
#12103=CARTESIAN_POINT('',(6309.42337522803,1870.34579747341,166.518724318116));
#12104=CARTESIAN_POINT('',(6309.42337522803,1870.34579747341,166.518724318116));
#12105=CARTESIAN_POINT('',(6261.11258948606,1884.45314906593,166.518724318115));
#12106=CARTESIAN_POINT('',(6271.75582699929,1933.64329933201,166.518724318116));
#12107=CARTESIAN_POINT('',(6282.39906451252,1982.83344959808,166.518724318115));
#12108=CARTESIAN_POINT('',(6332.22051911244,1975.70799876949,166.518724318116));
#12109=CARTESIAN_POINT('',(6382.04197371235,1968.5825479409,166.518724318115));
#12110=CARTESIAN_POINT('',(6378.47024238582,1918.38103279152,166.518724318116));
#12111=CARTESIAN_POINT('',(6374.89851105929,1868.17951764215,166.518724318115));
#12112=CARTESIAN_POINT('',(6324.57009574585,1868.17951764215,166.518724318116));
#12113=CARTESIAN_POINT('',(6324.57009574585,1868.17951764215,166.518724318116));
#12114=CARTESIAN_POINT('',(6324.57009574585,1868.17951764215,-1760.19871778737));
#12115=CARTESIAN_POINT('',(6309.42337522803,1870.34579747341,-1760.19871778737));
#12116=CARTESIAN_POINT('',(6324.57009574585,1868.17951764215,-1760.19871778737));
#12117=CARTESIAN_POINT('',(6324.57009574585,1868.17951764215,166.518724318116));
#12118=CARTESIAN_POINT('',(6309.42337522803,1870.34579747341,166.518724318116));
#12119=CARTESIAN_POINT('',(2603.08235236291,1290.20531695603,-796.839996734626));
#12120=CARTESIAN_POINT('',(2563.89395988827,1234.43297775763,-1958.00837517686));
#12121=CARTESIAN_POINT('',(2531.03062159371,1220.31380575483,166.518724318116));
#12122=CARTESIAN_POINT('',(2531.0306215937,1220.31380575483,-1760.19871778737));
#12123=CARTESIAN_POINT('',(2616.01021313892,1237.73816021288,-1760.19871778737));
#12124=CARTESIAN_POINT('',(2596.88628157291,1236.52533160098,-1760.19871778737));
#12125=CARTESIAN_POINT('',(2596.88628157291,1236.52533160098,166.518724318116));
#12126=CARTESIAN_POINT('',(2616.01021313892,1237.73816021288,166.518724318116));
#12127=CARTESIAN_POINT('',(2616.01021313892,1237.73816021288,-1760.19871778737));
#12128=CARTESIAN_POINT('',(2663.99783463555,1249.56226748662,-1760.19871778737));
#12129=CARTESIAN_POINT('',(2656.49194630404,1298.41186287982,-1760.19871778737));
#12130=CARTESIAN_POINT('',(2648.98605797252,1347.26145827301,-1760.19871778737));
#12131=CARTESIAN_POINT('',(2599.66226648475,1344.13337211786,-1760.19871778737));
#12132=CARTESIAN_POINT('',(2550.33847499697,1341.0052859627,-1760.19871778737));
#12133=CARTESIAN_POINT('',(2549.06392760585,1291.59884044522,-1760.19871778737));
#12134=CARTESIAN_POINT('',(2547.78938021473,1242.19239492774,-1760.19871778737));
#12135=CARTESIAN_POINT('',(2596.88628157291,1236.52533160098,-1760.19871778737));
#12136=CARTESIAN_POINT('',(2596.88628157291,1236.52533160098,-1760.19871778737));
#12137=CARTESIAN_POINT('',(2596.88628157291,1236.52533160098,166.518724318116));
#12138=CARTESIAN_POINT('',(2596.88628157291,1236.52533160098,166.518724318116));
#12139=CARTESIAN_POINT('',(2547.78938021474,1242.19239492774,166.518724318115));
#12140=CARTESIAN_POINT('',(2549.06392760585,1291.59884044521,166.518724318116));
#12141=CARTESIAN_POINT('',(2550.33847499697,1341.00528596268,166.518724318115));
#12142=CARTESIAN_POINT('',(2599.66226648474,1344.13337211784,166.518724318116));
#12143=CARTESIAN_POINT('',(2648.98605797251,1347.261458273,166.518724318115));
#12144=CARTESIAN_POINT('',(2656.49194630403,1298.41186287981,166.518724318116));
#12145=CARTESIAN_POINT('',(2663.99783463554,1249.56226748663,166.518724318115));
#12146=CARTESIAN_POINT('',(2616.01021313892,1237.73816021288,166.518724318116));
#12147=CARTESIAN_POINT('',(2616.01021313892,1237.73816021288,166.518724318116));
#12148=CARTESIAN_POINT('',(2616.01021313892,1237.73816021288,-1760.19871778737));
#12149=CARTESIAN_POINT('',(2596.88628157291,1236.52533160098,-1760.19871778737));
#12150=CARTESIAN_POINT('',(2616.01021313892,1237.73816021288,-1760.19871778737));
#12151=CARTESIAN_POINT('',(2596.88628157291,1236.52533160098,166.518724318116));
#12152=CARTESIAN_POINT('',(2616.01021313892,1237.73816021288,166.518724318116));
#12153=CARTESIAN_POINT('',(5727.33764062683,1897.2934669907,-796.839996734626));
#12154=CARTESIAN_POINT('',(5657.35605193383,1827.3118782977,166.518724318116));
#12155=CARTESIAN_POINT('',(5657.35605193383,1827.3118782977,-1760.19871778737));
#12156=CARTESIAN_POINT('',(5727.33764062683,1897.2934669907,-796.839996734626));
#12157=CARTESIAN_POINT('',(5781.37403688855,1897.2934669907,-1760.19871778737));
#12158=CARTESIAN_POINT('',(5781.37403688855,1897.2934669907,166.518724318116));
#12159=CARTESIAN_POINT('',(5673.30124436512,1897.2934669907,-1760.19871778737));
#12160=CARTESIAN_POINT('',(5673.30124436512,1897.2934669907,166.518724318116));
#12161=CARTESIAN_POINT('',(5781.37403688855,1897.2934669907,-1760.19871778737));
#12162=CARTESIAN_POINT('',(5781.37403688855,1951.32986325242,-1760.19871778737));
#12163=CARTESIAN_POINT('',(5727.33764062683,1951.32986325242,-1760.19871778737));
#12164=CARTESIAN_POINT('',(5673.30124436512,1951.32986325242,-1760.19871778737));
#12165=CARTESIAN_POINT('',(5673.30124436512,1897.2934669907,-1760.19871778737));
#12166=CARTESIAN_POINT('',(5781.37403688855,1897.2934669907,166.518724318116));
#12167=CARTESIAN_POINT('',(5781.37403688855,1843.25707072899,166.518724318115));
#12168=CARTESIAN_POINT('',(5727.33764062683,1843.25707072899,166.518724318116));
#12169=CARTESIAN_POINT('',(5673.30124436512,1843.25707072899,166.518724318115));
#12170=CARTESIAN_POINT('',(5673.30124436512,1897.2934669907,166.518724318116));
#12171=CARTESIAN_POINT('',(5781.37403688855,1897.2934669907,-1760.19871778737));
#12172=CARTESIAN_POINT('',(5781.37403688855,1897.2934669907,166.518724318116));
#12173=CARTESIAN_POINT('',(5673.30124436512,1897.2934669907,-1760.19871778737));
#12174=CARTESIAN_POINT('',(5673.30124436512,1897.2934669907,166.518724318116));
#12175=CARTESIAN_POINT('',(5673.30124436512,1897.2934669907,-1760.19871778737));
#12176=CARTESIAN_POINT('',(5673.30124436512,1843.25707072899,-1760.19871778737));
#12177=CARTESIAN_POINT('',(5727.33764062683,1843.25707072899,-1760.19871778737));
#12178=CARTESIAN_POINT('',(5781.37403688855,1843.25707072899,-1760.19871778737));
#12179=CARTESIAN_POINT('',(5781.37403688855,1897.2934669907,-1760.19871778737));
#12180=CARTESIAN_POINT('',(5673.30124436512,1897.2934669907,166.518724318116));
#12181=CARTESIAN_POINT('',(5673.30124436512,1951.32986325242,166.518724318115));
#12182=CARTESIAN_POINT('',(5727.33764062683,1951.32986325242,166.518724318116));
#12183=CARTESIAN_POINT('',(5781.37403688855,1951.32986325242,166.518724318115));
#12184=CARTESIAN_POINT('',(5781.37403688855,1897.2934669907,166.518724318116));
#12185=CARTESIAN_POINT('',(3615.50011628527,1359.08189751604,-796.839996734626));
#12186=CARTESIAN_POINT('',(3545.51852759226,1289.10030882303,166.518724318116));
#12187=CARTESIAN_POINT('',(3545.51852759226,1289.10030882303,-1760.19871778737));
#12188=CARTESIAN_POINT('',(3615.50011628527,1359.08189751604,-796.839996734626));
#12189=CARTESIAN_POINT('',(3669.53651254699,1359.08189751604,-1760.19871778737));
#12190=CARTESIAN_POINT('',(3669.53651254699,1359.08189751604,166.518724318116));
#12191=CARTESIAN_POINT('',(3561.46372002355,1359.08189751604,-1760.19871778737));
#12192=CARTESIAN_POINT('',(3561.46372002355,1359.08189751604,166.518724318116));
#12193=CARTESIAN_POINT('',(3669.53651254699,1359.08189751604,-1760.19871778737));
#12194=CARTESIAN_POINT('',(3669.53651254699,1413.11829377775,-1760.19871778737));
#12195=CARTESIAN_POINT('',(3615.50011628527,1413.11829377775,-1760.19871778737));
#12196=CARTESIAN_POINT('',(3561.46372002356,1413.11829377775,-1760.19871778737));
#12197=CARTESIAN_POINT('',(3561.46372002355,1359.08189751604,-1760.19871778737));
#12198=CARTESIAN_POINT('',(3669.53651254699,1359.08189751604,166.518724318116));
#12199=CARTESIAN_POINT('',(3669.53651254699,1305.04550125432,166.518724318115));
#12200=CARTESIAN_POINT('',(3615.50011628527,1305.04550125432,166.518724318116));
#12201=CARTESIAN_POINT('',(3561.46372002356,1305.04550125432,166.518724318115));
#12202=CARTESIAN_POINT('',(3561.46372002355,1359.08189751604,166.518724318116));
#12203=CARTESIAN_POINT('',(3669.53651254699,1359.08189751604,-1760.19871778737));
#12204=CARTESIAN_POINT('',(3669.53651254699,1359.08189751604,166.518724318116));
#12205=CARTESIAN_POINT('',(3561.46372002355,1359.08189751604,-1760.19871778737));
#12206=CARTESIAN_POINT('',(3561.46372002355,1359.08189751604,166.518724318116));
#12207=CARTESIAN_POINT('',(3561.46372002355,1359.08189751604,-1760.19871778737));
#12208=CARTESIAN_POINT('',(3561.46372002356,1305.04550125432,-1760.19871778737));
#12209=CARTESIAN_POINT('',(3615.50011628527,1305.04550125432,-1760.19871778737));
#12210=CARTESIAN_POINT('',(3669.53651254699,1305.04550125432,-1760.19871778737));
#12211=CARTESIAN_POINT('',(3669.53651254699,1359.08189751604,-1760.19871778737));
#12212=CARTESIAN_POINT('',(3561.46372002355,1359.08189751604,166.518724318116));
#12213=CARTESIAN_POINT('',(3561.46372002356,1413.11829377775,166.518724318115));
#12214=CARTESIAN_POINT('',(3615.50011628527,1413.11829377775,166.518724318116));
#12215=CARTESIAN_POINT('',(3669.53651254699,1413.11829377775,166.518724318115));
#12216=CARTESIAN_POINT('',(3669.53651254699,1359.08189751604,166.518724318116));
#12217=CARTESIAN_POINT('',(6660.87424937222,1694.3909515626,-1958.00837517686));
#12218=CARTESIAN_POINT('',(6611.06495139759,1654.75274498581,-796.839996734626));
#12219=CARTESIAN_POINT('',(6663.68867281699,1700.34654171779,-1958.00837517686));
#12220=CARTESIAN_POINT('',(6537.9920912648,1577.56112572068,166.518724318116));
#12221=CARTESIAN_POINT('',(6537.9920912648,1577.56112572067,-1760.19871778737));
#12222=CARTESIAN_POINT('',(6630.45758255806,1705.18941792948,-1760.19871778737));
#12223=CARTESIAN_POINT('',(6630.20992198088,1705.27734190976,-1760.19871778737));
#12224=CARTESIAN_POINT('',(6630.20992198088,1705.27734190976,166.518724318116));
#12225=CARTESIAN_POINT('',(6630.45758255806,1705.18941792948,166.518724318116));
#12226=CARTESIAN_POINT('',(6607.2711487128,1708.655798537,-1760.19871778737));
#12227=CARTESIAN_POINT('',(6607.2711487128,1708.655798537,166.518724318116));
#12228=CARTESIAN_POINT('',(6630.45758255806,1705.18941792948,-1760.19871778737));
#12229=CARTESIAN_POINT('',(6630.20992198088,1705.27734190976,-1760.19871778737));
#12230=CARTESIAN_POINT('',(6630.20992198088,1705.27734190976,-1760.19871778737));
#12231=CARTESIAN_POINT('',(6630.20992198088,1705.27734190976,166.518724318116));
#12232=CARTESIAN_POINT('',(6630.20992198088,1705.27734190976,166.518724318116));
#12233=CARTESIAN_POINT('',(6630.45758255806,1705.18941792948,166.518724318116));
#12234=CARTESIAN_POINT('',(6630.45758255806,1705.18941792948,166.518724318116));
#12235=CARTESIAN_POINT('',(6630.45758255806,1705.18941792948,-1760.19871778737));
#12236=CARTESIAN_POINT('',(6607.2711487128,1708.655798537,-1760.19871778737));
#12237=CARTESIAN_POINT('',(6558.9613234568,1705.25565823541,-1760.19871778737));
#12238=CARTESIAN_POINT('',(6557.06978714701,1656.86328010905,-1760.19871778737));
#12239=CARTESIAN_POINT('',(6555.17825083721,1608.47090198269,-1760.19871778737));
#12240=CARTESIAN_POINT('',(6603.07528237551,1601.3102776974,-1760.19871778737));
#12241=CARTESIAN_POINT('',(6650.9723139138,1594.14965341211,-1760.19871778737));
#12242=CARTESIAN_POINT('',(6663.31651434284,1640.97935430912,-1760.19871778737));
#12243=CARTESIAN_POINT('',(6675.66071477188,1687.80905520613,-1760.19871778737));
#12244=CARTESIAN_POINT('',(6630.45758255806,1705.18941792948,-1760.19871778737));
#12245=CARTESIAN_POINT('',(6630.45758255806,1705.18941792948,166.518724318116));
#12246=CARTESIAN_POINT('',(6675.66071477188,1687.80905520613,166.518724318115));
#12247=CARTESIAN_POINT('',(6663.31651434284,1640.97935430912,166.518724318116));
#12248=CARTESIAN_POINT('',(6650.9723139138,1594.14965341211,166.518724318115));
#12249=CARTESIAN_POINT('',(6603.07528237551,1601.3102776974,166.518724318116));
#12250=CARTESIAN_POINT('',(6555.17825083722,1608.47090198269,166.518724318115));
#12251=CARTESIAN_POINT('',(6557.06978714701,1656.86328010905,166.518724318116));
#12252=CARTESIAN_POINT('',(6558.9613234568,1705.25565823541,166.518724318115));
#12253=CARTESIAN_POINT('',(6607.2711487128,1708.655798537,166.518724318116));
#12254=CARTESIAN_POINT('',(6607.2711487128,1708.655798537,166.518724318116));
#12255=CARTESIAN_POINT('',(6607.2711487128,1708.655798537,-1760.19871778737));
#12256=CARTESIAN_POINT('',(6630.20992198088,1705.27734190976,-1760.19871778737));
#12257=CARTESIAN_POINT('',(6607.2711487128,1708.655798537,-1760.19871778737));
#12258=CARTESIAN_POINT('',(6607.2711487128,1708.655798537,166.518724318116));
#12259=CARTESIAN_POINT('',(6630.20992198088,1705.27734190976,166.518724318116));
#12260=CARTESIAN_POINT('',(7804.17045544036,1515.41360997132,-796.839996734626));
#12261=CARTESIAN_POINT('',(7734.18886674735,1445.43202127831,166.518724318116));
#12262=CARTESIAN_POINT('',(7734.18886674735,1445.43202127831,-1760.19871778737));
#12263=CARTESIAN_POINT('',(7804.17045544036,1515.41360997132,-796.839996734626));
#12264=CARTESIAN_POINT('',(7858.20685170208,1515.41360997132,-1760.19871778737));
#12265=CARTESIAN_POINT('',(7858.20685170208,1515.41360997132,166.518724318116));
#12266=CARTESIAN_POINT('',(7750.13405917864,1515.41360997132,-1760.19871778737));
#12267=CARTESIAN_POINT('',(7750.13405917864,1515.41360997132,166.518724318116));
#12268=CARTESIAN_POINT('',(7858.20685170208,1515.41360997132,-1760.19871778737));
#12269=CARTESIAN_POINT('',(7858.20685170208,1569.45000623304,-1760.19871778737));
#12270=CARTESIAN_POINT('',(7804.17045544036,1569.45000623304,-1760.19871778737));
#12271=CARTESIAN_POINT('',(7750.13405917864,1569.45000623304,-1760.19871778737));
#12272=CARTESIAN_POINT('',(7750.13405917864,1515.41360997132,-1760.19871778737));
#12273=CARTESIAN_POINT('',(7858.20685170208,1515.41360997132,166.518724318116));
#12274=CARTESIAN_POINT('',(7858.20685170208,1461.3772137096,166.518724318115));
#12275=CARTESIAN_POINT('',(7804.17045544036,1461.3772137096,166.518724318116));
#12276=CARTESIAN_POINT('',(7750.13405917864,1461.3772137096,166.518724318115));
#12277=CARTESIAN_POINT('',(7750.13405917864,1515.41360997132,166.518724318116));
#12278=CARTESIAN_POINT('',(7858.20685170208,1515.41360997132,-1760.19871778737));
#12279=CARTESIAN_POINT('',(7858.20685170208,1515.41360997132,166.518724318116));
#12280=CARTESIAN_POINT('',(7750.13405917864,1515.41360997132,-1760.19871778737));
#12281=CARTESIAN_POINT('',(7750.13405917864,1515.41360997132,166.518724318116));
#12282=CARTESIAN_POINT('',(7750.13405917864,1515.41360997132,-1760.19871778737));
#12283=CARTESIAN_POINT('',(7750.13405917864,1461.3772137096,-1760.19871778737));
#12284=CARTESIAN_POINT('',(7804.17045544036,1461.3772137096,-1760.19871778737));
#12285=CARTESIAN_POINT('',(7858.20685170208,1461.3772137096,-1760.19871778737));
#12286=CARTESIAN_POINT('',(7858.20685170208,1515.41360997132,-1760.19871778737));
#12287=CARTESIAN_POINT('',(7750.13405917864,1515.41360997132,166.518724318116));
#12288=CARTESIAN_POINT('',(7750.13405917864,1569.45000623304,166.518724318115));
#12289=CARTESIAN_POINT('',(7804.17045544036,1569.45000623304,166.518724318116));
#12290=CARTESIAN_POINT('',(7858.20685170208,1569.45000623304,166.518724318115));
#12291=CARTESIAN_POINT('',(7858.20685170208,1515.41360997132,166.518724318116));
#12292=CARTESIAN_POINT('',(7498.41734535572,1942.267155284,-796.839996734626));
#12293=CARTESIAN_POINT('',(7570.36284745929,2017.4256082074,-1958.00837517686));
#12294=CARTESIAN_POINT('',(7360.68335394523,1801.09506254662,166.518724318116));
#12295=CARTESIAN_POINT('',(7360.68335394523,1801.09506254662,-1760.19871778737));
#12296=CARTESIAN_POINT('',(7511.97200729781,2034.62367485282,-1760.19871778737));
#12297=CARTESIAN_POINT('',(7537.08806720869,2027.22615032632,-1760.19871778737));
#12298=CARTESIAN_POINT('',(7537.08806720869,2027.22615032632,166.518724318116));
#12299=CARTESIAN_POINT('',(7511.97200729781,2034.62367485282,166.518724318116));
#12300=CARTESIAN_POINT('',(7511.97200729781,2034.62367485282,-1760.19871778737));
#12301=CARTESIAN_POINT('',(7425.89492958557,2047.25673741082,-1760.19871778737));
#12302=CARTESIAN_POINT('',(7407.2421583886,1962.28067193502,-1760.19871778737));
#12303=CARTESIAN_POINT('',(7388.58938719163,1877.30460645922,-1760.19871778737));
#12304=CARTESIAN_POINT('',(7472.04399667916,1852.72441662354,-1760.19871778737));
#12305=CARTESIAN_POINT('',(7555.49860616669,1828.14422678786,-1760.19871778737));
#12306=CARTESIAN_POINT('',(7585.88459701643,1909.66446438046,-1760.19871778737));
#12307=CARTESIAN_POINT('',(7616.27058786617,1991.18470197305,-1760.19871778737));
#12308=CARTESIAN_POINT('',(7537.08806720869,2027.22615032632,-1760.19871778737));
#12309=CARTESIAN_POINT('',(7537.08806720869,2027.22615032632,-1760.19871778737));
#12310=CARTESIAN_POINT('',(7537.08806720869,2027.22615032632,166.518724318116));
#12311=CARTESIAN_POINT('',(7537.08806720869,2027.22615032632,166.518724318116));
#12312=CARTESIAN_POINT('',(7616.27058786617,1991.18470197305,166.518724318116));
#12313=CARTESIAN_POINT('',(7585.88459701643,1909.66446438046,166.518724318116));
#12314=CARTESIAN_POINT('',(7555.49860616669,1828.14422678786,166.518724318116));
#12315=CARTESIAN_POINT('',(7472.04399667916,1852.72441662354,166.518724318116));
#12316=CARTESIAN_POINT('',(7388.58938719163,1877.30460645922,166.518724318116));
#12317=CARTESIAN_POINT('',(7407.2421583886,1962.28067193502,166.518724318116));
#12318=CARTESIAN_POINT('',(7425.89492958557,2047.25673741082,166.518724318116));
#12319=CARTESIAN_POINT('',(7511.97200729781,2034.62367485282,166.518724318116));
#12320=CARTESIAN_POINT('',(7511.97200729781,2034.62367485282,166.518724318116));
#12321=CARTESIAN_POINT('',(7511.97200729781,2034.62367485282,-1760.19871778737));
#12322=CARTESIAN_POINT('',(7537.08806720869,2027.22615032632,-1760.19871778737));
#12323=CARTESIAN_POINT('',(7511.97200729781,2034.62367485282,-1760.19871778737));
#12324=CARTESIAN_POINT('',(7537.08806720869,2027.22615032632,166.518724318116));
#12325=CARTESIAN_POINT('',(7511.97200729781,2034.62367485282,166.518724318116));
#12326=CARTESIAN_POINT('',(10258.8049086875,1587.68870601949,-796.839996734626));
#12327=CARTESIAN_POINT('',(10289.8683014787,1639.49105741678,-1958.00837517686));
#12328=CARTESIAN_POINT('',(10190.7508808826,1520.10258347857,166.518724318116));
#12329=CARTESIAN_POINT('',(10190.7508808831,1520.10258347938,-1760.19871778737));
#12330=CARTESIAN_POINT('',(10257.2035999529,1638.98130026771,-1760.19871778737));
#12331=CARTESIAN_POINT('',(10258.8049086875,1639.00628989068,-1760.19871778737));
#12332=CARTESIAN_POINT('',(10258.8049086875,1639.00628989068,166.518724318116));
#12333=CARTESIAN_POINT('',(10257.2035999529,1638.98130026771,166.518724318116));
#12334=CARTESIAN_POINT('',(10257.2035999529,1638.98130026771,-1760.19871778737));
#12335=CARTESIAN_POINT('',(10206.3096497745,1637.39243684303,-1760.19871778737));
#12336=CARTESIAN_POINT('',(10207.501381982,1586.48763917033,-1760.19871778737));
#12337=CARTESIAN_POINT('',(10208.6931141896,1535.58284149763,-1760.19871778737));
#12338=CARTESIAN_POINT('',(10259.6056605441,1536.37736994177,-1760.19871778737));
#12339=CARTESIAN_POINT('',(10310.5182068987,1537.1718983859,-1760.19871778737));
#12340=CARTESIAN_POINT('',(10310.1209305846,1588.08909413825,-1760.19871778737));
#12341=CARTESIAN_POINT('',(10309.7236542705,1639.0062898906,-1760.19871778737));
#12342=CARTESIAN_POINT('',(10258.8049086875,1639.00628989067,-1760.19871778737));
#12343=CARTESIAN_POINT('',(10258.8049086875,1639.00628989068,-1760.19871778737));
#12344=CARTESIAN_POINT('',(10258.8049086875,1639.00628989068,166.518724318116));
#12345=CARTESIAN_POINT('',(10258.8049086875,1639.00628989068,166.518724318116));
#12346=CARTESIAN_POINT('',(10309.7236542709,1639.00628989062,166.518724318116));
#12347=CARTESIAN_POINT('',(10310.120930585,1588.08909413791,166.518724318116));
#12348=CARTESIAN_POINT('',(10310.5182068991,1537.1718983852,166.518724318116));
#12349=CARTESIAN_POINT('',(10259.6056605442,1536.37736994105,166.518724318116));
#12350=CARTESIAN_POINT('',(10208.6931141892,1535.58284149689,166.518724318116));
#12351=CARTESIAN_POINT('',(10207.5013819817,1586.48763916995,166.518724318116));
#12352=CARTESIAN_POINT('',(10206.3096497741,1637.39243684301,166.518724318116));
#12353=CARTESIAN_POINT('',(10257.2035999529,1638.98130026771,166.518724318116));
#12354=CARTESIAN_POINT('',(10257.2035999529,1638.98130026771,166.518724318116));
#12355=CARTESIAN_POINT('',(10257.2035999529,1638.98130026771,-1760.19871778737));
#12356=CARTESIAN_POINT('',(10258.8049086875,1639.00628989068,-1760.19871778737));
#12357=CARTESIAN_POINT('',(10257.2035999529,1638.98130026771,-1760.19871778737));
#12358=CARTESIAN_POINT('',(10258.8049086875,1639.00628989068,166.518724318116));
#12359=CARTESIAN_POINT('',(10257.2035999529,1638.98130026771,166.518724318116));
#12360=CARTESIAN_POINT('',(10143.0288143909,924.751618129409,-796.839996734626));
#12361=CARTESIAN_POINT('',(10076.3098005665,858.032604305034,166.518724318116));
#12362=CARTESIAN_POINT('',(10076.3098005665,858.032604305034,-1760.19871778737));
#12363=CARTESIAN_POINT('',(10143.0288143909,924.75161812941,-796.839996734626));
#12364=CARTESIAN_POINT('',(10194.3463982621,924.751618129409,-1760.19871778737));
#12365=CARTESIAN_POINT('',(10194.3463982621,924.751618129409,166.518724318116));
#12366=CARTESIAN_POINT('',(10091.7112305197,924.751618129409,-1760.19871778737));
#12367=CARTESIAN_POINT('',(10091.7112305197,924.751618129409,166.518724318116));
#12368=CARTESIAN_POINT('',(10194.3463982621,924.751618129409,-1760.19871778737));
#12369=CARTESIAN_POINT('',(10194.3463982621,976.069202000599,-1760.19871778737));
#12370=CARTESIAN_POINT('',(10143.0288143909,976.069202000599,-1760.19871778737));
#12371=CARTESIAN_POINT('',(10091.7112305197,976.069202000599,-1760.19871778737));
#12372=CARTESIAN_POINT('',(10091.7112305197,924.751618129409,-1760.19871778737));
#12373=CARTESIAN_POINT('',(10194.3463982621,924.751618129409,166.518724318116));
#12374=CARTESIAN_POINT('',(10194.3463982621,873.43403425822,166.518724318115));
#12375=CARTESIAN_POINT('',(10143.0288143909,873.43403425822,166.518724318116));
#12376=CARTESIAN_POINT('',(10091.7112305197,873.43403425822,166.518724318115));
#12377=CARTESIAN_POINT('',(10091.7112305197,924.751618129409,166.518724318116));
#12378=CARTESIAN_POINT('',(10194.3463982621,924.751618129409,-1760.19871778737));
#12379=CARTESIAN_POINT('',(10194.3463982621,924.751618129409,166.518724318116));
#12380=CARTESIAN_POINT('',(10091.7112305197,924.751618129409,-1760.19871778737));
#12381=CARTESIAN_POINT('',(10091.7112305197,924.751618129409,166.518724318116));
#12382=CARTESIAN_POINT('',(10091.7112305197,924.751618129409,-1760.19871778737));
#12383=CARTESIAN_POINT('',(10091.7112305197,873.43403425822,-1760.19871778737));
#12384=CARTESIAN_POINT('',(10143.0288143909,873.43403425822,-1760.19871778737));
#12385=CARTESIAN_POINT('',(10194.3463982621,873.43403425822,-1760.19871778737));
#12386=CARTESIAN_POINT('',(10194.3463982621,924.751618129409,-1760.19871778737));
#12387=CARTESIAN_POINT('',(10091.7112305197,924.751618129409,166.518724318116));
#12388=CARTESIAN_POINT('',(10091.7112305197,976.069202000599,166.518724318115));
#12389=CARTESIAN_POINT('',(10143.0288143909,976.069202000599,166.518724318116));
#12390=CARTESIAN_POINT('',(10194.3463982621,976.069202000599,166.518724318115));
#12391=CARTESIAN_POINT('',(10194.3463982621,924.751618129409,166.518724318116));
#12392=CARTESIAN_POINT('',(10036.4287119123,810.221646178476,-796.839996734626));
#12393=CARTESIAN_POINT('',(9990.12430459784,854.786796381193,-1958.00837517686));
#12394=CARTESIAN_POINT('',(9969.22477828532,740.410052714547,166.518724318116));
#12395=CARTESIAN_POINT('',(9969.22477828532,740.410052714547,-1760.19871778737));
#12396=CARTESIAN_POINT('',(9985.12028992664,809.251982465878,-1760.19871778737));
#12397=CARTESIAN_POINT('',(9986.55535772611,822.310606290621,-1760.19871778737));
#12398=CARTESIAN_POINT('',(9986.55535772611,822.310606290621,166.518724318116));
#12399=CARTESIAN_POINT('',(9985.12028992664,809.251982465878,166.518724318116));
#12400=CARTESIAN_POINT('',(9985.12028992664,809.251982465878,-1760.19871778737));
#12401=CARTESIAN_POINT('',(9986.02963938616,761.135006244577,-1760.19871778737));
#12402=CARTESIAN_POINT('',(10034.105882187,758.956659331212,-1760.19871778737));
#12403=CARTESIAN_POINT('',(10082.1821249879,756.778312417847,-1760.19871778737));
#12404=CARTESIAN_POINT('',(10087.4391997691,804.615886372479,-1760.19871778737));
#12405=CARTESIAN_POINT('',(10092.6962745504,852.453460327112,-1760.19871778737));
#12406=CARTESIAN_POINT('',(10045.2943222406,860.767618994236,-1760.19871778737));
#12407=CARTESIAN_POINT('',(9997.89236993081,869.081777661361,-1760.19871778737));
#12408=CARTESIAN_POINT('',(9986.55535772611,822.310606290621,-1760.19871778737));
#12409=CARTESIAN_POINT('',(9986.55535772611,822.310606290621,-1760.19871778737));
#12410=CARTESIAN_POINT('',(9986.55535772611,822.310606290621,166.518724318116));
#12411=CARTESIAN_POINT('',(9986.55535772611,822.310606290621,166.518724318116));
#12412=CARTESIAN_POINT('',(9997.89236993081,869.081777661361,166.518724318116));
#12413=CARTESIAN_POINT('',(10045.2943222406,860.767618994236,166.518724318116));
#12414=CARTESIAN_POINT('',(10092.6962745504,852.453460327112,166.518724318116));
#12415=CARTESIAN_POINT('',(10087.4391997691,804.615886372479,166.518724318116));
#12416=CARTESIAN_POINT('',(10082.1821249879,756.778312417847,166.518724318116));
#12417=CARTESIAN_POINT('',(10034.105882187,758.956659331212,166.518724318116));
#12418=CARTESIAN_POINT('',(9986.02963938616,761.135006244577,166.518724318116));
#12419=CARTESIAN_POINT('',(9985.12028992664,809.251982465878,166.518724318116));
#12420=CARTESIAN_POINT('',(9985.12028992664,809.251982465878,166.518724318116));
#12421=CARTESIAN_POINT('',(9985.12028992664,809.251982465878,-1760.19871778737));
#12422=CARTESIAN_POINT('',(9986.55535772611,822.310606290621,-1760.19871778737));
#12423=CARTESIAN_POINT('',(9985.12028992664,809.251982465878,-1760.19871778737));
#12424=CARTESIAN_POINT('',(9985.12028992664,809.251982465878,166.518724318116));
#12425=CARTESIAN_POINT('',(9986.55535772611,822.310606290621,166.518724318116));
#12426=CARTESIAN_POINT('',(10014.3383612393,1443.47836547197,-796.839996734626));
#12427=CARTESIAN_POINT('',(9947.61934741492,1376.75935164759,166.518724318116));
#12428=CARTESIAN_POINT('',(9947.61934741492,1376.75935164759,-1760.19871778737));
#12429=CARTESIAN_POINT('',(10014.3383612393,1443.47836547196,-796.839996734626));
#12430=CARTESIAN_POINT('',(10065.6559451105,1443.47836547197,-1760.19871778737));
#12431=CARTESIAN_POINT('',(10065.6559451105,1443.47836547197,166.518724318116));
#12432=CARTESIAN_POINT('',(9963.02077736811,1443.47836547197,-1760.19871778737));
#12433=CARTESIAN_POINT('',(9963.02077736811,1443.47836547197,166.518724318116));
#12434=CARTESIAN_POINT('',(10065.6559451105,1443.47836547197,-1760.19871778737));
#12435=CARTESIAN_POINT('',(10065.6559451105,1494.79594934316,-1760.19871778737));
#12436=CARTESIAN_POINT('',(10014.3383612393,1494.79594934316,-1760.19871778737));
#12437=CARTESIAN_POINT('',(9963.0207773681,1494.79594934316,-1760.19871778737));
#12438=CARTESIAN_POINT('',(9963.02077736811,1443.47836547197,-1760.19871778737));
#12439=CARTESIAN_POINT('',(10065.6559451105,1443.47836547197,166.518724318116));
#12440=CARTESIAN_POINT('',(10065.6559451105,1392.16078160078,166.518724318115));
#12441=CARTESIAN_POINT('',(10014.3383612393,1392.16078160078,166.518724318116));
#12442=CARTESIAN_POINT('',(9963.0207773681,1392.16078160078,166.518724318115));
#12443=CARTESIAN_POINT('',(9963.02077736811,1443.47836547197,166.518724318116));
#12444=CARTESIAN_POINT('',(10065.6559451105,1443.47836547197,-1760.19871778737));
#12445=CARTESIAN_POINT('',(10065.6559451105,1443.47836547197,166.518724318116));
#12446=CARTESIAN_POINT('',(9963.02077736811,1443.47836547197,-1760.19871778737));
#12447=CARTESIAN_POINT('',(9963.02077736811,1443.47836547197,166.518724318116));
#12448=CARTESIAN_POINT('',(9963.02077736811,1443.47836547197,-1760.19871778737));
#12449=CARTESIAN_POINT('',(9963.0207773681,1392.16078160078,-1760.19871778737));
#12450=CARTESIAN_POINT('',(10014.3383612393,1392.16078160078,-1760.19871778737));
#12451=CARTESIAN_POINT('',(10065.6559451105,1392.16078160078,-1760.19871778737));
#12452=CARTESIAN_POINT('',(10065.6559451105,1443.47836547197,-1760.19871778737));
#12453=CARTESIAN_POINT('',(9963.02077736811,1443.47836547197,166.518724318116));
#12454=CARTESIAN_POINT('',(9963.0207773681,1494.79594934316,166.518724318115));
#12455=CARTESIAN_POINT('',(10014.3383612393,1494.79594934316,166.518724318116));
#12456=CARTESIAN_POINT('',(10065.6559451105,1494.79594934316,166.518724318115));
#12457=CARTESIAN_POINT('',(10065.6559451105,1443.47836547197,166.518724318116));
#12458=CARTESIAN_POINT('',(9502.40864487305,1909.18827119926,-796.839996734626));
#12459=CARTESIAN_POINT('',(9539.60335027272,1953.7833201152,-1958.00837517686));
#12460=CARTESIAN_POINT('',(9502.40864487305,1909.18827119926,-796.839996734626));
#12461=CARTESIAN_POINT('',(9529.3809489898,1958.59410047468,-1958.00837517686));
#12462=CARTESIAN_POINT('',(9438.31501708716,1848.46728975369,166.518724318116));
#12463=CARTESIAN_POINT('',(9438.31501708716,1848.46728975369,-1760.19871778737));
#12464=CARTESIAN_POINT('',(9497.88769425348,1954.16186508816,-1760.19871778737));
#12465=CARTESIAN_POINT('',(9497.84847068728,1954.15790487781,-1760.19871778737));
#12466=CARTESIAN_POINT('',(9497.84847068728,1954.15790487781,166.518724318116));
#12467=CARTESIAN_POINT('',(9497.88769425348,1954.16186508816,166.518724318116));
#12468=CARTESIAN_POINT('',(9507.74500146839,1954.07241583938,-1760.19871778737));
#12469=CARTESIAN_POINT('',(9507.74500146839,1954.07241583938,166.518724318116));
#12470=CARTESIAN_POINT('',(9494.3841422248,1953.6705204571,-1760.19871778737));
#12471=CARTESIAN_POINT('',(9494.3841422248,1953.67052045709,166.518724318116));
#12472=CARTESIAN_POINT('',(9497.88769425348,1954.16186508816,-1760.19871778737));
#12473=CARTESIAN_POINT('',(9497.86808160687,1954.15989353554,-1760.19871778737));
#12474=CARTESIAN_POINT('',(9497.84847068728,1954.15790487781,-1760.19871778737));
#12475=CARTESIAN_POINT('',(9497.84847068728,1954.15790487781,-1760.19871778737));
#12476=CARTESIAN_POINT('',(9497.84847068728,1954.15790487781,166.518724318116));
#12477=CARTESIAN_POINT('',(9497.84847068728,1954.15790487781,166.518724318116));
#12478=CARTESIAN_POINT('',(9497.86808160687,1954.15989353554,166.518724318116));
#12479=CARTESIAN_POINT('',(9497.88769425348,1954.16186508816,166.518724318116));
#12480=CARTESIAN_POINT('',(9497.88769425348,1954.16186508816,166.518724318116));
#12481=CARTESIAN_POINT('',(9497.88769425348,1954.16186508816,-1760.19871778737));
#12482=CARTESIAN_POINT('',(9507.74500146839,1954.07241583938,-1760.19871778737));
#12483=CARTESIAN_POINT('',(9497.88769425348,1954.16186508816,-1760.19871778737));
#12484=CARTESIAN_POINT('',(9497.88769425348,1954.16186508816,166.518724318116));
#12485=CARTESIAN_POINT('',(9507.74500146839,1954.07241583938,166.518724318116));
#12486=CARTESIAN_POINT('',(9507.74500146839,1954.07241583938,166.518724318116));
#12487=CARTESIAN_POINT('',(9507.74500146839,1954.07241583938,-1760.19871778737));
#12488=CARTESIAN_POINT('',(9494.3841422248,1953.6705204571,-1760.19871778737));
#12489=CARTESIAN_POINT('',(9453.08596448125,1946.22041750142,-1760.19871778737));
#12490=CARTESIAN_POINT('',(9457.45390201188,1904.48356758773,-1760.19871778737));
#12491=CARTESIAN_POINT('',(9461.82183954252,1862.74671767405,-1760.19871778737));
#12492=CARTESIAN_POINT('',(9503.76765637963,1864.0084501559,-1760.19871778737));
#12493=CARTESIAN_POINT('',(9545.71347321675,1865.27018263775,-1760.19871778737));
#12494=CARTESIAN_POINT('',(9547.56488992469,1907.19411106964,-1760.19871778737));
#12495=CARTESIAN_POINT('',(9549.41630663263,1949.11803950153,-1760.19871778737));
#12496=CARTESIAN_POINT('',(9507.74500146839,1954.07241583938,-1760.19871778737));
#12497=CARTESIAN_POINT('',(9507.74500146839,1954.07241583938,166.518724318116));
#12498=CARTESIAN_POINT('',(9549.41630663263,1949.11803950153,166.518724318115));
#12499=CARTESIAN_POINT('',(9547.56488992469,1907.19411106964,166.518724318116));
#12500=CARTESIAN_POINT('',(9545.71347321675,1865.27018263775,166.518724318115));
#12501=CARTESIAN_POINT('',(9503.76765637964,1864.0084501559,166.518724318116));
#12502=CARTESIAN_POINT('',(9461.82183954252,1862.74671767405,166.518724318115));
#12503=CARTESIAN_POINT('',(9457.45390201188,1904.48356758773,166.518724318116));
#12504=CARTESIAN_POINT('',(9453.08596448125,1946.22041750141,166.518724318115));
#12505=CARTESIAN_POINT('',(9494.3841422248,1953.67052045709,166.518724318116));
#12506=CARTESIAN_POINT('',(9494.3841422248,1953.67052045709,166.518724318116));
#12507=CARTESIAN_POINT('',(9494.3841422248,1953.67052045709,-1760.19871778737));
#12508=CARTESIAN_POINT('',(9497.84847068728,1954.15790487781,-1760.19871778737));
#12509=CARTESIAN_POINT('',(9494.3841422248,1953.67052045709,-1760.19871778737));
#12510=CARTESIAN_POINT('',(9497.84847068728,1954.15790487781,166.518724318116));
#12511=CARTESIAN_POINT('',(9494.3841422248,1953.67052045709,166.518724318116));
#12512=CARTESIAN_POINT('',(7231.82843555487,764.409306533989,-796.839996734626));
#12513=CARTESIAN_POINT('',(7297.3481867902,805.539193233763,-796.839996734626));
#12514=CARTESIAN_POINT('',(7231.82843555487,764.409306533988,-796.839996734626));
#12515=CARTESIAN_POINT('',(6800.24035167264,1194.14970096798,-1760.19871778737));
#12516=CARTESIAN_POINT('',(6800.24035167264,1194.14970096798,166.518724318116));
#12517=CARTESIAN_POINT('',(6695.95724596096,1094.41260788076,-1760.19871778737));
#12518=CARTESIAN_POINT('',(6695.95724596096,1094.41260788076,166.518724318116));
#12519=CARTESIAN_POINT('',(6631.79589587536,958.533582202476,-1760.19871778737));
#12520=CARTESIAN_POINT('',(6631.79589587536,958.533582202476,166.518724318116));
#12521=CARTESIAN_POINT('',(6631.79589587536,808.748859333444,-1760.19871778737));
#12522=CARTESIAN_POINT('',(6631.79589587536,808.748859333444,166.518724318116));
#12523=CARTESIAN_POINT('',(6821.5448172815,1219.42292960614,-1958.00837517686));
#12524=CARTESIAN_POINT('',(6414.86172746191,4.78130234364426,166.518724318116));
#12525=CARTESIAN_POINT('',(6414.86172746191,4.78130234364426,-1760.19871778737));
#12526=CARTESIAN_POINT('',(6800.32322903172,1194.22894977031,166.518724318116));
#12527=CARTESIAN_POINT('',(7701.44688270344,1152.22393115013,166.518724318116));
#12528=CARTESIAN_POINT('',(7701.44688270344,1152.22393115013,-1760.19871778737));
#12529=CARTESIAN_POINT('',(6800.32322903172,1194.22894977031,-1760.19871778737));
#12530=CARTESIAN_POINT('',(7785.21396698745,1018.78328824099,166.518724318116));
#12531=CARTESIAN_POINT('',(7785.21396698745,1018.78328824099,-1760.19871778737));
#12532=CARTESIAN_POINT('',(6648.95316680577,941.039117293805,166.518724318116));
#12533=CARTESIAN_POINT('',(6648.95316680577,941.039117293805,-1760.19871778737));
#12534=CARTESIAN_POINT('',(6800.24892492402,1194.14073694811,166.518724318116));
#12535=CARTESIAN_POINT('',(6800.24892492402,1194.14073694811,-1760.19871778737));
#12536=CARTESIAN_POINT('',(6800.32322903172,1194.22894977031,166.518724318116));
#12537=CARTESIAN_POINT('',(6990.70773486291,1385.36005976085,166.518724318115));
#12538=CARTESIAN_POINT('',(7260.1879167748,1372.79849841146,166.518724318116));
#12539=CARTESIAN_POINT('',(7529.66809868668,1360.23693706208,166.518724318115));
#12540=CARTESIAN_POINT('',(7701.44688270344,1152.22393115013,166.518724318116));
#12541=CARTESIAN_POINT('',(7701.44688270344,1152.22393115013,166.518724318116));
#12542=CARTESIAN_POINT('',(7701.44688270344,1152.22393115013,-1760.19871778737));
#12543=CARTESIAN_POINT('',(7701.44688270344,1152.22393115013,-1760.19871778737));
#12544=CARTESIAN_POINT('',(7529.66809868668,1360.23693706208,-1760.19871778737));
#12545=CARTESIAN_POINT('',(7260.1879167748,1372.79849841146,-1760.19871778737));
#12546=CARTESIAN_POINT('',(6990.70773486291,1385.36005976085,-1760.19871778737));
#12547=CARTESIAN_POINT('',(6800.32322903172,1194.22894977031,-1760.19871778737));
#12548=CARTESIAN_POINT('',(6800.32322903172,1194.22894977031,-1760.19871778737));
#12549=CARTESIAN_POINT('',(6800.32322903172,1194.22894977031,166.518724318116));
#12550=CARTESIAN_POINT('',(7701.44688270344,1152.22393115013,166.518724318116));
#12551=CARTESIAN_POINT('',(7753.31199118408,1091.7695170724,166.518724318116));
#12552=CARTESIAN_POINT('',(7785.21396698745,1018.78328824099,166.518724318116));
#12553=CARTESIAN_POINT('',(7785.21396698745,1018.78328824099,166.518724318116));
#12554=CARTESIAN_POINT('',(7785.21396698745,1018.78328824099,-1760.19871778737));
#12555=CARTESIAN_POINT('',(7785.21396698745,1018.78328824099,-1760.19871778737));
#12556=CARTESIAN_POINT('',(7753.31199118408,1091.7695170724,-1760.19871778737));
#12557=CARTESIAN_POINT('',(7701.44688270344,1152.22393115013,-1760.19871778737));
#12558=CARTESIAN_POINT('',(7785.21396698745,1018.78328824099,166.518724318116));
#12559=CARTESIAN_POINT('',(7918.72453135541,728.333714275797,166.518724318115));
#12560=CARTESIAN_POINT('',(7755.52373026625,453.467338852633,166.518724318116));
#12561=CARTESIAN_POINT('',(7592.32292917709,178.600963429471,166.518724318115));
#12562=CARTESIAN_POINT('',(7273.40306941755,156.780127850497,166.518724318116));
#12563=CARTESIAN_POINT('',(6954.48320965801,134.959292271525,166.518724318115));
#12564=CARTESIAN_POINT('',(6755.36528381828,385.035435523322,166.518724318116));
#12565=CARTESIAN_POINT('',(6556.24735797855,635.111578775121,166.518724318115));
#12566=CARTESIAN_POINT('',(6648.95316680577,941.039117293804,166.518724318116));
#12567=CARTESIAN_POINT('',(6648.95316680577,941.039117293805,166.518724318116));
#12568=CARTESIAN_POINT('',(6648.95316680577,941.039117293805,-154.600849366132));
#12569=CARTESIAN_POINT('',(6648.95316680577,941.039117293805,-475.720423050379));
#12570=CARTESIAN_POINT('',(6648.95316680577,941.039117293805,-1117.95957041887));
#12571=CARTESIAN_POINT('',(6648.95316680577,941.039117293805,-1439.07914410312));
#12572=CARTESIAN_POINT('',(6648.95316680577,941.039117293805,-1760.19871778737));
#12573=CARTESIAN_POINT('',(6648.95316680577,941.039117293805,-1760.19871778737));
#12574=CARTESIAN_POINT('',(6556.24735797855,635.111578775121,-1760.19871778737));
#12575=CARTESIAN_POINT('',(6755.36528381828,385.035435523323,-1760.19871778737));
#12576=CARTESIAN_POINT('',(6954.48320965801,134.959292271525,-1760.19871778737));
#12577=CARTESIAN_POINT('',(7273.40306941755,156.780127850497,-1760.19871778737));
#12578=CARTESIAN_POINT('',(7592.32292917709,178.600963429471,-1760.19871778737));
#12579=CARTESIAN_POINT('',(7755.52373026625,453.467338852633,-1760.19871778737));
#12580=CARTESIAN_POINT('',(7918.72453135541,728.333714275797,-1760.19871778737));
#12581=CARTESIAN_POINT('',(7785.21396698745,1018.78328824099,-1760.19871778737));
#12582=CARTESIAN_POINT('',(6800.32322903172,1194.22894977031,-1760.19871778737));
#12583=CARTESIAN_POINT('',(6800.24892492402,1194.14073694811,-1760.19871778737));
#12584=CARTESIAN_POINT('',(6800.24892492402,1194.14073694811,166.518724318116));
#12585=CARTESIAN_POINT('',(6800.24892492402,1194.14073694811,-1760.19871778737));
#12586=CARTESIAN_POINT('',(6800.24892492402,1194.14073694811,166.518724318116));
#12587=CARTESIAN_POINT('',(6800.32322903172,1194.22894977031,166.518724318116));
#12588=CARTESIAN_POINT('',(6648.95316680577,941.039117293805,166.518724318116));
#12589=CARTESIAN_POINT('',(6674.57794221952,1037.90447164179,166.518724318116));
#12590=CARTESIAN_POINT('',(6727.7067833443,1124.7663974448,166.518724318116));
#12591=CARTESIAN_POINT('',(6800.24892492402,1194.14073694811,166.518724318116));
#12592=CARTESIAN_POINT('',(6800.24892492402,1194.14073694811,-1760.19871778737));
#12593=CARTESIAN_POINT('',(6727.7067833443,1124.7663974448,-1760.19871778737));
#12594=CARTESIAN_POINT('',(6674.57794221952,1037.90447164179,-1760.19871778737));
#12595=CARTESIAN_POINT('',(6648.95316680577,941.039117293805,-1760.19871778737));
#12596=CARTESIAN_POINT('',(9296.57189014027,1970.92796923413,-796.839996734626));
#12597=CARTESIAN_POINT('',(9264.06585837441,1921.26783561602,-1958.00837517686));
#12598=CARTESIAN_POINT('',(9252.18880036218,1931.42132709257,-1958.00837517686));
#12599=CARTESIAN_POINT('',(9231.56080542232,1911.62059067868,166.518724318116));
#12600=CARTESIAN_POINT('',(9231.56080542232,1911.62059067868,-1760.19871778737));
#12601=CARTESIAN_POINT('',(9309.77175323601,1927.69804029548,-1760.19871778737));
#12602=CARTESIAN_POINT('',(9284.57161349777,1927.34980380359,-1760.19871778737));
#12603=CARTESIAN_POINT('',(9284.57161349777,1927.3498038036,166.518724318116));
#12604=CARTESIAN_POINT('',(9309.77175323601,1927.69804029548,166.518724318116));
#12605=CARTESIAN_POINT('',(9296.57189014027,1925.84099709123,-1760.19871778737));
#12606=CARTESIAN_POINT('',(9296.57189014027,1925.84099709123,166.518724318116));
#12607=CARTESIAN_POINT('',(9309.77175323601,1927.69804029548,-1760.19871778737));
#12608=CARTESIAN_POINT('',(9347.28878881551,1939.15352369705,-1760.19871778737));
#12609=CARTESIAN_POINT('',(9341.22968012587,1977.90972656219,-1760.19871778737));
#12610=CARTESIAN_POINT('',(9335.17057143624,2016.66592942733,-1760.19871778737));
#12611=CARTESIAN_POINT('',(9295.94733503599,2016.12391012164,-1760.19871778737));
#12612=CARTESIAN_POINT('',(9256.72409863575,2015.58189081595,-1760.19871778737));
#12613=CARTESIAN_POINT('',(9251.73822999188,1976.67305926702,-1760.19871778737));
#12614=CARTESIAN_POINT('',(9246.75236134802,1937.76422771809,-1760.19871778737));
#12615=CARTESIAN_POINT('',(9284.57161349777,1927.34980380359,-1760.19871778737));
#12616=CARTESIAN_POINT('',(9284.57161349777,1927.3498038036,-1760.19871778737));
#12617=CARTESIAN_POINT('',(9284.57161349777,1927.3498038036,166.518724318116));
#12618=CARTESIAN_POINT('',(9284.57161349777,1927.3498038036,166.518724318116));
#12619=CARTESIAN_POINT('',(9246.75236134802,1937.76422771809,166.518724318115));
#12620=CARTESIAN_POINT('',(9251.73822999188,1976.67305926702,166.518724318116));
#12621=CARTESIAN_POINT('',(9256.72409863575,2015.58189081595,166.518724318115));
#12622=CARTESIAN_POINT('',(9295.94733503599,2016.12391012164,166.518724318116));
#12623=CARTESIAN_POINT('',(9335.17057143623,2016.66592942733,166.518724318115));
#12624=CARTESIAN_POINT('',(9341.22968012587,1977.90972656219,166.518724318116));
#12625=CARTESIAN_POINT('',(9347.28878881551,1939.15352369705,166.518724318115));
#12626=CARTESIAN_POINT('',(9309.77175323601,1927.69804029548,166.518724318116));
#12627=CARTESIAN_POINT('',(9309.77175323601,1927.69804029548,166.518724318116));
#12628=CARTESIAN_POINT('',(9309.77175323601,1927.69804029548,-1760.19871778737));
#12629=CARTESIAN_POINT('',(9296.57189014027,1925.84099709123,-1760.19871778737));
#12630=CARTESIAN_POINT('',(9309.77175323601,1927.69804029548,-1760.19871778737));
#12631=CARTESIAN_POINT('',(9309.77175323601,1927.69804029548,166.518724318116));
#12632=CARTESIAN_POINT('',(9296.57189014027,1925.84099709123,166.518724318116));
#12633=CARTESIAN_POINT('',(9296.57189014027,1925.84099709123,166.518724318116));
#12634=CARTESIAN_POINT('',(9296.57189014027,1925.84099709123,-1760.19871778737));
#12635=CARTESIAN_POINT('',(9284.57161349777,1927.3498038036,-1760.19871778737));
#12636=CARTESIAN_POINT('',(9296.57189014027,1925.84099709123,-1760.19871778737));
#12637=CARTESIAN_POINT('',(9296.57189014027,1925.84099709123,166.518724318116));
#12638=CARTESIAN_POINT('',(9284.57161349777,1927.3498038036,166.518724318116));
#12639=CARTESIAN_POINT('',(5506.32085004694,1907.37572960557,-796.839996734626));
#12640=CARTESIAN_POINT('',(5545.84571327565,1954.17945256648,-1958.00837517686));
#12641=CARTESIAN_POINT('',(5440.54757208556,1845.17442542307,166.518724318116));
#12642=CARTESIAN_POINT('',(5440.54757208555,1845.17442542305,-1760.19871778737));
#12643=CARTESIAN_POINT('',(5499.36346250084,1954.3289994878,-1760.19871778737));
#12644=CARTESIAN_POINT('',(5513.58021508959,1954.2832600594,-1760.19871778737));
#12645=CARTESIAN_POINT('',(5513.58021508959,1954.2832600594,166.518724318116));
#12646=CARTESIAN_POINT('',(5499.36346250084,1954.3289994878,166.518724318116));
#12647=CARTESIAN_POINT('',(5499.36346250084,1954.3289994878,-1760.19871778737));
#12648=CARTESIAN_POINT('',(5455.81300880444,1947.87583051927,-1760.19871778737));
#12649=CARTESIAN_POINT('',(5458.97770645465,1903.96375819649,-1760.19871778737));
#12650=CARTESIAN_POINT('',(5462.14240410487,1860.0516858737,-1760.19871778737));
#12651=CARTESIAN_POINT('',(5506.16813912418,1859.91004227811,-1760.19871778737));
#12652=CARTESIAN_POINT('',(5550.19387414349,1859.76839868252,-1760.19871778737));
#12653=CARTESIAN_POINT('',(5553.64105917363,1903.65919865549,-1760.19871778737));
#12654=CARTESIAN_POINT('',(5557.08824420378,1947.54999862845,-1760.19871778737));
#12655=CARTESIAN_POINT('',(5513.58021508959,1954.28326005941,-1760.19871778737));
#12656=CARTESIAN_POINT('',(5513.58021508959,1954.2832600594,-1760.19871778737));
#12657=CARTESIAN_POINT('',(5513.58021508959,1954.2832600594,166.518724318116));
#12658=CARTESIAN_POINT('',(5513.58021508959,1954.28326005941,166.518724318116));
#12659=CARTESIAN_POINT('',(5557.08824420377,1947.54999862845,166.518724318116));
#12660=CARTESIAN_POINT('',(5553.64105917362,1903.6591986555,166.518724318116));
#12661=CARTESIAN_POINT('',(5550.19387414348,1859.76839868254,166.518724318116));
#12662=CARTESIAN_POINT('',(5506.16813912418,1859.91004227813,166.518724318116));
#12663=CARTESIAN_POINT('',(5462.14240410488,1860.05168587372,166.518724318116));
#12664=CARTESIAN_POINT('',(5458.97770645466,1903.9637581965,166.518724318116));
#12665=CARTESIAN_POINT('',(5455.81300880445,1947.87583051927,166.518724318116));
#12666=CARTESIAN_POINT('',(5499.36346250084,1954.3289994878,166.518724318116));
#12667=CARTESIAN_POINT('',(5499.36346250084,1954.3289994878,166.518724318116));
#12668=CARTESIAN_POINT('',(5499.36346250084,1954.3289994878,-1760.19871778737));
#12669=CARTESIAN_POINT('',(5513.58021508959,1954.2832600594,-1760.19871778737));
#12670=CARTESIAN_POINT('',(5499.36346250084,1954.3289994878,-1760.19871778737));
#12671=CARTESIAN_POINT('',(5513.58021508959,1954.2832600594,166.518724318116));
#12672=CARTESIAN_POINT('',(5499.36346250084,1954.3289994878,166.518724318116));
#12673=CARTESIAN_POINT('',(2796.45788363911,818.831218748474,-796.839996734626));
#12674=CARTESIAN_POINT('',(2726.47629494611,748.849630055467,166.518724318116));
#12675=CARTESIAN_POINT('',(2726.47629494611,748.849630055467,-1760.19871778737));
#12676=CARTESIAN_POINT('',(2796.45788363911,818.831218748474,-796.839996734626));
#12677=CARTESIAN_POINT('',(2850.49427990083,818.831218748475,-1760.19871778737));
#12678=CARTESIAN_POINT('',(2850.49427990083,818.831218748475,166.518724318116));
#12679=CARTESIAN_POINT('',(2742.4214873774,818.831218748475,-1760.19871778737));
#12680=CARTESIAN_POINT('',(2742.4214873774,818.831218748475,166.518724318116));
#12681=CARTESIAN_POINT('',(2850.49427990083,818.831218748475,-1760.19871778737));
#12682=CARTESIAN_POINT('',(2850.49427990083,872.867615010191,-1760.19871778737));
#12683=CARTESIAN_POINT('',(2796.45788363911,872.867615010191,-1760.19871778737));
#12684=CARTESIAN_POINT('',(2742.4214873774,872.867615010191,-1760.19871778737));
#12685=CARTESIAN_POINT('',(2742.4214873774,818.831218748475,-1760.19871778737));
#12686=CARTESIAN_POINT('',(2850.49427990083,818.831218748475,166.518724318116));
#12687=CARTESIAN_POINT('',(2850.49427990083,764.794822486758,166.518724318115));
#12688=CARTESIAN_POINT('',(2796.45788363911,764.794822486758,166.518724318116));
#12689=CARTESIAN_POINT('',(2742.4214873774,764.794822486758,166.518724318115));
#12690=CARTESIAN_POINT('',(2742.4214873774,818.831218748475,166.518724318116));
#12691=CARTESIAN_POINT('',(2850.49427990083,818.831218748475,-1760.19871778737));
#12692=CARTESIAN_POINT('',(2850.49427990083,818.831218748475,166.518724318116));
#12693=CARTESIAN_POINT('',(2742.4214873774,818.831218748475,-1760.19871778737));
#12694=CARTESIAN_POINT('',(2742.4214873774,818.831218748475,166.518724318116));
#12695=CARTESIAN_POINT('',(2742.4214873774,818.831218748475,-1760.19871778737));
#12696=CARTESIAN_POINT('',(2742.4214873774,764.794822486758,-1760.19871778737));
#12697=CARTESIAN_POINT('',(2796.45788363911,764.794822486758,-1760.19871778737));
#12698=CARTESIAN_POINT('',(2850.49427990083,764.794822486758,-1760.19871778737));
#12699=CARTESIAN_POINT('',(2850.49427990083,818.831218748475,-1760.19871778737));
#12700=CARTESIAN_POINT('',(2742.4214873774,818.831218748475,166.518724318116));
#12701=CARTESIAN_POINT('',(2742.4214873774,872.867615010191,166.518724318115));
#12702=CARTESIAN_POINT('',(2796.45788363911,872.867615010191,166.518724318116));
#12703=CARTESIAN_POINT('',(2850.49427990083,872.867615010191,166.518724318115));
#12704=CARTESIAN_POINT('',(2850.49427990083,818.831218748475,166.518724318116));
#12705=CARTESIAN_POINT('',(7845.29249284708,1654.75274498581,-796.839996734626));
#12706=CARTESIAN_POINT('',(7873.89316764757,1720.35904646597,-1958.00837517686));
#12707=CARTESIAN_POINT('',(7872.63619450552,1713.73251926852,-1958.00837517686));
#12708=CARTESIAN_POINT('',(7757.29807913119,1570.52451193122,166.518724318116));
#12709=CARTESIAN_POINT('',(7757.29807913119,1570.52451193122,-1760.19871778737));
#12710=CARTESIAN_POINT('',(7814.44868132152,1699.12155623345,-1760.19871778737));
#12711=CARTESIAN_POINT('',(7841.40704735089,1708.6492702379,-1760.19871778737));
#12712=CARTESIAN_POINT('',(7841.40704735089,1708.6492702379,166.518724318116));
#12713=CARTESIAN_POINT('',(7814.44868132152,1699.12155623345,166.518724318116));
#12714=CARTESIAN_POINT('',(7840.87442271247,1708.56257354831,-1760.19871778737));
#12715=CARTESIAN_POINT('',(7840.87442271247,1708.56257354831,166.518724318116));
#12716=CARTESIAN_POINT('',(7814.44868132152,1699.12155623345,-1760.19871778737));
#12717=CARTESIAN_POINT('',(7775.65499156389,1672.15339500447,-1760.19871778737));
#12718=CARTESIAN_POINT('',(7797.20373596519,1630.10718590292,-1760.19871778737));
#12719=CARTESIAN_POINT('',(7818.75248036648,1588.06097680137,-1760.19871778737));
#12720=CARTESIAN_POINT('',(7863.29873223397,1603.80465901494,-1760.19871778737));
#12721=CARTESIAN_POINT('',(7907.84498410146,1619.54834122851,-1760.19871778737));
#12722=CARTESIAN_POINT('',(7898.18811961007,1665.79741747094,-1760.19871778737));
#12723=CARTESIAN_POINT('',(7888.53125511867,1712.04649371337,-1760.19871778737));
#12724=CARTESIAN_POINT('',(7841.40704735089,1708.6492702379,-1760.19871778737));
#12725=CARTESIAN_POINT('',(7841.40704735089,1708.6492702379,-1760.19871778737));
#12726=CARTESIAN_POINT('',(7841.40704735089,1708.6492702379,166.518724318116));
#12727=CARTESIAN_POINT('',(7841.40704735089,1708.6492702379,166.518724318116));
#12728=CARTESIAN_POINT('',(7888.53125511867,1712.04649371337,166.518724318116));
#12729=CARTESIAN_POINT('',(7898.18811961007,1665.79741747094,166.518724318116));
#12730=CARTESIAN_POINT('',(7907.84498410146,1619.54834122851,166.518724318116));
#12731=CARTESIAN_POINT('',(7863.29873223397,1603.80465901494,166.518724318116));
#12732=CARTESIAN_POINT('',(7818.75248036649,1588.06097680137,166.518724318116));
#12733=CARTESIAN_POINT('',(7797.20373596519,1630.10718590292,166.518724318116));
#12734=CARTESIAN_POINT('',(7775.65499156389,1672.15339500447,166.518724318116));
#12735=CARTESIAN_POINT('',(7814.44868132152,1699.12155623345,166.518724318116));
#12736=CARTESIAN_POINT('',(7814.44868132152,1699.12155623345,166.518724318116));
#12737=CARTESIAN_POINT('',(7814.44868132152,1699.12155623345,-1760.19871778737));
#12738=CARTESIAN_POINT('',(7840.87442271247,1708.56257354831,-1760.19871778737));
#12739=CARTESIAN_POINT('',(7814.44868132152,1699.12155623345,-1760.19871778737));
#12740=CARTESIAN_POINT('',(7814.44868132152,1699.12155623345,166.518724318116));
#12741=CARTESIAN_POINT('',(7840.87442271247,1708.56257354831,166.518724318116));
#12742=CARTESIAN_POINT('',(7840.87442271247,1708.56257354831,166.518724318116));
#12743=CARTESIAN_POINT('',(7840.87442271247,1708.56257354831,-1760.19871778737));
#12744=CARTESIAN_POINT('',(7841.40704735089,1708.6492702379,-1760.19871778737));
#12745=CARTESIAN_POINT('',(7840.87442271247,1708.56257354831,-1760.19871778737));
#12746=CARTESIAN_POINT('',(7840.87442271247,1708.56257354831,166.518724318116));
#12747=CARTESIAN_POINT('',(7841.40704735089,1708.6492702379,166.518724318116));
#12748=CARTESIAN_POINT('',(2877.34255225728,1695.98806624213,-796.839996734626));
#12749=CARTESIAN_POINT('',(2838.66391764694,1644.43347099052,-1958.00837517686));
#12750=CARTESIAN_POINT('',(2801.9460381403,1625.68246767592,166.518724318116));
#12751=CARTESIAN_POINT('',(2801.94603814028,1625.68246767591,-1760.19871778737));
#12752=CARTESIAN_POINT('',(2877.34255225728,1641.95166998041,-1760.19871778737));
#12753=CARTESIAN_POINT('',(2870.43653225826,1642.39479232902,-1760.19871778737));
#12754=CARTESIAN_POINT('',(2870.43653225826,1642.39479232902,166.518724318116));
#12755=CARTESIAN_POINT('',(2877.34255225728,1641.95166998041,166.518724318116));
#12756=CARTESIAN_POINT('',(2877.34255225728,1641.95166998041,-1760.19871778737));
#12757=CARTESIAN_POINT('',(2929.67486097089,1641.95166998041,-1760.19871778737));
#12758=CARTESIAN_POINT('',(2931.35121780854,1694.25712249781,-1760.19871778737));
#12759=CARTESIAN_POINT('',(2933.0275746462,1746.5625750152,-1760.19871778737));
#12760=CARTESIAN_POINT('',(2880.80266315301,1749.91356812555,-1760.19871778737));
#12761=CARTESIAN_POINT('',(2828.57775165982,1753.2645612359,-1760.19871778737));
#12762=CARTESIAN_POINT('',(2823.55556164075,1701.1737929299,-1760.19871778737));
#12763=CARTESIAN_POINT('',(2818.53337162168,1649.0830246239,-1760.19871778737));
#12764=CARTESIAN_POINT('',(2870.43653225826,1642.39479232902,-1760.19871778737));
#12765=CARTESIAN_POINT('',(2870.43653225826,1642.39479232902,-1760.19871778737));
#12766=CARTESIAN_POINT('',(2870.43653225826,1642.39479232902,166.518724318116));
#12767=CARTESIAN_POINT('',(2870.43653225826,1642.39479232902,166.518724318116));
#12768=CARTESIAN_POINT('',(2818.5333716217,1649.08302462389,166.518724318116));
#12769=CARTESIAN_POINT('',(2823.55556164076,1701.17379292987,166.518724318116));
#12770=CARTESIAN_POINT('',(2828.57775165982,1753.26456123585,166.518724318116));
#12771=CARTESIAN_POINT('',(2880.80266315299,1749.91356812551,166.518724318116));
#12772=CARTESIAN_POINT('',(2933.02757464616,1746.56257501517,166.518724318116));
#12773=CARTESIAN_POINT('',(2931.35121780851,1694.2571224978,166.518724318116));
#12774=CARTESIAN_POINT('',(2929.67486097087,1641.95166998042,166.518724318116));
#12775=CARTESIAN_POINT('',(2877.34255225728,1641.95166998041,166.518724318116));
#12776=CARTESIAN_POINT('',(2877.34255225728,1641.95166998041,166.518724318116));
#12777=CARTESIAN_POINT('',(2877.34255225728,1641.95166998041,-1760.19871778737));
#12778=CARTESIAN_POINT('',(2870.43653225826,1642.39479232902,-1760.19871778737));
#12779=CARTESIAN_POINT('',(2877.34255225728,1641.95166998041,-1760.19871778737));
#12780=CARTESIAN_POINT('',(2870.43653225826,1642.39479232902,166.518724318116));
#12781=CARTESIAN_POINT('',(2877.34255225728,1641.95166998041,166.518724318116));
#12782=CARTESIAN_POINT('',(6665.10134765931,1513.82763607684,-796.839996734626));
#12783=CARTESIAN_POINT('',(6595.1197589663,1443.84604738384,166.518724318116));
#12784=CARTESIAN_POINT('',(6595.1197589663,1443.84604738384,-1760.19871778737));
#12785=CARTESIAN_POINT('',(6665.10134765931,1513.82763607684,-796.839996734626));
#12786=CARTESIAN_POINT('',(6719.13774392102,1513.82763607684,-1760.19871778737));
#12787=CARTESIAN_POINT('',(6719.13774392102,1513.82763607684,166.518724318116));
#12788=CARTESIAN_POINT('',(6611.06495139759,1513.82763607684,-1760.19871778737));
#12789=CARTESIAN_POINT('',(6611.06495139759,1513.82763607684,166.518724318116));
#12790=CARTESIAN_POINT('',(6719.13774392102,1513.82763607684,-1760.19871778737));
#12791=CARTESIAN_POINT('',(6719.13774392103,1567.86403233856,-1760.19871778737));
#12792=CARTESIAN_POINT('',(6665.10134765931,1567.86403233856,-1760.19871778737));
#12793=CARTESIAN_POINT('',(6611.06495139759,1567.86403233856,-1760.19871778737));
#12794=CARTESIAN_POINT('',(6611.06495139759,1513.82763607684,-1760.19871778737));
#12795=CARTESIAN_POINT('',(6719.13774392102,1513.82763607684,166.518724318116));
#12796=CARTESIAN_POINT('',(6719.13774392103,1459.79123981513,166.518724318115));
#12797=CARTESIAN_POINT('',(6665.10134765931,1459.79123981513,166.518724318116));
#12798=CARTESIAN_POINT('',(6611.06495139759,1459.79123981513,166.518724318115));
#12799=CARTESIAN_POINT('',(6611.06495139759,1513.82763607684,166.518724318116));
#12800=CARTESIAN_POINT('',(6719.13774392102,1513.82763607684,-1760.19871778737));
#12801=CARTESIAN_POINT('',(6719.13774392102,1513.82763607684,166.518724318116));
#12802=CARTESIAN_POINT('',(6611.06495139759,1513.82763607684,-1760.19871778737));
#12803=CARTESIAN_POINT('',(6611.06495139759,1513.82763607684,166.518724318116));
#12804=CARTESIAN_POINT('',(6611.06495139759,1513.82763607684,-1760.19871778737));
#12805=CARTESIAN_POINT('',(6611.06495139759,1459.79123981513,-1760.19871778737));
#12806=CARTESIAN_POINT('',(6665.10134765931,1459.79123981513,-1760.19871778737));
#12807=CARTESIAN_POINT('',(6719.13774392103,1459.79123981513,-1760.19871778737));
#12808=CARTESIAN_POINT('',(6719.13774392102,1513.82763607684,-1760.19871778737));
#12809=CARTESIAN_POINT('',(6611.06495139759,1513.82763607684,166.518724318116));
#12810=CARTESIAN_POINT('',(6611.06495139759,1567.86403233856,166.518724318115));
#12811=CARTESIAN_POINT('',(6665.10134765931,1567.86403233856,166.518724318116));
#12812=CARTESIAN_POINT('',(6719.13774392103,1567.86403233856,166.518724318115));
#12813=CARTESIAN_POINT('',(6719.13774392102,1513.82763607684,166.518724318116));
#12814=CARTESIAN_POINT('',(4188.03669219034,1359.08189751604,-796.839996734626));
#12815=CARTESIAN_POINT('',(4118.05510349733,1289.10030882303,166.518724318116));
#12816=CARTESIAN_POINT('',(4118.05510349733,1289.10030882303,-1760.19871778737));
#12817=CARTESIAN_POINT('',(4188.03669219034,1359.08189751604,-796.839996734626));
#12818=CARTESIAN_POINT('',(4242.07308845206,1359.08189751604,-1760.19871778737));
#12819=CARTESIAN_POINT('',(4242.07308845206,1359.08189751604,166.518724318116));
#12820=CARTESIAN_POINT('',(4134.00029592862,1359.08189751604,-1760.19871778737));
#12821=CARTESIAN_POINT('',(4134.00029592862,1359.08189751604,166.518724318116));
#12822=CARTESIAN_POINT('',(4242.07308845206,1359.08189751604,-1760.19871778737));
#12823=CARTESIAN_POINT('',(4242.07308845206,1413.11829377775,-1760.19871778737));
#12824=CARTESIAN_POINT('',(4188.03669219034,1413.11829377775,-1760.19871778737));
#12825=CARTESIAN_POINT('',(4134.00029592862,1413.11829377775,-1760.19871778737));
#12826=CARTESIAN_POINT('',(4134.00029592862,1359.08189751604,-1760.19871778737));
#12827=CARTESIAN_POINT('',(4242.07308845206,1359.08189751604,166.518724318116));
#12828=CARTESIAN_POINT('',(4242.07308845206,1305.04550125432,166.518724318115));
#12829=CARTESIAN_POINT('',(4188.03669219034,1305.04550125432,166.518724318116));
#12830=CARTESIAN_POINT('',(4134.00029592862,1305.04550125432,166.518724318115));
#12831=CARTESIAN_POINT('',(4134.00029592862,1359.08189751604,166.518724318116));
#12832=CARTESIAN_POINT('',(4242.07308845206,1359.08189751604,-1760.19871778737));
#12833=CARTESIAN_POINT('',(4242.07308845206,1359.08189751604,166.518724318116));
#12834=CARTESIAN_POINT('',(4134.00029592862,1359.08189751604,-1760.19871778737));
#12835=CARTESIAN_POINT('',(4134.00029592862,1359.08189751604,166.518724318116));
#12836=CARTESIAN_POINT('',(4134.00029592862,1359.08189751604,-1760.19871778737));
#12837=CARTESIAN_POINT('',(4134.00029592862,1305.04550125432,-1760.19871778737));
#12838=CARTESIAN_POINT('',(4188.03669219034,1305.04550125432,-1760.19871778737));
#12839=CARTESIAN_POINT('',(4242.07308845206,1305.04550125432,-1760.19871778737));
#12840=CARTESIAN_POINT('',(4242.07308845206,1359.08189751604,-1760.19871778737));
#12841=CARTESIAN_POINT('',(4134.00029592862,1359.08189751604,166.518724318116));
#12842=CARTESIAN_POINT('',(4134.00029592862,1413.11829377775,166.518724318115));
#12843=CARTESIAN_POINT('',(4188.03669219034,1413.11829377775,166.518724318116));
#12844=CARTESIAN_POINT('',(4242.07308845206,1413.11829377775,166.518724318115));
#12845=CARTESIAN_POINT('',(4242.07308845206,1359.08189751604,166.518724318116));
#12846=CARTESIAN_POINT('',(2943.16046887796,1204.44944280484,-796.839996734626));
#12847=CARTESIAN_POINT('',(2974.92304315093,1260.50020304464,-1958.00837517686));
#12848=CARTESIAN_POINT('',(2867.82122479493,1130.94222292928,166.518724318116));
#12849=CARTESIAN_POINT('',(2867.82122479507,1130.94222292955,-1760.19871778737));
#12850=CARTESIAN_POINT('',(2936.33401142864,1258.05290910736,-1760.19871778737));
#12851=CARTESIAN_POINT('',(2943.16046887796,1258.48583906655,-1760.19871778737));
#12852=CARTESIAN_POINT('',(2943.16046887796,1258.48583906655,166.518724318116));
#12853=CARTESIAN_POINT('',(2936.33401142864,1258.05290910736,166.518724318116));
#12854=CARTESIAN_POINT('',(2936.33401142864,1258.05290910736,-1760.19871778737));
#12855=CARTESIAN_POINT('',(2884.4017012762,1251.43927514011,-1760.19871778737));
#12856=CARTESIAN_POINT('',(2889.36773824528,1199.32360121331,-1760.19871778737));
#12857=CARTESIAN_POINT('',(2894.33377521437,1147.20792728651,-1760.19871778737));
#12858=CARTESIAN_POINT('',(2946.58055475615,1150.5213876432,-1760.19871778737));
#12859=CARTESIAN_POINT('',(2998.82733429793,1153.83484799989,-1760.19871778737));
#12860=CARTESIAN_POINT('',(2997.16977307307,1206.16034353322,-1760.19871778737));
#12861=CARTESIAN_POINT('',(2995.51221184821,1258.48583906655,-1760.19871778737));
#12862=CARTESIAN_POINT('',(2943.16046887796,1258.48583906655,-1760.19871778737));
#12863=CARTESIAN_POINT('',(2943.16046887796,1258.48583906655,-1760.19871778737));
#12864=CARTESIAN_POINT('',(2943.16046887796,1258.48583906655,166.518724318116));
#12865=CARTESIAN_POINT('',(2943.16046887796,1258.48583906655,166.518724318116));
#12866=CARTESIAN_POINT('',(2995.51221184833,1258.48583906656,166.518724318116));
#12867=CARTESIAN_POINT('',(2997.1697730732,1206.16034353311,166.518724318116));
#12868=CARTESIAN_POINT('',(2998.82733429807,1153.83484799966,166.518724318116));
#12869=CARTESIAN_POINT('',(2946.58055475617,1150.52138764296,166.518724318116));
#12870=CARTESIAN_POINT('',(2894.33377521427,1147.20792728625,166.518724318116));
#12871=CARTESIAN_POINT('',(2889.36773824517,1199.32360121318,166.518724318116));
#12872=CARTESIAN_POINT('',(2884.40170127608,1251.4392751401,166.518724318116));
#12873=CARTESIAN_POINT('',(2936.33401142864,1258.05290910736,166.518724318116));
#12874=CARTESIAN_POINT('',(2936.33401142864,1258.05290910736,166.518724318116));
#12875=CARTESIAN_POINT('',(2936.33401142864,1258.05290910736,-1760.19871778737));
#12876=CARTESIAN_POINT('',(2943.16046887796,1258.48583906655,-1760.19871778737));
#12877=CARTESIAN_POINT('',(2936.33401142864,1258.05290910736,-1760.19871778737));
#12878=CARTESIAN_POINT('',(2936.33401142864,1258.05290910736,166.518724318116));
#12879=CARTESIAN_POINT('',(2943.16046887796,1258.48583906655,166.518724318116));
#12880=CARTESIAN_POINT('',(2817.4153958161,1445.74404246407,-796.839996734626));
#12881=CARTESIAN_POINT('',(2747.4338071231,1375.76245377107,166.518724318116));
#12882=CARTESIAN_POINT('',(2747.4338071231,1375.76245377107,-1760.19871778737));
#12883=CARTESIAN_POINT('',(2817.4153958161,1445.74404246407,-796.839996734626));
#12884=CARTESIAN_POINT('',(2871.45179207782,1445.74404246407,-1760.19871778737));
#12885=CARTESIAN_POINT('',(2871.45179207782,1445.74404246407,166.518724318116));
#12886=CARTESIAN_POINT('',(2763.37899955439,1445.74404246407,-1760.19871778737));
#12887=CARTESIAN_POINT('',(2763.37899955439,1445.74404246407,166.518724318116));
#12888=CARTESIAN_POINT('',(2871.45179207782,1445.74404246407,-1760.19871778737));
#12889=CARTESIAN_POINT('',(2871.45179207782,1499.78043872579,-1760.19871778737));
#12890=CARTESIAN_POINT('',(2817.4153958161,1499.78043872579,-1760.19871778737));
#12891=CARTESIAN_POINT('',(2763.37899955439,1499.78043872579,-1760.19871778737));
#12892=CARTESIAN_POINT('',(2763.37899955439,1445.74404246407,-1760.19871778737));
#12893=CARTESIAN_POINT('',(2871.45179207782,1445.74404246407,166.518724318116));
#12894=CARTESIAN_POINT('',(2871.45179207782,1391.70764620236,166.518724318115));
#12895=CARTESIAN_POINT('',(2817.4153958161,1391.70764620236,166.518724318116));
#12896=CARTESIAN_POINT('',(2763.37899955439,1391.70764620236,166.518724318115));
#12897=CARTESIAN_POINT('',(2763.37899955439,1445.74404246407,166.518724318116));
#12898=CARTESIAN_POINT('',(2871.45179207782,1445.74404246407,-1760.19871778737));
#12899=CARTESIAN_POINT('',(2871.45179207782,1445.74404246407,166.518724318116));
#12900=CARTESIAN_POINT('',(2763.37899955439,1445.74404246407,-1760.19871778737));
#12901=CARTESIAN_POINT('',(2763.37899955439,1445.74404246407,166.518724318116));
#12902=CARTESIAN_POINT('',(2763.37899955439,1445.74404246407,-1760.19871778737));
#12903=CARTESIAN_POINT('',(2763.37899955439,1391.70764620236,-1760.19871778737));
#12904=CARTESIAN_POINT('',(2817.4153958161,1391.70764620236,-1760.19871778737));
#12905=CARTESIAN_POINT('',(2871.45179207782,1391.70764620236,-1760.19871778737));
#12906=CARTESIAN_POINT('',(2871.45179207782,1445.74404246407,-1760.19871778737));
#12907=CARTESIAN_POINT('',(2763.37899955439,1445.74404246407,166.518724318116));
#12908=CARTESIAN_POINT('',(2763.37899955439,1499.78043872579,166.518724318115));
#12909=CARTESIAN_POINT('',(2817.4153958161,1499.78043872579,166.518724318116));
#12910=CARTESIAN_POINT('',(2871.45179207782,1499.78043872579,166.518724318115));
#12911=CARTESIAN_POINT('',(2871.45179207782,1445.74404246407,166.518724318116));
#12912=CARTESIAN_POINT('',(6954.65486725039,1942.267155284,-796.839996734626));
#12913=CARTESIAN_POINT('',(6837.50188358175,1825.11417161535,166.518724318116));
#12914=CARTESIAN_POINT('',(6837.50188358175,1825.11417161535,-1760.19871778737));
#12915=CARTESIAN_POINT('',(6954.65486725039,1942.267155284,-796.839996734626));
#12916=CARTESIAN_POINT('',(7048.00075932514,1942.267155284,-1760.19871778737));
#12917=CARTESIAN_POINT('',(7048.00075932514,1942.267155284,166.518724318116));
#12918=CARTESIAN_POINT('',(6861.30897517565,1942.267155284,-1760.19871778737));
#12919=CARTESIAN_POINT('',(6861.30897517565,1942.267155284,166.518724318116));
#12920=CARTESIAN_POINT('',(7048.00075932514,1942.267155284,-1760.19871778737));
#12921=CARTESIAN_POINT('',(7048.00075932514,2035.61304735875,-1760.19871778737));
#12922=CARTESIAN_POINT('',(6954.65486725039,2035.61304735875,-1760.19871778737));
#12923=CARTESIAN_POINT('',(6861.30897517565,2035.61304735875,-1760.19871778737));
#12924=CARTESIAN_POINT('',(6861.30897517565,1942.267155284,-1760.19871778737));
#12925=CARTESIAN_POINT('',(7048.00075932514,1942.267155284,166.518724318116));
#12926=CARTESIAN_POINT('',(7048.00075932514,1848.92126320925,166.518724318115));
#12927=CARTESIAN_POINT('',(6954.65486725039,1848.92126320925,166.518724318116));
#12928=CARTESIAN_POINT('',(6861.30897517565,1848.92126320925,166.518724318115));
#12929=CARTESIAN_POINT('',(6861.30897517565,1942.267155284,166.518724318116));
#12930=CARTESIAN_POINT('',(7048.00075932514,1942.267155284,-1760.19871778737));
#12931=CARTESIAN_POINT('',(7048.00075932514,1942.267155284,166.518724318116));
#12932=CARTESIAN_POINT('',(6861.30897517565,1942.267155284,-1760.19871778737));
#12933=CARTESIAN_POINT('',(6861.30897517565,1942.267155284,166.518724318116));
#12934=CARTESIAN_POINT('',(6861.30897517565,1942.267155284,-1760.19871778737));
#12935=CARTESIAN_POINT('',(6861.30897517565,1848.92126320925,-1760.19871778737));
#12936=CARTESIAN_POINT('',(6954.65486725039,1848.92126320925,-1760.19871778737));
#12937=CARTESIAN_POINT('',(7048.00075932514,1848.92126320925,-1760.19871778737));
#12938=CARTESIAN_POINT('',(7048.00075932514,1942.267155284,-1760.19871778737));
#12939=CARTESIAN_POINT('',(6861.30897517565,1942.267155284,166.518724318116));
#12940=CARTESIAN_POINT('',(6861.30897517565,2035.61304735875,166.518724318115));
#12941=CARTESIAN_POINT('',(6954.65486725039,2035.61304735875,166.518724318116));
#12942=CARTESIAN_POINT('',(7048.00075932514,2035.61304735875,166.518724318115));
#12943=CARTESIAN_POINT('',(7048.00075932514,1942.267155284,166.518724318116));
#12944=CARTESIAN_POINT('',(3496.32550650052,1907.26244575597,-796.839996734626));
#12945=CARTESIAN_POINT('',(3550.92434666736,1871.70441506628,-1958.00837517686));
#12946=CARTESIAN_POINT('',(3425.14642310576,1835.6502493705,166.518724318116));
#12947=CARTESIAN_POINT('',(3425.14642310596,1835.65024937061,-1760.19871778737));
#12948=CARTESIAN_POINT('',(3550.02986212308,1913.2436085291,-1760.19871778737));
#12949=CARTESIAN_POINT('',(3550.23755209335,1903.59864159223,-1760.19871778737));
#12950=CARTESIAN_POINT('',(3550.23755209335,1903.59864159223,166.518724318116));
#12951=CARTESIAN_POINT('',(3550.02986212308,1913.2436085291,166.518724318116));
#12952=CARTESIAN_POINT('',(3550.02986212308,1913.2436085291,-1760.19871778737));
#12953=CARTESIAN_POINT('',(3544.31021149224,1964.59986870214,-1760.19871778737));
#12954=CARTESIAN_POINT('',(3492.74969278895,1961.18039895536,-1760.19871778737));
#12955=CARTESIAN_POINT('',(3441.18917408567,1957.76092920858,-1760.19871778737));
#12956=CARTESIAN_POINT('',(3442.30163400547,1906.09912227901,-1760.19871778737));
#12957=CARTESIAN_POINT('',(3443.41409392527,1854.43731534945,-1760.19871778737));
#12958=CARTESIAN_POINT('',(3495.07401649682,1853.24054377462,-1760.19871778737));
#12959=CARTESIAN_POINT('',(3546.73393906836,1852.04377219979,-1760.19871778737));
#12960=CARTESIAN_POINT('',(3550.23755209335,1903.59864159223,-1760.19871778737));
#12961=CARTESIAN_POINT('',(3550.23755209335,1903.59864159223,-1760.19871778737));
#12962=CARTESIAN_POINT('',(3550.23755209335,1903.59864159223,166.518724318116));
#12963=CARTESIAN_POINT('',(3550.23755209335,1903.59864159223,166.518724318116));
#12964=CARTESIAN_POINT('',(3546.73393906836,1852.0437721997,166.518724318116));
#12965=CARTESIAN_POINT('',(3495.07401649673,1853.24054377453,166.518724318116));
#12966=CARTESIAN_POINT('',(3443.41409392509,1854.43731534936,166.518724318116));
#12967=CARTESIAN_POINT('',(3442.30163400529,1906.09912227902,166.518724318116));
#12968=CARTESIAN_POINT('',(3441.1891740855,1957.76092920867,166.518724318116));
#12969=CARTESIAN_POINT('',(3492.74969278887,1961.18039895545,166.518724318116));
#12970=CARTESIAN_POINT('',(3544.31021149224,1964.59986870223,166.518724318116));
#12971=CARTESIAN_POINT('',(3550.02986212308,1913.2436085291,166.518724318116));
#12972=CARTESIAN_POINT('',(3550.02986212308,1913.2436085291,166.518724318116));
#12973=CARTESIAN_POINT('',(3550.02986212308,1913.2436085291,-1760.19871778737));
#12974=CARTESIAN_POINT('',(3550.23755209335,1903.59864159223,-1760.19871778737));
#12975=CARTESIAN_POINT('',(3550.02986212308,1913.2436085291,-1760.19871778737));
#12976=CARTESIAN_POINT('',(3550.02986212308,1913.2436085291,166.518724318116));
#12977=CARTESIAN_POINT('',(3550.23755209335,1903.59864159223,166.518724318116));
#12978=CARTESIAN_POINT('',(4354.11081571168,1903.97721411742,-796.839996734626));
#12979=CARTESIAN_POINT('',(4284.12922701867,1833.99562542441,166.518724318116));
#12980=CARTESIAN_POINT('',(4284.12922701867,1833.99562542441,-1760.19871778737));
#12981=CARTESIAN_POINT('',(4354.11081571168,1903.97721411742,-796.839996734626));
#12982=CARTESIAN_POINT('',(4300.07441944996,1903.97721411742,-1760.19871778737));
#12983=CARTESIAN_POINT('',(4300.07441944996,1903.97721411742,166.518724318116));
#12984=CARTESIAN_POINT('',(4408.14721197339,1903.97721411742,-1760.19871778737));
#12985=CARTESIAN_POINT('',(4408.14721197339,1903.97721411742,166.518724318116));
#12986=CARTESIAN_POINT('',(4300.07441944996,1903.97721411742,-1760.19871778737));
#12987=CARTESIAN_POINT('',(4300.07441944996,1849.9408178557,-1760.19871778737));
#12988=CARTESIAN_POINT('',(4354.11081571168,1849.9408178557,-1760.19871778737));
#12989=CARTESIAN_POINT('',(4408.14721197339,1849.9408178557,-1760.19871778737));
#12990=CARTESIAN_POINT('',(4408.14721197339,1903.97721411742,-1760.19871778737));
#12991=CARTESIAN_POINT('',(4300.07441944996,1903.97721411742,166.518724318116));
#12992=CARTESIAN_POINT('',(4300.07441944996,1958.01361037913,166.518724318115));
#12993=CARTESIAN_POINT('',(4354.11081571168,1958.01361037913,166.518724318116));
#12994=CARTESIAN_POINT('',(4408.14721197339,1958.01361037913,166.518724318115));
#12995=CARTESIAN_POINT('',(4408.14721197339,1903.97721411742,166.518724318116));
#12996=CARTESIAN_POINT('',(4300.07441944996,1903.97721411742,-1760.19871778737));
#12997=CARTESIAN_POINT('',(4300.07441944996,1903.97721411742,166.518724318116));
#12998=CARTESIAN_POINT('',(4408.14721197339,1903.97721411742,-1760.19871778737));
#12999=CARTESIAN_POINT('',(4408.14721197339,1903.97721411742,166.518724318116));
#13000=CARTESIAN_POINT('',(4408.14721197339,1903.97721411742,-1760.19871778737));
#13001=CARTESIAN_POINT('',(4408.14721197339,1958.01361037913,-1760.19871778737));
#13002=CARTESIAN_POINT('',(4354.11081571168,1958.01361037913,-1760.19871778737));
#13003=CARTESIAN_POINT('',(4300.07441944996,1958.01361037913,-1760.19871778737));
#13004=CARTESIAN_POINT('',(4300.07441944996,1903.97721411742,-1760.19871778737));
#13005=CARTESIAN_POINT('',(4408.14721197339,1903.97721411742,166.518724318116));
#13006=CARTESIAN_POINT('',(4408.14721197339,1849.9408178557,166.518724318115));
#13007=CARTESIAN_POINT('',(4354.11081571168,1849.9408178557,166.518724318116));
#13008=CARTESIAN_POINT('',(4300.07441944996,1849.9408178557,166.518724318115));
#13009=CARTESIAN_POINT('',(4300.07441944996,1903.97721411742,166.518724318116));
#13010=CARTESIAN_POINT('',(2736.41744334834,499.597330560808,-818.247968313576));
#13011=CARTESIAN_POINT('',(2736.41744334834,499.597330560808,-818.247968313576));
#13012=CARTESIAN_POINT('',(2600.36353997241,499.597330560808,-1674.56683147157));
#13013=CARTESIAN_POINT('',(2600.36353997241,499.597330560808,38.0708948444164));
#13014=CARTESIAN_POINT('',(2872.47134672428,499.597330560808,-1674.56683147157));
#13015=CARTESIAN_POINT('',(2872.47134672428,499.597330560808,38.0708948444164));
#13016=CARTESIAN_POINT('',(2600.36353997241,499.597330560808,-1674.56683147157));
#13017=CARTESIAN_POINT('',(2600.36353997241,363.543427184871,-1674.56683147157));
#13018=CARTESIAN_POINT('',(2736.41744334834,363.543427184871,-1674.56683147157));
#13019=CARTESIAN_POINT('',(2872.47134672428,363.543427184871,-1674.56683147157));
#13020=CARTESIAN_POINT('',(2872.47134672428,499.597330560808,-1674.56683147157));
#13021=CARTESIAN_POINT('',(2600.36353997241,499.597330560808,38.0708948444164));
#13022=CARTESIAN_POINT('',(2600.36353997241,635.651233936745,38.0708948444164));
#13023=CARTESIAN_POINT('',(2736.41744334834,635.651233936745,38.0708948444164));
#13024=CARTESIAN_POINT('',(2872.47134672428,635.651233936745,38.0708948444164));
#13025=CARTESIAN_POINT('',(2872.47134672428,499.597330560808,38.0708948444164));
#13026=CARTESIAN_POINT('',(2600.36353997241,499.597330560808,-1674.56683147157));
#13027=CARTESIAN_POINT('',(2600.36353997241,499.597330560808,38.0708948444162));
#13028=CARTESIAN_POINT('',(2872.47134672428,499.597330560808,-1674.56683147157));
#13029=CARTESIAN_POINT('',(2872.47134672428,499.597330560808,38.0708948444162));
#13030=CARTESIAN_POINT('',(2872.47134672428,499.597330560808,-1674.56683147157));
#13031=CARTESIAN_POINT('',(2872.47134672428,635.651233936745,-1674.56683147157));
#13032=CARTESIAN_POINT('',(2736.41744334834,635.651233936745,-1674.56683147157));
#13033=CARTESIAN_POINT('',(2600.36353997241,635.651233936745,-1674.56683147157));
#13034=CARTESIAN_POINT('',(2600.36353997241,499.597330560808,-1674.56683147157));
#13035=CARTESIAN_POINT('',(2872.47134672428,499.597330560808,38.0708948444164));
#13036=CARTESIAN_POINT('',(2872.47134672428,363.543427184871,38.0708948444164));
#13037=CARTESIAN_POINT('',(2736.41744334834,363.543427184871,38.0708948444164));
#13038=CARTESIAN_POINT('',(2600.36353997241,363.543427184871,38.0708948444164));
#13039=CARTESIAN_POINT('',(2600.36353997241,499.597330560808,38.0708948444164));
#13040=CARTESIAN_POINT('',(2796.45788363911,818.831218748475,-818.247968313576));
#13041=CARTESIAN_POINT('',(2663.84516846475,890.885351392103,-1850.96851728212));
#13042=CARTESIAN_POINT('',(2688.38509111568,942.084047119017,-818.247968313576));
#13043=CARTESIAN_POINT('',(3006.1250470041,1177.28873231226,-1850.96851728212));
#13044=CARTESIAN_POINT('',(2943.16046887796,1204.44944280484,-818.247968313576));
#13045=CARTESIAN_POINT('',(2568.06592967754,1233.73966405501,-1850.96851728212));
#13046=CARTESIAN_POINT('',(2604.08454837409,1291.27308506009,-818.247968313576));
#13047=CARTESIAN_POINT('',(2542.35851804149,1634.91235148916,-1850.96851728212));
#13048=CARTESIAN_POINT('',(2596.62517293541,1605.92740580593,-818.247968313576));
#13049=CARTESIAN_POINT('',(2906.65859419444,1639.93286723834,-1850.96851728212));
#13050=CARTESIAN_POINT('',(2877.34255225728,1695.98806624213,-818.247968313576));
#13051=CARTESIAN_POINT('',(2948.50713578952,1939.86710242921,-1850.96851728212));
#13052=CARTESIAN_POINT('',(3000.25552907902,1907.26244575597,-818.247968313576));
#13053=CARTESIAN_POINT('',(3551.07041742162,1961.29884201769,-1850.96851728212));
#13054=CARTESIAN_POINT('',(3496.32550649995,1907.26244575602,-818.247968313576));
#13055=CARTESIAN_POINT('',(3562.6839383818,1299.49071865443,-1850.96851728212));
#13056=CARTESIAN_POINT('',(3615.50011628527,1359.08189877502,-818.247968313576));
#13057=CARTESIAN_POINT('',(2858.0383493141,802.799865597107,-1850.96851728212));
#13058=CARTESIAN_POINT('',(2833.67561101171,779.655041163444,-1674.56683147157));
#13059=CARTESIAN_POINT('',(2796.45788363911,872.867615010191,-1674.56683147157));
#13060=CARTESIAN_POINT('',(2833.67561101171,779.655041163444,38.0708948444164));
#13061=CARTESIAN_POINT('',(2796.45788363911,872.867615010191,38.0708948444164));
#13062=CARTESIAN_POINT('',(2681.1101502913,888.539604298544,-1674.56683147157));
#13063=CARTESIAN_POINT('',(2681.1101502913,888.539604298544,38.0708948444164));
#13064=CARTESIAN_POINT('',(2659.83756101515,987.964006209153,-1674.56683147157));
#13065=CARTESIAN_POINT('',(2659.83756101515,987.964006209153,38.0708948444164));
#13066=CARTESIAN_POINT('',(2969.08239773281,1157.036514975,-1674.56683147157));
#13067=CARTESIAN_POINT('',(2969.08239773281,1157.036514975,38.0708948444164));
#13068=CARTESIAN_POINT('',(2936.33401142864,1258.05290910736,-1674.56683147157));
#13069=CARTESIAN_POINT('',(2936.33401142864,1258.05290910736,38.0708948444164));
#13070=CARTESIAN_POINT('',(2606.50243824111,1236.27726179418,-1674.56683147157));
#13071=CARTESIAN_POINT('',(2606.50243824111,1236.27726179418,38.0708948444164));
#13072=CARTESIAN_POINT('',(2549.04595610119,1290.20531695603,-1674.56683147157));
#13073=CARTESIAN_POINT('',(2549.04595610119,1290.20531695603,38.0708948444164));
#13074=CARTESIAN_POINT('',(2543.05880593233,1598.8156938431,-1674.56683147157));
#13075=CARTESIAN_POINT('',(2543.05880593233,1598.8156938431,38.0708948444164));
#13076=CARTESIAN_POINT('',(2600.12887994939,1659.85009266512,-1674.56683147157));
#13077=CARTESIAN_POINT('',(2600.12887994939,1659.85009266512,38.0708948444164));
#13078=CARTESIAN_POINT('',(2873.83884524334,1642.06537938295,-1674.56683147157));
#13079=CARTESIAN_POINT('',(2873.83884524334,1642.06537938295,38.0708948444164));
#13080=CARTESIAN_POINT('',(2929.10312062135,1680.47111797311,-1674.56683147157));
#13081=CARTESIAN_POINT('',(2929.10312062135,1680.47111797311,38.0708948444164));
#13082=CARTESIAN_POINT('',(2946.36968779111,1911.29335503891,-1674.56683147157));
#13083=CARTESIAN_POINT('',(2946.36968779111,1911.29335503891,38.0708948444164));
#13084=CARTESIAN_POINT('',(3000.25552907902,1961.29884201769,-1674.56683147157));
#13085=CARTESIAN_POINT('',(3000.25552907902,1961.29884201769,38.0708948444164));
#13086=CARTESIAN_POINT('',(3496.32550650052,1961.29884201769,-1674.56683147157));
#13087=CARTESIAN_POINT('',(3496.32550650052,1961.29884201769,38.0708948444164));
#13088=CARTESIAN_POINT('',(3550.35082058685,1908.35677603518,-1674.56683147157));
#13089=CARTESIAN_POINT('',(3550.35082058685,1908.35677603518,38.0708948444164));
#13090=CARTESIAN_POINT('',(3561.46625722429,1359.60566589215,-1674.56683147157));
#13091=CARTESIAN_POINT('',(3561.46625722429,1359.60566589215,38.0708948444164));
#13092=CARTESIAN_POINT('',(3615.50011628527,1305.04550125432,-1674.56683147157));
#13093=CARTESIAN_POINT('',(3615.50011628527,1305.04550125432,38.0708948444164));
#13094=CARTESIAN_POINT('',(2642.70991593856,598.235882509709,-1674.56683147157));
#13095=CARTESIAN_POINT('',(2642.70991593856,598.235882509709,38.0708948444164));
#13096=CARTESIAN_POINT('',(2833.67561101171,779.655041163445,-1674.56683147157));
#13097=CARTESIAN_POINT('',(2860.21696376582,804.869569271975,-1674.56683147157));
#13098=CARTESIAN_POINT('',(2846.64190289304,838.868592141083,-1674.56683147157));
#13099=CARTESIAN_POINT('',(2833.06684202028,872.867615010191,-1674.56683147157));
#13100=CARTESIAN_POINT('',(2796.45788363911,872.867615010191,-1674.56683147157));
#13101=CARTESIAN_POINT('',(2833.67561101171,779.655041163444,38.0708948444164));
#13102=CARTESIAN_POINT('',(2833.67561101171,779.655041163444,-1674.56683147157));
#13103=CARTESIAN_POINT('',(2796.45788363911,872.867615010191,38.0708948444164));
#13104=CARTESIAN_POINT('',(2833.06684202028,872.867615010191,38.0708948444165));
#13105=CARTESIAN_POINT('',(2846.64190289304,838.868592141083,38.0708948444164));
#13106=CARTESIAN_POINT('',(2860.21696376582,804.869569271975,38.0708948444165));
#13107=CARTESIAN_POINT('',(2833.67561101171,779.655041163445,38.0708948444164));
#13108=CARTESIAN_POINT('',(2796.45788363911,872.867615010191,-1674.56683147157));
#13109=CARTESIAN_POINT('',(2796.45788363911,872.867615010191,38.0708948444164));
#13110=CARTESIAN_POINT('',(2681.1101502913,888.539604298544,-1674.56683147157));
#13111=CARTESIAN_POINT('',(2796.45788363911,872.867615010191,-1674.56683147157));
#13112=CARTESIAN_POINT('',(2796.45788363911,872.867615010191,38.0708948444164));
#13113=CARTESIAN_POINT('',(2681.1101502913,888.539604298544,38.0708948444164));
#13114=CARTESIAN_POINT('',(2681.1101502913,888.539604298544,38.0708948444164));
#13115=CARTESIAN_POINT('',(2681.1101502913,888.539604298544,-1674.56683147157));
#13116=CARTESIAN_POINT('',(2659.83756101515,987.964006209153,-1674.56683147157));
#13117=CARTESIAN_POINT('',(2627.60097069955,967.90568334611,-1674.56683147157));
#13118=CARTESIAN_POINT('',(2635.54462102303,930.778436063389,-1674.56683147157));
#13119=CARTESIAN_POINT('',(2643.48827134652,893.651188780668,-1674.56683147157));
#13120=CARTESIAN_POINT('',(2681.1101502913,888.539604298544,-1674.56683147157));
#13121=CARTESIAN_POINT('',(2681.1101502913,888.539604298544,38.0708948444164));
#13122=CARTESIAN_POINT('',(2643.48827134652,893.651188780668,38.0708948444166));
#13123=CARTESIAN_POINT('',(2635.54462102303,930.778436063389,38.0708948444164));
#13124=CARTESIAN_POINT('',(2627.60097069955,967.90568334611,38.0708948444166));
#13125=CARTESIAN_POINT('',(2659.83756101515,987.964006209153,38.0708948444164));
#13126=CARTESIAN_POINT('',(2659.83756101515,987.964006209153,38.0708948444164));
#13127=CARTESIAN_POINT('',(2659.83756101515,987.964006209153,-1674.56683147157));
#13128=CARTESIAN_POINT('',(2969.08239773281,1157.036514975,-1674.56683147157));
#13129=CARTESIAN_POINT('',(2659.83756101515,987.964006209153,-1674.56683147157));
#13130=CARTESIAN_POINT('',(2659.83756101515,987.964006209153,38.0708948444164));
#13131=CARTESIAN_POINT('',(2969.08239773281,1157.036514975,38.0708948444164));
#13132=CARTESIAN_POINT('',(2969.08239773281,1157.036514975,38.0708948444164));
#13133=CARTESIAN_POINT('',(2969.08239773281,1157.036514975,-1674.56683147157));
#13134=CARTESIAN_POINT('',(2969.08239773281,1157.036514975,-1674.56683147157));
#13135=CARTESIAN_POINT('',(3008.37238154342,1178.51741083324,-1674.56683147157));
#13136=CARTESIAN_POINT('',(2994.56316557693,1221.11362274347,-1674.56683147157));
#13137=CARTESIAN_POINT('',(2980.75394961043,1263.7098346537,-1674.56683147157));
#13138=CARTESIAN_POINT('',(2936.33401142865,1258.05290910736,-1674.56683147157));
#13139=CARTESIAN_POINT('',(2936.33401142864,1258.05290910736,38.0708948444164));
#13140=CARTESIAN_POINT('',(2980.75394961043,1263.7098346537,38.0708948444164));
#13141=CARTESIAN_POINT('',(2994.56316557693,1221.11362274347,38.0708948444164));
#13142=CARTESIAN_POINT('',(3008.37238154342,1178.51741083324,38.0708948444164));
#13143=CARTESIAN_POINT('',(2969.08239773281,1157.036514975,38.0708948444164));
#13144=CARTESIAN_POINT('',(2936.33401142864,1258.05290910736,-1674.56683147157));
#13145=CARTESIAN_POINT('',(2936.33401142864,1258.05290910736,38.0708948444164));
#13146=CARTESIAN_POINT('',(2606.50243824111,1236.27726179418,-1674.56683147157));
#13147=CARTESIAN_POINT('',(2936.33401142864,1258.05290910736,-1674.56683147157));
#13148=CARTESIAN_POINT('',(2936.33401142864,1258.05290910736,38.0708948444164));
#13149=CARTESIAN_POINT('',(2606.50243824111,1236.27726179418,38.0708948444164));
#13150=CARTESIAN_POINT('',(2606.50243824111,1236.27726179418,38.0708948444164));
#13151=CARTESIAN_POINT('',(2606.50243824111,1236.27726179418,-1674.56683147157));
#13152=CARTESIAN_POINT('',(2549.04595610119,1290.20531695603,-1674.56683147157));
#13153=CARTESIAN_POINT('',(2549.49593408031,1267.01099748748,-1674.56683147157));
#13154=CARTESIAN_POINT('',(2566.41103826677,1251.13465703534,-1674.56683147157));
#13155=CARTESIAN_POINT('',(2583.32614245322,1235.25831658321,-1674.56683147157));
#13156=CARTESIAN_POINT('',(2606.50243824111,1236.27726179418,-1674.56683147157));
#13157=CARTESIAN_POINT('',(2606.50243824111,1236.27726179418,38.0708948444164));
#13158=CARTESIAN_POINT('',(2583.32614245322,1235.25831658321,38.0708948444166));
#13159=CARTESIAN_POINT('',(2566.41103826677,1251.13465703534,38.0708948444164));
#13160=CARTESIAN_POINT('',(2549.49593408031,1267.01099748748,38.0708948444166));
#13161=CARTESIAN_POINT('',(2549.04595610119,1290.20531695603,38.0708948444164));
#13162=CARTESIAN_POINT('',(2549.04595610119,1290.20531695603,38.0708948444164));
#13163=CARTESIAN_POINT('',(2549.04595610119,1290.20531695603,-1674.56683147157));
#13164=CARTESIAN_POINT('',(2543.05880593233,1598.8156938431,-1674.56683147157));
#13165=CARTESIAN_POINT('',(2549.04595610119,1290.20531695603,-1674.56683147157));
#13166=CARTESIAN_POINT('',(2549.04595610119,1290.20531695603,38.0708948444164));
#13167=CARTESIAN_POINT('',(2543.05880593233,1598.8156938431,38.0708948444164));
#13168=CARTESIAN_POINT('',(2543.05880593233,1598.8156938431,38.0708948444164));
#13169=CARTESIAN_POINT('',(2543.05880593233,1598.8156938431,-1674.56683147157));
#13170=CARTESIAN_POINT('',(2600.12887994939,1659.85009266512,-1674.56683147157));
#13171=CARTESIAN_POINT('',(2574.61663238658,1661.50778900658,-1674.56683147157));
#13172=CARTESIAN_POINT('',(2557.15534976394,1642.83357303806,-1674.56683147157));
#13173=CARTESIAN_POINT('',(2539.6940671413,1624.15935706953,-1674.56683147157));
#13174=CARTESIAN_POINT('',(2543.05880593233,1598.8156938431,-1674.56683147157));
#13175=CARTESIAN_POINT('',(2543.05880593233,1598.8156938431,38.0708948444164));
#13176=CARTESIAN_POINT('',(2539.6940671413,1624.15935706953,38.0708948444165));
#13177=CARTESIAN_POINT('',(2557.15534976394,1642.83357303806,38.0708948444164));
#13178=CARTESIAN_POINT('',(2574.61663238658,1661.50778900658,38.0708948444165));
#13179=CARTESIAN_POINT('',(2600.12887994939,1659.85009266512,38.0708948444164));
#13180=CARTESIAN_POINT('',(2600.12887994939,1659.85009266512,38.0708948444164));
#13181=CARTESIAN_POINT('',(2600.12887994939,1659.85009266512,-1674.56683147157));
#13182=CARTESIAN_POINT('',(2873.83884524334,1642.06537938295,-1674.56683147157));
#13183=CARTESIAN_POINT('',(2600.12887994939,1659.85009266512,-1674.56683147157));
#13184=CARTESIAN_POINT('',(2600.12887994939,1659.85009266512,38.0708948444164));
#13185=CARTESIAN_POINT('',(2873.83884524334,1642.06537938295,38.0708948444164));
#13186=CARTESIAN_POINT('',(2873.83884524334,1642.06537938295,38.0708948444164));
#13187=CARTESIAN_POINT('',(2873.83884524334,1642.06537938295,-1674.56683147157));
#13188=CARTESIAN_POINT('',(2873.83884524334,1642.06537938295,-1674.56683147157));
#13189=CARTESIAN_POINT('',(2916.75379158782,1639.27691672894,-1674.56683147157));
#13190=CARTESIAN_POINT('',(2929.10312062135,1680.47111797311,-1674.56683147157));
#13191=CARTESIAN_POINT('',(2929.10312062135,1680.47111797311,38.0708948444164));
#13192=CARTESIAN_POINT('',(2916.75379158782,1639.27691672894,38.0708948444166));
#13193=CARTESIAN_POINT('',(2873.83884524334,1642.06537938295,38.0708948444164));
#13194=CARTESIAN_POINT('',(2929.10312062135,1680.47111797311,-1674.56683147157));
#13195=CARTESIAN_POINT('',(2929.10312062135,1680.47111797311,38.0708948444164));
#13196=CARTESIAN_POINT('',(2946.36968779111,1911.29335503891,-1674.56683147157));
#13197=CARTESIAN_POINT('',(2929.10312062135,1680.47111797311,-1674.56683147157));
#13198=CARTESIAN_POINT('',(2929.10312062135,1680.47111797311,38.0708948444164));
#13199=CARTESIAN_POINT('',(2946.36968779111,1911.29335503891,38.0708948444164));
#13200=CARTESIAN_POINT('',(2946.36968779111,1911.29335503891,38.0708948444164));
#13201=CARTESIAN_POINT('',(2946.36968779111,1911.29335503891,-1674.56683147157));
#13202=CARTESIAN_POINT('',(3000.25552907902,1961.29884201769,-1674.56683147157));
#13203=CARTESIAN_POINT('',(2950.11032868755,1961.29884201769,-1674.56683147157));
#13204=CARTESIAN_POINT('',(2946.36968779111,1911.29335503891,-1674.56683147157));
#13205=CARTESIAN_POINT('',(2946.36968779111,1911.29335503891,38.0708948444164));
#13206=CARTESIAN_POINT('',(2950.11032868755,1961.29884201769,38.0708948444164));
#13207=CARTESIAN_POINT('',(3000.25552907902,1961.29884201769,38.0708948444164));
#13208=CARTESIAN_POINT('',(3000.25552907902,1961.29884201769,38.0708948444164));
#13209=CARTESIAN_POINT('',(3000.25552907902,1961.29884201769,-1674.56683147157));
#13210=CARTESIAN_POINT('',(3496.32550650052,1961.29884201769,-1674.56683147157));
#13211=CARTESIAN_POINT('',(3000.25552907902,1961.29884201769,-1674.56683147157));
#13212=CARTESIAN_POINT('',(3000.25552907902,1961.29884201769,38.0708948444164));
#13213=CARTESIAN_POINT('',(3496.32550650052,1961.29884201769,38.0708948444164));
#13214=CARTESIAN_POINT('',(3496.32550650052,1961.29884201769,38.0708948444164));
#13215=CARTESIAN_POINT('',(3496.32550650052,1961.29884201769,-1674.56683147157));
#13216=CARTESIAN_POINT('',(3550.35082058685,1908.35677603518,-1674.56683147157));
#13217=CARTESIAN_POINT('',(3549.27843245132,1961.29884201712,-1674.56683147157));
#13218=CARTESIAN_POINT('',(3496.32550650052,1961.29884201769,-1674.56683147157));
#13219=CARTESIAN_POINT('',(3496.32550650052,1961.29884201769,38.0708948444164));
#13220=CARTESIAN_POINT('',(3549.27843245132,1961.29884201712,38.0708948444164));
#13221=CARTESIAN_POINT('',(3550.35082058685,1908.35677603518,38.0708948444164));
#13222=CARTESIAN_POINT('',(3550.35082058685,1908.35677603518,38.0708948444164));
#13223=CARTESIAN_POINT('',(3550.35082058685,1908.35677603518,-1674.56683147157));
#13224=CARTESIAN_POINT('',(3561.46625722429,1359.60566589215,-1674.56683147157));
#13225=CARTESIAN_POINT('',(3550.35082058685,1908.35677603518,-1674.56683147157));
#13226=CARTESIAN_POINT('',(3550.35082058685,1908.35677603518,38.0708948444164));
#13227=CARTESIAN_POINT('',(3561.46625722429,1359.60566589215,38.0708948444164));
#13228=CARTESIAN_POINT('',(3561.46625722429,1359.60566589215,38.0708948444164));
#13229=CARTESIAN_POINT('',(3561.46625722429,1359.60566589215,-1674.56683147157));
#13230=CARTESIAN_POINT('',(3561.46625722429,1359.60566589215,-1674.56683147157));
#13231=CARTESIAN_POINT('',(3561.24781730025,1337.07055117641,-1674.56683147157));
#13232=CARTESIAN_POINT('',(3577.10588009568,1321.05802621537,-1674.56683147157));
#13233=CARTESIAN_POINT('',(3592.96394289111,1305.04550125432,-1674.56683147157));
#13234=CARTESIAN_POINT('',(3615.50011628527,1305.04550125432,-1674.56683147157));
#13235=CARTESIAN_POINT('',(3615.50011628527,1305.04550125432,38.0708948444164));
#13236=CARTESIAN_POINT('',(3592.96394289111,1305.04550125432,38.0708948444165));
#13237=CARTESIAN_POINT('',(3577.10588009568,1321.05802621537,38.0708948444164));
#13238=CARTESIAN_POINT('',(3561.24781730025,1337.07055117641,38.0708948444165));
#13239=CARTESIAN_POINT('',(3561.46625722429,1359.60566589215,38.0708948444164));
#13240=CARTESIAN_POINT('',(3615.50011628527,1305.04550125432,-1674.56683147157));
#13241=CARTESIAN_POINT('',(3615.50011628527,1305.04550125432,38.0708948444164));
#13242=CARTESIAN_POINT('',(2833.67561101171,779.655041163444,-1674.56683147157));
#13243=CARTESIAN_POINT('',(2642.70991593856,598.235882509709,-1674.56683147157));
#13244=CARTESIAN_POINT('',(2642.70991593856,598.235882509709,-1674.56683147157));
#13245=CARTESIAN_POINT('',(2642.70991593856,598.235882509709,38.0708948444164));
#13246=CARTESIAN_POINT('',(2642.70991593856,598.235882509709,38.0708948444164));
#13247=CARTESIAN_POINT('',(2833.67561101171,779.655041163444,38.0708948444164));
#13248=CARTESIAN_POINT('',(9297.03030269906,1974.65705531863,-818.247968313576));
#13249=CARTESIAN_POINT('',(9072.45637893198,1952.93739854628,-1850.96851728212));
#13250=CARTESIAN_POINT('',(9091.98125775314,1904.99676876386,-818.247968313576));
#13251=CARTESIAN_POINT('',(8692.38136144717,1962.67193245916,-1850.96851728212));
#13252=CARTESIAN_POINT('',(8731.96518370757,1907.37572960558,-818.247968313576));
#13253=CARTESIAN_POINT('',(8060.95127520035,1848.3115172574,-1850.96851728212));
#13254=CARTESIAN_POINT('',(8117.40029959895,1912.70007053702,-818.247968313576));
#13255=CARTESIAN_POINT('',(7461.08229574222,2050.67335260129,-1850.96851728212));
#13256=CARTESIAN_POINT('',(7498.41734535572,1942.267155284,-818.247968313576));
#13257=CARTESIAN_POINT('',(8036.74538053417,1839.09477714989,-1850.96851728212));
#13258=CARTESIAN_POINT('',(7981.91281547103,1786.04872667832,-818.247968313576));
#13259=CARTESIAN_POINT('',(7815.57911232247,1704.7237631988,-1850.96851728212));
#13260=CARTESIAN_POINT('',(7845.29249284707,1654.75274498582,-818.247968313576));
#13261=CARTESIAN_POINT('',(7397.52717365575,1550.08457956292,-1850.96851728212));
#13262=CARTESIAN_POINT('',(7460.15720347006,1515.62201740204,-818.247968313576));
#13263=CARTESIAN_POINT('',(7734.68236574422,1113.48436783523,-1850.96851728212));
#13264=CARTESIAN_POINT('',(7231.82843555487,764.409306533988,-818.247968313576));
#13265=CARTESIAN_POINT('',(7078.63734395144,1511.85586159173,-1850.96851728212));
#13266=CARTESIAN_POINT('',(7008.21238009891,1513.75584431189,-818.247968313576));
#13267=CARTESIAN_POINT('',(6584.67856525648,1721.41732049261,-1850.96851728212));
#13268=CARTESIAN_POINT('',(6611.06495139759,1654.75274498581,-818.247968313576));
#13269=CARTESIAN_POINT('',(6440.79339975462,1732.87558739061,-1850.96851728212));
#13270=CARTESIAN_POINT('',(6469.5734232406,1783.4431981374,-818.247968313576));
#13271=CARTESIAN_POINT('',(7010.958400588,1850.21879795379,-1850.96851728212));
#13272=CARTESIAN_POINT('',(6954.64465859288,1942.70150705019,-818.247968313576));
#13273=CARTESIAN_POINT('',(6274.8790266304,1852.54835639786,-1850.96851728212));
#13274=CARTESIAN_POINT('',(6324.57009574585,1922.21591390387,-818.247968313576));
#13275=CARTESIAN_POINT('',(5670.92069884781,1959.820209868,-1850.96851728212));
#13276=CARTESIAN_POINT('',(5727.33764062683,1897.2934669907,-818.247968313576));
#13277=CARTESIAN_POINT('',(4211.88833712656,1958.70647334234,-1850.96851728212));
#13278=CARTESIAN_POINT('',(4354.11081571168,1903.97721411742,-818.247968313576));
#13279=CARTESIAN_POINT('',(4235.32438357446,1292.18200620508,-1850.96851728212));
#13280=CARTESIAN_POINT('',(4188.03669219045,1359.08189751591,-818.247968313576));
#13281=CARTESIAN_POINT('',(3553.10894813743,1305.04550125569,-1850.96851728212));
#13282=CARTESIAN_POINT('',(3553.10894813743,1305.04550125569,214.472580654963));
#13283=CARTESIAN_POINT('',(4250.42822635771,1305.04550125418,-1850.96851728212));
#13284=CARTESIAN_POINT('',(4250.42822635771,1305.04550125418,214.472580654963));
#13285=CARTESIAN_POINT('',(9291.05705545573,1926.06540421395,-1674.56683147157));
#13286=CARTESIAN_POINT('',(9303.0035499424,1926.06540421395,-1674.56683147157));
#13287=CARTESIAN_POINT('',(9303.0035499424,1926.06540421395,38.0708948444164));
#13288=CARTESIAN_POINT('',(9291.05705545573,1926.06540421395,38.0708948444164));
#13289=CARTESIAN_POINT('',(9097.49609243767,1949.85933378405,-1674.56683147157));
#13290=CARTESIAN_POINT('',(9097.49609243767,1949.85933378405,38.0708948444164));
#13291=CARTESIAN_POINT('',(9093.38917617961,1950.17509218885,-1674.56683147157));
#13292=CARTESIAN_POINT('',(9093.38917617961,1950.17509218885,38.0708948444164));
#13293=CARTESIAN_POINT('',(8733.64833430764,1961.38590573018,-1674.56683147157));
#13294=CARTESIAN_POINT('',(8733.64833430764,1961.38590573018,38.0708948444164));
#13295=CARTESIAN_POINT('',(8722.92429692991,1960.65043736851,-1674.56683147157));
#13296=CARTESIAN_POINT('',(8722.92429692991,1960.65043736851,38.0708948444164));
#13297=CARTESIAN_POINT('',(8126.44118637661,1859.42536277408,-1674.56683147157));
#13298=CARTESIAN_POINT('',(8126.44118637661,1859.42536277408,38.0708948444164));
#13299=CARTESIAN_POINT('',(8102.05906180314,1860.88715184056,-1674.56683147157));
#13300=CARTESIAN_POINT('',(8102.05906180314,1860.88715184056,38.0708948444164));
#13301=CARTESIAN_POINT('',(7524.9187708143,2031.77207143889,-1674.56683147157));
#13302=CARTESIAN_POINT('',(7524.9187708143,2031.77207143889,38.0708948444164));
#13303=CARTESIAN_POINT('',(7496.7164064572,1848.93676165955,-1674.56683147157));
#13304=CARTESIAN_POINT('',(7496.7164064572,1848.93676165955,38.0708948444164));
#13305=CARTESIAN_POINT('',(7982.89746092564,1840.07615114296,-1674.56683147157));
#13306=CARTESIAN_POINT('',(7982.89746092564,1840.07615114296,38.0708948444164));
#13307=CARTESIAN_POINT('',(7990.44644679687,1732.69041657251,-1674.56683147157));
#13308=CARTESIAN_POINT('',(7990.44644679687,1732.69041657251,38.0708948444164));
#13309=CARTESIAN_POINT('',(7836.75886152124,1708.11105509162,-1674.56683147157));
#13310=CARTESIAN_POINT('',(7836.75886152124,1708.11105509162,38.0708948444164));
#13311=CARTESIAN_POINT('',(7826.89466052276,1705.56073536842,-1674.56683147157));
#13312=CARTESIAN_POINT('',(7826.89466052276,1705.56073536842,38.0708948444164));
#13313=CARTESIAN_POINT('',(7442.18523764815,1566.25549219051,-1674.56683147157));
#13314=CARTESIAN_POINT('',(7442.18523764815,1566.25549219051,38.0708948444164));
#13315=CARTESIAN_POINT('',(7416.26624233437,1484.63292488153,-1674.56683147157));
#13316=CARTESIAN_POINT('',(7416.26624233437,1484.63292488153,38.0708948444164));
#13317=CARTESIAN_POINT('',(7701.44688270336,1152.22393115023,-1674.56683147157));
#13318=CARTESIAN_POINT('',(7701.44688270336,1152.22393115023,38.0708948444164));
#13319=CARTESIAN_POINT('',(6800.32322903172,1194.22894977031,-1674.56683147157));
#13320=CARTESIAN_POINT('',(6800.32322903172,1194.22894977031,38.0708948444164));
#13321=CARTESIAN_POINT('',(7048.99225708505,1478.02330733998,-1674.56683147157));
#13322=CARTESIAN_POINT('',(7048.99225708505,1478.02330733998,38.0708948444164));
#13323=CARTESIAN_POINT('',(7026.42422522285,1564.82580870032,-1674.56683147157));
#13324=CARTESIAN_POINT('',(7026.42422522285,1564.82580870032,38.0708948444164));
#13325=CARTESIAN_POINT('',(6630.45758255806,1705.18941792948,-1674.56683147157));
#13326=CARTESIAN_POINT('',(6630.45758255806,1705.18941792948,38.0708948444164));
#13327=CARTESIAN_POINT('',(6618.4746897976,1708.27870035138,-1674.56683147157));
#13328=CARTESIAN_POINT('',(6618.4746897976,1708.27870035138,38.0708948444164));
#13329=CARTESIAN_POINT('',(6462.16368484059,1729.91724277183,-1674.56683147157));
#13330=CARTESIAN_POINT('',(6462.16368484059,1729.91724277183,38.0708948444164));
#13331=CARTESIAN_POINT('',(6468.30374551427,1837.46467571276,-1674.56683147157));
#13332=CARTESIAN_POINT('',(6468.30374551427,1837.46467571276,38.0708948444164));
#13333=CARTESIAN_POINT('',(6956.84818894116,1848.94703469261,-1674.56683147157));
#13334=CARTESIAN_POINT('',(6956.84818894116,1848.94703469261,38.0708948444164));
#13335=CARTESIAN_POINT('',(6917.86541872125,2028.96878892599,-1674.56683147157));
#13336=CARTESIAN_POINT('',(6917.86541872125,2028.96878892599,38.0708948444164));
#13337=CARTESIAN_POINT('',(6338.86799339004,1870.1054327709,-1674.56683147157));
#13338=CARTESIAN_POINT('',(6338.86799339005,1870.1054327709,38.0708948444164));
#13339=CARTESIAN_POINT('',(6317.02472756979,1868.7089093153,-1674.56683147157));
#13340=CARTESIAN_POINT('',(6317.02472756979,1868.7089093153,38.0708948444164));
#13341=CARTESIAN_POINT('',(5734.88300880289,1950.80047157927,-1674.56683147157));
#13342=CARTESIAN_POINT('',(5734.88300880289,1950.80047157927,38.0708948444164));
#13343=CARTESIAN_POINT('',(5727.60064257514,1951.32922321682,-1674.56683147157));
#13344=CARTESIAN_POINT('',(5727.60064257514,1951.32922321682,38.0708948444164));
#13345=CARTESIAN_POINT('',(4354.37381765998,1958.01297034353,-1674.56683147157));
#13346=CARTESIAN_POINT('',(4354.37381765998,1958.01297034353,38.0708948444164));
#13347=CARTESIAN_POINT('',(4300.37179628041,1909.63847824477,-1674.56683147157));
#13348=CARTESIAN_POINT('',(4300.37179628041,1909.63847824477,38.0708948444164));
#13349=CARTESIAN_POINT('',(4241.7757116216,1353.42063338869,-1674.56683147157));
#13350=CARTESIAN_POINT('',(4241.7757116216,1353.42063338869,38.0708948444164));
#13351=CARTESIAN_POINT('',(4188.03669219022,1305.04550125432,-1674.56683147157));
#13352=CARTESIAN_POINT('',(4188.03669219022,1305.04550125432,38.0708948444164));
#13353=CARTESIAN_POINT('',(3615.50048230492,1305.04550125556,-1674.56683147157));
#13354=CARTESIAN_POINT('',(3615.50048230492,1305.04550125556,38.0708948444164));
#13355=CARTESIAN_POINT('',(9291.05705545573,1926.06540421395,-1674.56683147157));
#13356=CARTESIAN_POINT('',(9297.03030269907,1925.33112822581,-1674.56683147157));
#13357=CARTESIAN_POINT('',(9303.0035499424,1926.06540421395,-1674.56683147157));
#13358=CARTESIAN_POINT('',(9303.0035499424,1926.06540421395,-1674.56683147157));
#13359=CARTESIAN_POINT('',(9303.0035499424,1926.06540421395,38.0708948444164));
#13360=CARTESIAN_POINT('',(9303.0035499424,1926.06540421395,38.0708948444164));
#13361=CARTESIAN_POINT('',(9297.03030269907,1925.33112822581,38.0708948444164));
#13362=CARTESIAN_POINT('',(9291.05705545573,1926.06540421395,38.0708948444164));
#13363=CARTESIAN_POINT('',(9291.05705545573,1926.06540421395,38.0708948444164));
#13364=CARTESIAN_POINT('',(9291.05705545573,1926.06540421395,-1674.56683147157));
#13365=CARTESIAN_POINT('',(9097.49609243767,1949.85933378405,-1674.56683147157));
#13366=CARTESIAN_POINT('',(9291.05705545573,1926.06540421395,-1674.56683147157));
#13367=CARTESIAN_POINT('',(9291.05705545573,1926.06540421395,38.0708948444164));
#13368=CARTESIAN_POINT('',(9097.49609243767,1949.85933378405,38.0708948444164));
#13369=CARTESIAN_POINT('',(9097.49609243767,1949.85933378405,38.0708948444164));
#13370=CARTESIAN_POINT('',(9097.49609243767,1949.85933378405,-1674.56683147157));
#13371=CARTESIAN_POINT('',(9097.49609243767,1949.85933378405,-1674.56683147157));
#13372=CARTESIAN_POINT('',(9095.44983544442,1950.11087466306,-1674.56683147157));
#13373=CARTESIAN_POINT('',(9093.38917617961,1950.17509218885,-1674.56683147157));
#13374=CARTESIAN_POINT('',(9093.38917617961,1950.17509218885,38.0708948444164));
#13375=CARTESIAN_POINT('',(9095.44983544442,1950.11087466306,38.0708948444166));
#13376=CARTESIAN_POINT('',(9097.49609243767,1949.85933378405,38.0708948444164));
#13377=CARTESIAN_POINT('',(9093.38917617961,1950.17509218885,-1674.56683147157));
#13378=CARTESIAN_POINT('',(9093.38917617961,1950.17509218885,38.0708948444164));
#13379=CARTESIAN_POINT('',(8733.64833430764,1961.38590573018,-1674.56683147157));
#13380=CARTESIAN_POINT('',(9093.38917617961,1950.17509218885,-1674.56683147157));
#13381=CARTESIAN_POINT('',(9093.38917617961,1950.17509218885,38.0708948444164));
#13382=CARTESIAN_POINT('',(8733.64833430764,1961.38590573018,38.0708948444164));
#13383=CARTESIAN_POINT('',(8733.64833430764,1961.38590573018,38.0708948444164));
#13384=CARTESIAN_POINT('',(8733.64833430764,1961.38590573018,-1674.56683147157));
#13385=CARTESIAN_POINT('',(8733.64833430764,1961.38590573018,-1674.56683147157));
#13386=CARTESIAN_POINT('',(8728.24955745716,1961.55415096001,-1674.56683147157));
#13387=CARTESIAN_POINT('',(8722.92429692991,1960.65043736851,-1674.56683147157));
#13388=CARTESIAN_POINT('',(8722.92429692991,1960.65043736851,38.0708948444164));
#13389=CARTESIAN_POINT('',(8728.24955745716,1961.55415096001,38.0708948444165));
#13390=CARTESIAN_POINT('',(8733.64833430764,1961.38590573018,38.0708948444164));
#13391=CARTESIAN_POINT('',(8722.92429692991,1960.65043736851,-1674.56683147157));
#13392=CARTESIAN_POINT('',(8722.92429692991,1960.65043736851,38.0708948444164));
#13393=CARTESIAN_POINT('',(8126.44118637661,1859.42536277408,-1674.56683147157));
#13394=CARTESIAN_POINT('',(8722.92429692991,1960.65043736851,-1674.56683147157));
#13395=CARTESIAN_POINT('',(8722.92429692991,1960.65043736851,38.0708948444164));
#13396=CARTESIAN_POINT('',(8126.44118637661,1859.42536277408,38.0708948444164));
#13397=CARTESIAN_POINT('',(8126.44118637661,1859.42536277408,38.0708948444164));
#13398=CARTESIAN_POINT('',(8126.44118637661,1859.42536277408,-1674.56683147157));
#13399=CARTESIAN_POINT('',(8102.05906180314,1860.88715184056,-1674.56683147157));
#13400=CARTESIAN_POINT('',(8114.08054407213,1857.32772259422,-1674.56683147157));
#13401=CARTESIAN_POINT('',(8126.44118637661,1859.42536277408,-1674.56683147157));
#13402=CARTESIAN_POINT('',(8126.44118637661,1859.42536277408,38.0708948444164));
#13403=CARTESIAN_POINT('',(8114.08054407213,1857.32772259422,38.0708948444165));
#13404=CARTESIAN_POINT('',(8102.05906180314,1860.88715184056,38.0708948444164));
#13405=CARTESIAN_POINT('',(8102.05906180314,1860.88715184056,38.0708948444164));
#13406=CARTESIAN_POINT('',(8102.05906180314,1860.88715184056,-1674.56683147157));
#13407=CARTESIAN_POINT('',(7524.9187708143,2031.77207143889,-1674.56683147157));
#13408=CARTESIAN_POINT('',(8102.05906180314,1860.88715184056,-1674.56683147157));
#13409=CARTESIAN_POINT('',(8102.05906180314,1860.88715184056,38.0708948444164));
#13410=CARTESIAN_POINT('',(7524.9187708143,2031.77207143889,38.0708948444164));
#13411=CARTESIAN_POINT('',(7524.9187708143,2031.77207143889,38.0708948444164));
#13412=CARTESIAN_POINT('',(7524.9187708143,2031.77207143889,-1674.56683147157));
#13413=CARTESIAN_POINT('',(7524.9187708143,2031.77207143889,-1674.56683147157));
#13414=CARTESIAN_POINT('',(7484.25881631514,2043.81103867778,-1674.56683147157));
#13415=CARTESIAN_POINT('',(7448.44291299477,2021.10884271794,-1674.56683147157));
#13416=CARTESIAN_POINT('',(7412.62700967441,1998.40664675811,-1674.56683147157));
#13417=CARTESIAN_POINT('',(7406.16251535246,1956.49747180543,-1674.56683147157));
#13418=CARTESIAN_POINT('',(7399.69802103051,1914.58829685275,-1674.56683147157));
#13419=CARTESIAN_POINT('',(7427.00832478232,1882.1488772982,-1674.56683147157));
#13420=CARTESIAN_POINT('',(7454.31862853413,1849.70945774364,-1674.56683147157));
#13421=CARTESIAN_POINT('',(7496.7164064572,1848.93676165955,-1674.56683147157));
#13422=CARTESIAN_POINT('',(7496.7164064572,1848.93676165955,38.0708948444164));
#13423=CARTESIAN_POINT('',(7454.31862853413,1849.70945774364,38.0708948444167));
#13424=CARTESIAN_POINT('',(7427.00832478232,1882.1488772982,38.0708948444164));
#13425=CARTESIAN_POINT('',(7399.69802103051,1914.58829685275,38.0708948444167));
#13426=CARTESIAN_POINT('',(7406.16251535246,1956.49747180543,38.0708948444164));
#13427=CARTESIAN_POINT('',(7412.62700967441,1998.40664675811,38.0708948444167));
#13428=CARTESIAN_POINT('',(7448.44291299477,2021.10884271794,38.0708948444164));
#13429=CARTESIAN_POINT('',(7484.25881631514,2043.81103867778,38.0708948444167));
#13430=CARTESIAN_POINT('',(7524.9187708143,2031.77207143889,38.0708948444164));
#13431=CARTESIAN_POINT('',(7496.7164064572,1848.93676165955,-1674.56683147157));
#13432=CARTESIAN_POINT('',(7496.7164064572,1848.93676165955,38.0708948444164));
#13433=CARTESIAN_POINT('',(7982.89746092564,1840.07615114296,-1674.56683147157));
#13434=CARTESIAN_POINT('',(7496.7164064572,1848.93676165955,-1674.56683147157));
#13435=CARTESIAN_POINT('',(7496.7164064572,1848.93676165955,38.0708948444164));
#13436=CARTESIAN_POINT('',(7982.89746092564,1840.07615114296,38.0708948444164));
#13437=CARTESIAN_POINT('',(7982.89746092564,1840.07615114296,38.0708948444164));
#13438=CARTESIAN_POINT('',(7982.89746092564,1840.07615114296,-1674.56683147157));
#13439=CARTESIAN_POINT('',(7990.44644679687,1732.69041657251,-1674.56683147157));
#13440=CARTESIAN_POINT('',(8039.28446442042,1740.50111440491,-1674.56683147157));
#13441=CARTESIAN_POINT('',(8035.81618638164,1789.83801756546,-1674.56683147157));
#13442=CARTESIAN_POINT('',(8032.34790834285,1839.174920726,-1674.56683147157));
#13443=CARTESIAN_POINT('',(7982.89746092564,1840.07615114296,-1674.56683147157));
#13444=CARTESIAN_POINT('',(7982.89746092564,1840.07615114296,38.0708948444164));
#13445=CARTESIAN_POINT('',(8032.34790834285,1839.174920726,38.0708948444165));
#13446=CARTESIAN_POINT('',(8035.81618638164,1789.83801756546,38.0708948444164));
#13447=CARTESIAN_POINT('',(8039.28446442042,1740.50111440491,38.0708948444165));
#13448=CARTESIAN_POINT('',(7990.44644679687,1732.69041657251,38.0708948444164));
#13449=CARTESIAN_POINT('',(7990.44644679687,1732.69041657251,38.0708948444164));
#13450=CARTESIAN_POINT('',(7990.44644679687,1732.69041657251,-1674.56683147157));
#13451=CARTESIAN_POINT('',(7836.75886152124,1708.11105509162,-1674.56683147157));
#13452=CARTESIAN_POINT('',(7990.44644679687,1732.69041657251,-1674.56683147157));
#13453=CARTESIAN_POINT('',(7990.44644679687,1732.69041657251,38.0708948444164));
#13454=CARTESIAN_POINT('',(7836.75886152124,1708.11105509162,38.0708948444164));
#13455=CARTESIAN_POINT('',(7836.75886152124,1708.11105509162,38.0708948444164));
#13456=CARTESIAN_POINT('',(7836.75886152124,1708.11105509162,-1674.56683147157));
#13457=CARTESIAN_POINT('',(7836.75886152124,1708.11105509162,-1674.56683147157));
#13458=CARTESIAN_POINT('',(7831.70600763899,1707.30294868628,-1674.56683147157));
#13459=CARTESIAN_POINT('',(7826.89466052276,1705.56073536842,-1674.56683147157));
#13460=CARTESIAN_POINT('',(7826.89466052276,1705.56073536842,38.0708948444164));
#13461=CARTESIAN_POINT('',(7831.70600763899,1707.30294868628,38.0708948444165));
#13462=CARTESIAN_POINT('',(7836.75886152124,1708.11105509162,38.0708948444164));
#13463=CARTESIAN_POINT('',(7826.89466052276,1705.56073536842,-1674.56683147157));
#13464=CARTESIAN_POINT('',(7826.89466052276,1705.56073536842,38.0708948444164));
#13465=CARTESIAN_POINT('',(7442.18523764815,1566.25549219051,-1674.56683147157));
#13466=CARTESIAN_POINT('',(7826.89466052276,1705.56073536842,-1674.56683147157));
#13467=CARTESIAN_POINT('',(7826.89466052276,1705.56073536842,38.0708948444164));
#13468=CARTESIAN_POINT('',(7442.18523764815,1566.25549219051,38.0708948444164));
#13469=CARTESIAN_POINT('',(7442.18523764815,1566.25549219051,38.0708948444164));
#13470=CARTESIAN_POINT('',(7442.18523764815,1566.25549219051,-1674.56683147157));
#13471=CARTESIAN_POINT('',(7442.18523764815,1566.25549219051,-1674.56683147157));
#13472=CARTESIAN_POINT('',(7417.02798676323,1557.32611780003,-1674.56683147157));
#13473=CARTESIAN_POINT('',(7408.94864650477,1531.88313723406,-1674.56683147157));
#13474=CARTESIAN_POINT('',(7400.86930624631,1506.44015666809,-1674.56683147157));
#13475=CARTESIAN_POINT('',(7416.26624233437,1484.63292488153,-1674.56683147157));
#13476=CARTESIAN_POINT('',(7416.26624233437,1484.63292488153,38.0708948444164));
#13477=CARTESIAN_POINT('',(7400.86930624632,1506.44015666809,38.0708948444166));
#13478=CARTESIAN_POINT('',(7408.94864650477,1531.88313723406,38.0708948444164));
#13479=CARTESIAN_POINT('',(7417.02798676323,1557.32611780003,38.0708948444166));
#13480=CARTESIAN_POINT('',(7442.18523764815,1566.25549219051,38.0708948444164));
#13481=CARTESIAN_POINT('',(7416.26624233437,1484.63292488153,-1674.56683147157));
#13482=CARTESIAN_POINT('',(7416.26624233437,1484.63292488153,38.0708948444164));
#13483=CARTESIAN_POINT('',(7701.44688270336,1152.22393115023,-1674.56683147157));
#13484=CARTESIAN_POINT('',(7416.26624233437,1484.63292488153,-1674.56683147157));
#13485=CARTESIAN_POINT('',(7416.26624233437,1484.63292488153,38.0708948444164));
#13486=CARTESIAN_POINT('',(7701.44688270336,1152.22393115023,38.0708948444164));
#13487=CARTESIAN_POINT('',(7701.44688270336,1152.22393115023,38.0708948444164));
#13488=CARTESIAN_POINT('',(7701.44688270336,1152.22393115023,-1674.56683147157));
#13489=CARTESIAN_POINT('',(6800.32322903172,1194.22894977031,-1674.56683147157));
#13490=CARTESIAN_POINT('',(6520.61073873083,913.419550307783,-1674.56683147157));
#13491=CARTESIAN_POINT('',(6664.08000615561,543.947541406661,-1674.56683147157));
#13492=CARTESIAN_POINT('',(6807.54927358039,174.475532505539,-1674.56683147157));
#13493=CARTESIAN_POINT('',(7203.46895433502,156.020114656508,-1674.56683147157));
#13494=CARTESIAN_POINT('',(7599.38863508965,137.564696807478,-1674.56683147157));
#13495=CARTESIAN_POINT('',(7776.60626160166,492.088192376224,-1674.56683147157));
#13496=CARTESIAN_POINT('',(7953.82388811368,846.611687944969,-1674.56683147157));
#13497=CARTESIAN_POINT('',(7701.44688270336,1152.22393115023,-1674.56683147157));
#13498=CARTESIAN_POINT('',(7701.44688270336,1152.22393115023,38.0708948444164));
#13499=CARTESIAN_POINT('',(7953.82388811368,846.611687944969,38.0708948444164));
#13500=CARTESIAN_POINT('',(7776.60626160166,492.088192376224,38.0708948444164));
#13501=CARTESIAN_POINT('',(7599.38863508965,137.564696807478,38.0708948444164));
#13502=CARTESIAN_POINT('',(7203.46895433502,156.020114656508,38.0708948444164));
#13503=CARTESIAN_POINT('',(6807.54927358039,174.475532505539,38.0708948444164));
#13504=CARTESIAN_POINT('',(6664.08000615561,543.947541406661,38.0708948444164));
#13505=CARTESIAN_POINT('',(6520.61073873083,913.419550307783,38.0708948444164));
#13506=CARTESIAN_POINT('',(6800.32322903172,1194.22894977031,38.0708948444164));
#13507=CARTESIAN_POINT('',(6800.32322903172,1194.22894977031,38.0708948444164));
#13508=CARTESIAN_POINT('',(6800.32322903172,1194.22894977031,-1674.56683147157));
#13509=CARTESIAN_POINT('',(7048.99225708505,1478.02330733998,-1674.56683147157));
#13510=CARTESIAN_POINT('',(6800.32322903172,1194.22894977031,-1674.56683147157));
#13511=CARTESIAN_POINT('',(6800.32322903172,1194.22894977031,38.0708948444164));
#13512=CARTESIAN_POINT('',(7048.99225708505,1478.02330733998,38.0708948444164));
#13513=CARTESIAN_POINT('',(7048.99225708505,1478.02330733998,38.0708948444164));
#13514=CARTESIAN_POINT('',(7048.99225708505,1478.02330733998,-1674.56683147157));
#13515=CARTESIAN_POINT('',(7048.99225708505,1478.02330733998,-1674.56683147157));
#13516=CARTESIAN_POINT('',(7067.91151675379,1499.6149755321,-1674.56683147157));
#13517=CARTESIAN_POINT('',(7060.68784465123,1527.3990911935,-1674.56683147157));
#13518=CARTESIAN_POINT('',(7053.46417254866,1555.1832068549,-1674.56683147157));
#13519=CARTESIAN_POINT('',(7026.42422522285,1564.82580870032,-1674.56683147157));
#13520=CARTESIAN_POINT('',(7026.42422522285,1564.82580870032,38.0708948444164));
#13521=CARTESIAN_POINT('',(7053.46417254866,1555.1832068549,38.0708948444166));
#13522=CARTESIAN_POINT('',(7060.68784465123,1527.3990911935,38.0708948444164));
#13523=CARTESIAN_POINT('',(7067.91151675379,1499.6149755321,38.0708948444166));
#13524=CARTESIAN_POINT('',(7048.99225708505,1478.02330733998,38.0708948444164));
#13525=CARTESIAN_POINT('',(7026.42422522285,1564.82580870032,-1674.56683147157));
#13526=CARTESIAN_POINT('',(7026.42422522285,1564.82580870032,38.0708948444164));
#13527=CARTESIAN_POINT('',(6630.45758255806,1705.18941792948,-1674.56683147157));
#13528=CARTESIAN_POINT('',(7026.42422522285,1564.82580870032,-1674.56683147157));
#13529=CARTESIAN_POINT('',(7026.42422522285,1564.82580870032,38.0708948444164));
#13530=CARTESIAN_POINT('',(6630.45758255806,1705.18941792948,38.0708948444164));
#13531=CARTESIAN_POINT('',(6630.45758255806,1705.18941792948,38.0708948444164));
#13532=CARTESIAN_POINT('',(6630.45758255806,1705.18941792948,-1674.56683147157));
#13533=CARTESIAN_POINT('',(6630.45758255806,1705.18941792948,-1674.56683147157));
#13534=CARTESIAN_POINT('',(6624.64417390432,1707.42464248391,-1674.56683147157));
#13535=CARTESIAN_POINT('',(6618.4746897976,1708.27870035138,-1674.56683147157));
#13536=CARTESIAN_POINT('',(6618.4746897976,1708.27870035138,38.0708948444164));
#13537=CARTESIAN_POINT('',(6624.64417390432,1707.42464248391,38.0708948444163));
#13538=CARTESIAN_POINT('',(6630.45758255806,1705.18941792948,38.0708948444164));
#13539=CARTESIAN_POINT('',(6618.4746897976,1708.27870035138,-1674.56683147157));
#13540=CARTESIAN_POINT('',(6618.4746897976,1708.27870035138,38.0708948444164));
#13541=CARTESIAN_POINT('',(6462.16368484059,1729.91724277183,-1674.56683147157));
#13542=CARTESIAN_POINT('',(6618.4746897976,1708.27870035138,-1674.56683147157));
#13543=CARTESIAN_POINT('',(6618.4746897976,1708.27870035138,38.0708948444164));
#13544=CARTESIAN_POINT('',(6462.16368484059,1729.91724277183,38.0708948444164));
#13545=CARTESIAN_POINT('',(6462.16368484059,1729.91724277183,38.0708948444164));
#13546=CARTESIAN_POINT('',(6462.16368484059,1729.91724277183,-1674.56683147157));
#13547=CARTESIAN_POINT('',(6468.30374551427,1837.46467571276,-1674.56683147157));
#13548=CARTESIAN_POINT('',(6418.46633573729,1836.29333697913,-1674.56683147157));
#13549=CARTESIAN_POINT('',(6415.62487692915,1786.52320979878,-1674.56683147157));
#13550=CARTESIAN_POINT('',(6412.783418121,1736.75308261842,-1674.56683147157));
#13551=CARTESIAN_POINT('',(6462.16368484059,1729.91724277183,-1674.56683147157));
#13552=CARTESIAN_POINT('',(6462.16368484059,1729.91724277183,38.0708948444164));
#13553=CARTESIAN_POINT('',(6412.783418121,1736.75308261842,38.0708948444166));
#13554=CARTESIAN_POINT('',(6415.62487692915,1786.52320979878,38.0708948444164));
#13555=CARTESIAN_POINT('',(6418.46633573729,1836.29333697913,38.0708948444166));
#13556=CARTESIAN_POINT('',(6468.30374551427,1837.46467571276,38.0708948444164));
#13557=CARTESIAN_POINT('',(6468.30374551427,1837.46467571276,38.0708948444164));
#13558=CARTESIAN_POINT('',(6468.30374551427,1837.46467571276,-1674.56683147157));
#13559=CARTESIAN_POINT('',(6956.84818894116,1848.94703469261,-1674.56683147157));
#13560=CARTESIAN_POINT('',(6468.30374551427,1837.46467571276,-1674.56683147157));
#13561=CARTESIAN_POINT('',(6468.30374551427,1837.46467571276,38.0708948444164));
#13562=CARTESIAN_POINT('',(6956.84818894116,1848.94703469261,38.0708948444164));
#13563=CARTESIAN_POINT('',(6956.84818894116,1848.94703469261,38.0708948444164));
#13564=CARTESIAN_POINT('',(6956.84818894116,1848.94703469261,-1674.56683147157));
#13565=CARTESIAN_POINT('',(6956.84818894116,1848.94703469261,-1674.56683147157));
#13566=CARTESIAN_POINT('',(7001.00170834221,1849.9847837998,-1674.56683147157));
#13567=CARTESIAN_POINT('',(7028.32480466079,1884.68433143767,-1674.56683147157));
#13568=CARTESIAN_POINT('',(7055.64790097937,1919.38387907555,-1674.56683147157));
#13569=CARTESIAN_POINT('',(7046.30068908059,1962.54914090062,-1674.56683147157));
#13570=CARTESIAN_POINT('',(7036.95347718181,2005.71440272569,-1674.56683147157));
#13571=CARTESIAN_POINT('',(6997.72316771856,2026.00215809994,-1674.56683147157));
#13572=CARTESIAN_POINT('',(6958.49285825531,2046.28991347419,-1674.56683147157));
#13573=CARTESIAN_POINT('',(6917.86541872125,2028.96878892599,-1674.56683147157));
#13574=CARTESIAN_POINT('',(6917.86541872125,2028.96878892599,38.0708948444164));
#13575=CARTESIAN_POINT('',(6958.49285825531,2046.28991347419,38.0708948444165));
#13576=CARTESIAN_POINT('',(6997.72316771856,2026.00215809994,38.0708948444164));
#13577=CARTESIAN_POINT('',(7036.95347718181,2005.71440272569,38.0708948444165));
#13578=CARTESIAN_POINT('',(7046.30068908059,1962.54914090062,38.0708948444164));
#13579=CARTESIAN_POINT('',(7055.64790097937,1919.38387907555,38.0708948444165));
#13580=CARTESIAN_POINT('',(7028.32480466079,1884.68433143767,38.0708948444164));
#13581=CARTESIAN_POINT('',(7001.00170834221,1849.9847837998,38.0708948444165));
#13582=CARTESIAN_POINT('',(6956.84818894116,1848.94703469261,38.0708948444164));
#13583=CARTESIAN_POINT('',(6338.86799339004,1870.1054327709,-1674.56683147157));
#13584=CARTESIAN_POINT('',(6917.86541872125,2028.96878892599,-1674.56683147157));
#13585=CARTESIAN_POINT('',(6917.86541872125,2028.96878892599,-1674.56683147157));
#13586=CARTESIAN_POINT('',(6917.86541872125,2028.96878892599,38.0708948444164));
#13587=CARTESIAN_POINT('',(6917.86541872125,2028.96878892599,38.0708948444164));
#13588=CARTESIAN_POINT('',(6338.86799339005,1870.1054327709,38.0708948444164));
#13589=CARTESIAN_POINT('',(6338.86799339005,1870.1054327709,38.0708948444164));
#13590=CARTESIAN_POINT('',(6338.86799339004,1870.1054327709,-1674.56683147157));
#13591=CARTESIAN_POINT('',(6317.02472756979,1868.7089093153,-1674.56683147157));
#13592=CARTESIAN_POINT('',(6328.09077138336,1867.14841503108,-1674.56683147157));
#13593=CARTESIAN_POINT('',(6338.86799339004,1870.1054327709,-1674.56683147157));
#13594=CARTESIAN_POINT('',(6338.86799339005,1870.1054327709,38.0708948444164));
#13595=CARTESIAN_POINT('',(6328.09077138336,1867.14841503108,38.0708948444166));
#13596=CARTESIAN_POINT('',(6317.02472756979,1868.7089093153,38.0708948444164));
#13597=CARTESIAN_POINT('',(6317.02472756979,1868.7089093153,38.0708948444164));
#13598=CARTESIAN_POINT('',(6317.02472756979,1868.7089093153,-1674.56683147157));
#13599=CARTESIAN_POINT('',(5734.88300880289,1950.80047157927,-1674.56683147157));
#13600=CARTESIAN_POINT('',(6317.02472756979,1868.7089093153,-1674.56683147157));
#13601=CARTESIAN_POINT('',(6317.02472756979,1868.7089093153,38.0708948444164));
#13602=CARTESIAN_POINT('',(5734.88300880289,1950.80047157927,38.0708948444164));
#13603=CARTESIAN_POINT('',(5734.88300880289,1950.80047157927,38.0708948444164));
#13604=CARTESIAN_POINT('',(5734.88300880289,1950.80047157927,-1674.56683147157));
#13605=CARTESIAN_POINT('',(5734.88300880289,1950.80047157927,-1674.56683147157));
#13606=CARTESIAN_POINT('',(5731.25972816352,1951.31141377533,-1674.56683147157));
#13607=CARTESIAN_POINT('',(5727.60064257514,1951.32922321682,-1674.56683147157));
#13608=CARTESIAN_POINT('',(5727.60064257514,1951.32922321682,38.0708948444164));
#13609=CARTESIAN_POINT('',(5731.25972816352,1951.31141377533,38.0708948444166));
#13610=CARTESIAN_POINT('',(5734.88300880289,1950.80047157927,38.0708948444164));
#13611=CARTESIAN_POINT('',(5727.60064257514,1951.32922321682,-1674.56683147157));
#13612=CARTESIAN_POINT('',(5727.60064257514,1951.32922321682,38.0708948444164));
#13613=CARTESIAN_POINT('',(4354.37381765998,1958.01297034353,-1674.56683147157));
#13614=CARTESIAN_POINT('',(5727.60064257514,1951.32922321682,-1674.56683147157));
#13615=CARTESIAN_POINT('',(5727.60064257514,1951.32922321682,38.0708948444164));
#13616=CARTESIAN_POINT('',(4354.37381765998,1958.01297034353,38.0708948444164));
#13617=CARTESIAN_POINT('',(4354.37381765998,1958.01297034353,38.0708948444164));
#13618=CARTESIAN_POINT('',(4354.37381765998,1958.01297034353,-1674.56683147157));
#13619=CARTESIAN_POINT('',(4354.37381765998,1958.01297034353,-1674.56683147157));
#13620=CARTESIAN_POINT('',(4305.49298498682,1958.25088233229,-1674.56683147157));
#13621=CARTESIAN_POINT('',(4300.37179628041,1909.63847824477,-1674.56683147157));
#13622=CARTESIAN_POINT('',(4300.37179628041,1909.63847824477,38.0708948444164));
#13623=CARTESIAN_POINT('',(4305.49298498682,1958.25088233229,38.0708948444166));
#13624=CARTESIAN_POINT('',(4354.37381765998,1958.01297034353,38.0708948444164));
#13625=CARTESIAN_POINT('',(4300.37179628041,1909.63847824477,-1674.56683147157));
#13626=CARTESIAN_POINT('',(4300.37179628041,1909.63847824477,38.0708948444164));
#13627=CARTESIAN_POINT('',(4241.7757116216,1353.42063338869,-1674.56683147157));
#13628=CARTESIAN_POINT('',(4300.37179628041,1909.63847824477,-1674.56683147157));
#13629=CARTESIAN_POINT('',(4300.37179628041,1909.63847824477,38.0708948444164));
#13630=CARTESIAN_POINT('',(4241.7757116216,1353.42063338869,38.0708948444164));
#13631=CARTESIAN_POINT('',(4241.7757116216,1353.42063338869,38.0708948444164));
#13632=CARTESIAN_POINT('',(4241.7757116216,1353.42063338869,-1674.56683147157));
#13633=CARTESIAN_POINT('',(4188.03669219022,1305.04550125432,-1674.56683147157));
#13634=CARTESIAN_POINT('',(4236.67951889047,1305.04550125411,-1674.56683147157));
#13635=CARTESIAN_POINT('',(4241.7757116216,1353.42063338869,-1674.56683147157));
#13636=CARTESIAN_POINT('',(4241.7757116216,1353.42063338869,38.0708948444164));
#13637=CARTESIAN_POINT('',(4236.67951889047,1305.04550125411,38.0708948444164));
#13638=CARTESIAN_POINT('',(4188.03669219022,1305.04550125432,38.0708948444164));
#13639=CARTESIAN_POINT('',(4188.03669219022,1305.04550125432,38.0708948444164));
#13640=CARTESIAN_POINT('',(4188.03669219022,1305.04550125432,-1674.56683147157));
#13641=CARTESIAN_POINT('',(3615.50048230492,1305.04550125556,-1674.56683147157));
#13642=CARTESIAN_POINT('',(4188.03669219022,1305.04550125432,-1674.56683147157));
#13643=CARTESIAN_POINT('',(4188.03669219022,1305.04550125432,38.0708948444164));
#13644=CARTESIAN_POINT('',(3615.50048230492,1305.04550125556,38.0708948444164));
#13645=CARTESIAN_POINT('',(3615.50048230492,1305.04550125556,38.0708948444164));
#13646=CARTESIAN_POINT('',(3615.50048230492,1305.04550125556,-1674.56683147157));
#13647=CARTESIAN_POINT('',(9502.40864487305,1909.18827119926,-818.247968313576));
#13648=CARTESIAN_POINT('',(9915.0886885437,1950.34761863025,-1850.96851728212));
#13649=CARTESIAN_POINT('',(9521.03186127268,1957.53037016898,-1850.96851728212));
#13650=CARTESIAN_POINT('',(9502.85145615606,1954.38635810518,-1674.56683147157));
#13651=CARTESIAN_POINT('',(9495.97698507092,1953.92859857823,-1674.56683147157));
#13652=CARTESIAN_POINT('',(9495.97698507092,1953.92859857823,38.0708948444164));
#13653=CARTESIAN_POINT('',(9502.85145615606,1954.38635810518,38.0708948444164));
#13654=CARTESIAN_POINT('',(9872.89643831347,1950.76098135723,-1674.56683147157));
#13655=CARTESIAN_POINT('',(9872.89643831347,1950.76098135723,38.0708948444164));
#13656=CARTESIAN_POINT('',(9303.0035499424,1926.18764185516,-1674.56683147157));
#13657=CARTESIAN_POINT('',(9303.0035499424,1926.18764185516,38.0708948444164));
#13658=CARTESIAN_POINT('',(9502.85145615606,1954.38635810518,-1674.56683147157));
#13659=CARTESIAN_POINT('',(9499.39672611652,1954.42020452538,-1674.56683147157));
#13660=CARTESIAN_POINT('',(9495.97698507092,1953.92859857823,-1674.56683147157));
#13661=CARTESIAN_POINT('',(9495.97698507092,1953.92859857823,-1674.56683147157));
#13662=CARTESIAN_POINT('',(9495.97698507092,1953.92859857823,38.0708948444164));
#13663=CARTESIAN_POINT('',(9495.97698507092,1953.92859857823,38.0708948444164));
#13664=CARTESIAN_POINT('',(9499.39672611652,1954.42020452538,38.0708948444166));
#13665=CARTESIAN_POINT('',(9502.85145615606,1954.38635810518,38.0708948444164));
#13666=CARTESIAN_POINT('',(9502.85145615606,1954.38635810518,38.0708948444164));
#13667=CARTESIAN_POINT('',(9502.85145615606,1954.38635810518,-1674.56683147157));
#13668=CARTESIAN_POINT('',(9872.89643831347,1950.76098135723,-1674.56683147157));
#13669=CARTESIAN_POINT('',(9502.85145615606,1954.38635810518,-1674.56683147157));
#13670=CARTESIAN_POINT('',(9502.85145615606,1954.38635810518,38.0708948444164));
#13671=CARTESIAN_POINT('',(9872.89643831347,1950.76098135723,38.0708948444164));
#13672=CARTESIAN_POINT('',(9872.89643831347,1950.76098135723,38.0708948444164));
#13673=CARTESIAN_POINT('',(9872.89643831347,1950.76098135723,-1674.56683147157));
#13674=CARTESIAN_POINT('',(9495.97698507092,1953.92859857823,-1674.56683147157));
#13675=CARTESIAN_POINT('',(9303.0035499424,1926.18764185516,-1674.56683147157));
#13676=CARTESIAN_POINT('',(9303.0035499424,1926.18764185516,-1674.56683147157));
#13677=CARTESIAN_POINT('',(9303.0035499424,1926.18764185516,38.0708948444164));
#13678=CARTESIAN_POINT('',(9303.0035499424,1926.18764185516,38.0708948444164));
#13679=CARTESIAN_POINT('',(9495.97698507092,1953.92859857823,38.0708948444164));
#13680=CARTESIAN_POINT('',(9872.39369768388,1899.44586013321,-818.247968313576));
#13681=CARTESIAN_POINT('',(9932.67178620299,1657.09005709934,-1850.96851728212));
#13682=CARTESIAN_POINT('',(9982.95873489864,1686.01908747687,-818.247968313576));
#13683=CARTESIAN_POINT('',(10290.6428689532,1639.51088105352,-1850.96851728212));
#13684=CARTESIAN_POINT('',(10258.8049086875,1587.68870601949,-818.247968313576));
#13685=CARTESIAN_POINT('',(10304.6758316114,1240.72583165105,-1850.96851728212));
#13686=CARTESIAN_POINT('',(10253.9337031545,1277.74409349945,-818.247968313576));
#13687=CARTESIAN_POINT('',(9890.30544482166,1238.53200010071,-1850.96851728212));
#13688=CARTESIAN_POINT('',(9926.316810096,1185.98417531918,-818.247968313576));
#13689=CARTESIAN_POINT('',(10203.9607780853,946.599528317574,-1850.96851728212));
#13690=CARTESIAN_POINT('',(10143.0288143909,924.751618129409,-818.247968313576));
#13691=CARTESIAN_POINT('',(10013.6469905256,859.408876837249,-1850.96851728212));
#13692=CARTESIAN_POINT('',(10036.4287119123,810.221646178475,-818.247968313576));
#13693=CARTESIAN_POINT('',(9948.58968472889,478.593271961385,-1850.96851728212));
#13694=CARTESIAN_POINT('',(10087.7462957835,499.597330560809,-818.247968313576));
#13695=CARTESIAN_POINT('',(9923.6765140341,1901.33455321734,-1674.56683147157));
#13696=CARTESIAN_POINT('',(9872.39369768388,1950.7634440044,-1674.56683147157));
#13697=CARTESIAN_POINT('',(9872.39369768388,1950.7634440044,38.0708948444164));
#13698=CARTESIAN_POINT('',(9923.6765140341,1901.33455321734,38.0708948444164));
#13699=CARTESIAN_POINT('',(9931.67591854842,1684.13039439273,-1674.56683147157));
#13700=CARTESIAN_POINT('',(9931.67591854842,1684.13039439273,38.0708948444164));
#13701=CARTESIAN_POINT('',(9983.76182441696,1634.70778792597,-1674.56683147157));
#13702=CARTESIAN_POINT('',(9983.76182441696,1634.70778792597,38.0708948444164));
#13703=CARTESIAN_POINT('',(10258.0018191692,1639.00000557038,-1674.56683147157));
#13704=CARTESIAN_POINT('',(10258.0018191692,1639.00000557038,38.0708948444164));
#13705=CARTESIAN_POINT('',(10310.1161558975,1586.88227925412,-1674.56683147157));
#13706=CARTESIAN_POINT('',(10310.1161558975,1586.88227925412,38.0708948444164));
#13707=CARTESIAN_POINT('',(10305.2449503645,1276.93766673409,-1674.56683147157));
#13708=CARTESIAN_POINT('',(10305.2449503645,1276.93766673409,38.0708948444164));
#13709=CARTESIAN_POINT('',(10252.2222191834,1226.45505727343,-1674.56683147157));
#13710=CARTESIAN_POINT('',(10252.2222191834,1226.45505727343,38.0708948444164));
#13711=CARTESIAN_POINT('',(9928.02829406703,1237.27321154519,-1674.56683147157));
#13712=CARTESIAN_POINT('',(9928.02829406703,1237.27321154519,38.0708948444164));
#13713=CARTESIAN_POINT('',(9898.5771948968,1142.81001449378,-1674.56683147157));
#13714=CARTESIAN_POINT('',(9898.5771948968,1142.81001449378,38.0708948444164));
#13715=CARTESIAN_POINT('',(10170.7684295901,967.925778954802,-1674.56683147157));
#13716=CARTESIAN_POINT('',(10170.7684295901,967.925778954802,38.0708948444164));
#13717=CARTESIAN_POINT('',(10148.4468539767,873.720850337581,-1674.56683147157));
#13718=CARTESIAN_POINT('',(10148.4468539767,873.720850337581,38.0708948444164));
#13719=CARTESIAN_POINT('',(10031.0106723265,861.252413970303,-1674.56683147157));
#13720=CARTESIAN_POINT('',(10031.0106723265,861.252413970303,38.0708948444164));
#13721=CARTESIAN_POINT('',(9985.41443214837,815.792792787731,-1674.56683147157));
#13722=CARTESIAN_POINT('',(9985.41443214837,815.792792787731,38.0708948444164));
#13723=CARTESIAN_POINT('',(9952.49651654178,514.367633160624,-1674.56683147157));
#13724=CARTESIAN_POINT('',(9952.49651654178,514.367633160624,38.0708948444164));
#13725=CARTESIAN_POINT('',(10223.7975224403,500.45076422441,-1674.56683147157));
#13726=CARTESIAN_POINT('',(10223.7975224403,500.45076422441,38.0708948444164));
#13727=CARTESIAN_POINT('',(9923.6765140341,1901.33455321734,-1674.56683147157));
#13728=CARTESIAN_POINT('',(9921.85609911093,1950.7634440044,-1674.56683147157));
#13729=CARTESIAN_POINT('',(9872.39369768388,1950.7634440044,-1674.56683147157));
#13730=CARTESIAN_POINT('',(9872.39369768388,1950.76344400439,-1674.56683147157));
#13731=CARTESIAN_POINT('',(9872.39369768388,1950.76344400439,38.0708948444164));
#13732=CARTESIAN_POINT('',(9872.39369768388,1950.7634440044,38.0708948444164));
#13733=CARTESIAN_POINT('',(9921.85609911093,1950.7634440044,38.0708948444166));
#13734=CARTESIAN_POINT('',(9923.6765140341,1901.33455321734,38.0708948444164));
#13735=CARTESIAN_POINT('',(9923.6765140341,1901.33455321734,38.0708948444164));
#13736=CARTESIAN_POINT('',(9923.6765140341,1901.33455321734,-1674.56683147157));
#13737=CARTESIAN_POINT('',(9931.67591854842,1684.13039439273,-1674.56683147157));
#13738=CARTESIAN_POINT('',(9923.6765140341,1901.33455321734,-1674.56683147157));
#13739=CARTESIAN_POINT('',(9923.6765140341,1901.33455321734,38.0708948444164));
#13740=CARTESIAN_POINT('',(9931.67591854842,1684.13039439273,38.0708948444164));
#13741=CARTESIAN_POINT('',(9931.67591854842,1684.13039439273,38.0708948444164));
#13742=CARTESIAN_POINT('',(9931.67591854842,1684.13039439273,-1674.56683147157));
#13743=CARTESIAN_POINT('',(9931.67591854842,1684.13039439273,-1674.56683147157));
#13744=CARTESIAN_POINT('',(9933.52505959755,1633.92151629352,-1674.56683147157));
#13745=CARTESIAN_POINT('',(9983.76182441696,1634.70778792597,-1674.56683147157));
#13746=CARTESIAN_POINT('',(9983.76182441696,1634.70778792597,38.0708948444164));
#13747=CARTESIAN_POINT('',(9933.52505959755,1633.92151629352,38.0708948444166));
#13748=CARTESIAN_POINT('',(9931.67591854842,1684.13039439273,38.0708948444164));
#13749=CARTESIAN_POINT('',(9983.76182441696,1634.70778792597,-1674.56683147157));
#13750=CARTESIAN_POINT('',(9983.76182441696,1634.70778792597,38.0708948444164));
#13751=CARTESIAN_POINT('',(10258.0018191692,1639.00000557038,-1674.56683147157));
#13752=CARTESIAN_POINT('',(9983.76182441696,1634.70778792597,-1674.56683147157));
#13753=CARTESIAN_POINT('',(9983.76182441696,1634.70778792597,38.0708948444164));
#13754=CARTESIAN_POINT('',(10258.0018191692,1639.00000557038,38.0708948444164));
#13755=CARTESIAN_POINT('',(10258.0018191692,1639.00000557038,38.0708948444164));
#13756=CARTESIAN_POINT('',(10258.0018191692,1639.00000557038,-1674.56683147157));
#13757=CARTESIAN_POINT('',(10310.1161558975,1586.88227925412,-1674.56683147157));
#13758=CARTESIAN_POINT('',(10310.4576214395,1608.60901699838,-1674.56683147157));
#13759=CARTESIAN_POINT('',(10295.0931002578,1623.97453750961,-1674.56683147157));
#13760=CARTESIAN_POINT('',(10279.7285790761,1639.34005802084,-1674.56683147157));
#13761=CARTESIAN_POINT('',(10258.0018191692,1639.00000557038,-1674.56683147157));
#13762=CARTESIAN_POINT('',(10258.0018191692,1639.00000557038,38.0708948444164));
#13763=CARTESIAN_POINT('',(10279.7285790761,1639.34005802084,38.0708948444164));
#13764=CARTESIAN_POINT('',(10295.0931002578,1623.97453750961,38.0708948444164));
#13765=CARTESIAN_POINT('',(10310.4576214395,1608.60901699838,38.0708948444164));
#13766=CARTESIAN_POINT('',(10310.1161558975,1586.88227925412,38.0708948444164));
#13767=CARTESIAN_POINT('',(10310.1161558975,1586.88227925412,38.0708948444164));
#13768=CARTESIAN_POINT('',(10310.1161558975,1586.88227925412,-1674.56683147157));
#13769=CARTESIAN_POINT('',(10305.2449503645,1276.93766673409,-1674.56683147157));
#13770=CARTESIAN_POINT('',(10310.1161558975,1586.88227925412,-1674.56683147157));
#13771=CARTESIAN_POINT('',(10310.1161558975,1586.88227925412,38.0708948444164));
#13772=CARTESIAN_POINT('',(10305.2449503645,1276.93766673409,38.0708948444164));
#13773=CARTESIAN_POINT('',(10305.2449503645,1276.93766673409,38.0708948444164));
#13774=CARTESIAN_POINT('',(10305.2449503645,1276.93766673409,-1674.56683147157));
#13775=CARTESIAN_POINT('',(10252.2222191834,1226.45505727343,-1674.56683147157));
#13776=CARTESIAN_POINT('',(10273.7323412204,1225.73727757254,-1674.56683147157));
#13777=CARTESIAN_POINT('',(10289.3195420286,1240.57775359966,-1674.56683147157));
#13778=CARTESIAN_POINT('',(10304.9067428368,1255.41822962679,-1674.56683147157));
#13779=CARTESIAN_POINT('',(10305.2449503645,1276.93766673409,-1674.56683147157));
#13780=CARTESIAN_POINT('',(10305.2449503645,1276.93766673409,38.0708948444164));
#13781=CARTESIAN_POINT('',(10304.9067428368,1255.41822962679,38.0708948444164));
#13782=CARTESIAN_POINT('',(10289.3195420286,1240.57775359966,38.0708948444164));
#13783=CARTESIAN_POINT('',(10273.7323412204,1225.73727757254,38.0708948444164));
#13784=CARTESIAN_POINT('',(10252.2222191834,1226.45505727343,38.0708948444164));
#13785=CARTESIAN_POINT('',(10252.2222191834,1226.45505727343,38.0708948444164));
#13786=CARTESIAN_POINT('',(10252.2222191834,1226.45505727343,-1674.56683147157));
#13787=CARTESIAN_POINT('',(9928.02829406703,1237.27321154519,-1674.56683147157));
#13788=CARTESIAN_POINT('',(10252.2222191834,1226.45505727343,-1674.56683147157));
#13789=CARTESIAN_POINT('',(10252.2222191834,1226.45505727343,38.0708948444164));
#13790=CARTESIAN_POINT('',(9928.02829406703,1237.27321154519,38.0708948444164));
#13791=CARTESIAN_POINT('',(9928.02829406703,1237.27321154519,38.0708948444164));
#13792=CARTESIAN_POINT('',(9928.02829406703,1237.27321154519,-1674.56683147157));
#13793=CARTESIAN_POINT('',(9928.02829406703,1237.27321154519,-1674.56683147157));
#13794=CARTESIAN_POINT('',(9888.95996075767,1238.57689808629,-1674.56683147157));
#13795=CARTESIAN_POINT('',(9877.32507810884,1201.25848745673,-1674.56683147157));
#13796=CARTESIAN_POINT('',(9865.69019546001,1163.94007682718,-1674.56683147157));
#13797=CARTESIAN_POINT('',(9898.5771948968,1142.81001449378,-1674.56683147157));
#13798=CARTESIAN_POINT('',(9898.5771948968,1142.81001449378,38.0708948444164));
#13799=CARTESIAN_POINT('',(9865.69019546001,1163.94007682718,38.0708948444167));
#13800=CARTESIAN_POINT('',(9877.32507810884,1201.25848745673,38.0708948444164));
#13801=CARTESIAN_POINT('',(9888.95996075767,1238.57689808629,38.0708948444167));
#13802=CARTESIAN_POINT('',(9928.02829406703,1237.27321154519,38.0708948444164));
#13803=CARTESIAN_POINT('',(9898.5771948968,1142.81001449378,-1674.56683147157));
#13804=CARTESIAN_POINT('',(9898.5771948968,1142.81001449378,38.0708948444164));
#13805=CARTESIAN_POINT('',(10170.7684295901,967.925778954802,-1674.56683147157));
#13806=CARTESIAN_POINT('',(9898.5771948968,1142.81001449378,-1674.56683147157));
#13807=CARTESIAN_POINT('',(9898.5771948968,1142.81001449378,38.0708948444164));
#13808=CARTESIAN_POINT('',(10170.7684295901,967.925778954802,38.0708948444164));
#13809=CARTESIAN_POINT('',(10170.7684295901,967.925778954802,38.0708948444164));
#13810=CARTESIAN_POINT('',(10170.7684295901,967.925778954802,-1674.56683147157));
#13811=CARTESIAN_POINT('',(10148.4468539767,873.720850337581,-1674.56683147157));
#13812=CARTESIAN_POINT('',(10184.5848521048,877.557694517713,-1674.56683147157));
#13813=CARTESIAN_POINT('',(10192.963768698,912.919680303235,-1674.56683147157));
#13814=CARTESIAN_POINT('',(10201.3426852912,948.281666088757,-1674.56683147157));
#13815=CARTESIAN_POINT('',(10170.7684295901,967.925778954802,-1674.56683147157));
#13816=CARTESIAN_POINT('',(10170.7684295901,967.925778954802,38.0708948444164));
#13817=CARTESIAN_POINT('',(10201.3426852912,948.281666088757,38.0708948444165));
#13818=CARTESIAN_POINT('',(10192.963768698,912.919680303235,38.0708948444164));
#13819=CARTESIAN_POINT('',(10184.5848521048,877.557694517713,38.0708948444165));
#13820=CARTESIAN_POINT('',(10148.4468539767,873.720850337581,38.0708948444164));
#13821=CARTESIAN_POINT('',(10148.4468539767,873.720850337581,38.0708948444164));
#13822=CARTESIAN_POINT('',(10148.4468539767,873.720850337581,-1674.56683147157));
#13823=CARTESIAN_POINT('',(10031.0106723265,861.252413970303,-1674.56683147157));
#13824=CARTESIAN_POINT('',(10148.4468539767,873.720850337581,-1674.56683147157));
#13825=CARTESIAN_POINT('',(10148.4468539767,873.720850337581,38.0708948444164));
#13826=CARTESIAN_POINT('',(10031.0106723265,861.252413970303,38.0708948444164));
#13827=CARTESIAN_POINT('',(10031.0106723265,861.252413970303,38.0708948444164));
#13828=CARTESIAN_POINT('',(10031.0106723265,861.252413970303,-1674.56683147157));
#13829=CARTESIAN_POINT('',(10031.0106723265,861.252413970303,-1674.56683147157));
#13830=CARTESIAN_POINT('',(9989.90232520908,856.887857808855,-1674.56683147157));
#13831=CARTESIAN_POINT('',(9985.41443214837,815.792792787731,-1674.56683147157));
#13832=CARTESIAN_POINT('',(9985.41443214837,815.792792787731,38.0708948444164));
#13833=CARTESIAN_POINT('',(9989.90232520908,856.887857808855,38.0708948444163));
#13834=CARTESIAN_POINT('',(10031.0106723265,861.252413970303,38.0708948444164));
#13835=CARTESIAN_POINT('',(9985.41443214837,815.792792787731,-1674.56683147157));
#13836=CARTESIAN_POINT('',(9985.41443214837,815.792792787731,38.0708948444164));
#13837=CARTESIAN_POINT('',(9952.49651654178,514.367633160624,-1674.56683147157));
#13838=CARTESIAN_POINT('',(9985.41443214837,815.792792787731,-1674.56683147157));
#13839=CARTESIAN_POINT('',(9985.41443214837,815.792792787731,38.0708948444164));
#13840=CARTESIAN_POINT('',(9952.49651654178,514.367633160624,38.0708948444164));
#13841=CARTESIAN_POINT('',(9952.49651654178,514.367633160624,38.0708948444164));
#13842=CARTESIAN_POINT('',(9952.49651654178,514.367633160624,-1674.56683147157));
#13843=CARTESIAN_POINT('',(9952.49651654178,514.367633160624,-1674.56683147157));
#13844=CARTESIAN_POINT('',(9946.12808953627,456.052758377888,-1674.56683147157));
#13845=CARTESIAN_POINT('',(9984.15993271086,411.390017886577,-1674.56683147157));
#13846=CARTESIAN_POINT('',(10022.1917758854,366.727277395267,-1674.56683147157));
#13847=CARTESIAN_POINT('',(10080.7763323879,363.722078089683,-1674.56683147157));
#13848=CARTESIAN_POINT('',(10139.3608888903,360.7168787841,-1674.56683147157));
#13849=CARTESIAN_POINT('',(10181.7631907243,401.253606360811,-1674.56683147157));
#13850=CARTESIAN_POINT('',(10224.1654925583,441.790333937522,-1674.56683147157));
#13851=CARTESIAN_POINT('',(10223.7975224403,500.45076422441,-1674.56683147157));
#13852=CARTESIAN_POINT('',(10223.7975224403,500.45076422441,38.0708948444164));
#13853=CARTESIAN_POINT('',(10224.1654925583,441.790333937522,38.0708948444165));
#13854=CARTESIAN_POINT('',(10181.7631907243,401.253606360811,38.0708948444164));
#13855=CARTESIAN_POINT('',(10139.3608888903,360.7168787841,38.0708948444165));
#13856=CARTESIAN_POINT('',(10080.7763323879,363.722078089683,38.0708948444164));
#13857=CARTESIAN_POINT('',(10022.1917758855,366.727277395267,38.0708948444165));
#13858=CARTESIAN_POINT('',(9984.15993271086,411.390017886577,38.0708948444164));
#13859=CARTESIAN_POINT('',(9946.12808953627,456.052758377887,38.0708948444165));
#13860=CARTESIAN_POINT('',(9952.49651654178,514.367633160624,38.0708948444164));
#13861=CARTESIAN_POINT('',(10223.7975224403,500.45076422441,-1674.56683147157));
#13862=CARTESIAN_POINT('',(10223.7975224403,500.45076422441,38.0708948444164));
#13863=CARTESIAN_POINT('',(5632.30451546519,732.854329035402,196.502));
#13864=CARTESIAN_POINT('',(5632.30451546519,-556.998511952225,196.502));
#13865=CARTESIAN_POINT('',(7242.74452764503,-556.998499772383,196.502));
#13866=CARTESIAN_POINT('',(8853.18453982487,-556.99848759254,196.502));
#13867=CARTESIAN_POINT('',(8853.18451546519,732.854329035402,196.502));
#13868=CARTESIAN_POINT('',(8853.18451546519,1269.12231425555,196.502));
#13869=CARTESIAN_POINT('',(8853.18451546519,1805.3902994757,196.502));
#13870=CARTESIAN_POINT('',(9209.60451546519,1805.3902994757,196.502));
#13871=CARTESIAN_POINT('',(9566.02451546519,1805.3902994757,196.502));
#13872=CARTESIAN_POINT('',(9566.02451546519,1859.37200415967,196.502));
#13873=CARTESIAN_POINT('',(9566.02451546519,1913.35370884364,196.502));
#13874=CARTESIAN_POINT('',(9591.02451546519,1913.35370884364,196.502));
#13875=CARTESIAN_POINT('',(9616.02451546519,1913.35370884364,196.502));
#13876=CARTESIAN_POINT('',(9616.02451546519,741.245722238509,196.502));
#13877=CARTESIAN_POINT('',(9616.02451546519,-430.862264366624,196.502));
#13878=CARTESIAN_POINT('',(10142.4795154652,-430.862264366624,196.502));
#13879=CARTESIAN_POINT('',(10668.9345154652,-430.862264366624,196.502));
#13880=CARTESIAN_POINT('',(10668.9345154652,825.210510896075,196.502));
#13881=CARTESIAN_POINT('',(10668.9345154652,2081.28328615878,196.502));
#13882=CARTESIAN_POINT('',(10142.4795154652,2081.28328615878,196.502));
#13883=CARTESIAN_POINT('',(9616.02451546519,2081.28328615878,196.502));
#13884=CARTESIAN_POINT('',(9616.02451546519,2040.47141345347,196.502));
#13885=CARTESIAN_POINT('',(9616.02451546519,1999.65954074816,196.502));
#13886=CARTESIAN_POINT('',(9591.02451546519,1999.65954074816,196.502));
#13887=CARTESIAN_POINT('',(9566.02451546519,1999.65954074816,196.502));
#13888=CARTESIAN_POINT('',(9566.02451546519,2040.47141345347,196.502));
#13889=CARTESIAN_POINT('',(9566.02451546519,2081.28328615878,196.502));
#13890=CARTESIAN_POINT('',(9209.60451546519,2081.28328615878,196.502));
#13891=CARTESIAN_POINT('',(8853.18451546519,2081.28328615878,196.502));
#13892=CARTESIAN_POINT('',(7242.74451546519,2081.28328615878,196.502));
#13893=CARTESIAN_POINT('',(5632.30451546519,2081.28328615878,196.502));
#13894=CARTESIAN_POINT('',(5632.30451546519,2041.58262442788,196.502));
#13895=CARTESIAN_POINT('',(5632.30451546519,2001.88196269699,196.502));
#13896=CARTESIAN_POINT('',(5607.30451546519,2001.88196269699,196.502));
#13897=CARTESIAN_POINT('',(5582.30451546519,2001.88196269699,196.502));
#13898=CARTESIAN_POINT('',(5582.30451546519,2041.58262442788,196.502));
#13899=CARTESIAN_POINT('',(5582.30451546519,2081.28328615878,196.502));
#13900=CARTESIAN_POINT('',(5096.85951546519,2081.28328615878,196.502));
#13901=CARTESIAN_POINT('',(4611.41451546519,2081.28328615878,196.502));
#13902=CARTESIAN_POINT('',(3975.28451546519,2081.28328615878,196.502));
#13903=CARTESIAN_POINT('',(3339.15451546519,2081.28328615878,196.502));
#13904=CARTESIAN_POINT('',(3339.15451546519,2045.56777949985,196.502));
#13905=CARTESIAN_POINT('',(3339.15451546519,2009.85227284092,196.502));
#13906=CARTESIAN_POINT('',(3314.15451546519,2009.85227284092,196.502));
#13907=CARTESIAN_POINT('',(3289.15451546519,2009.85227284092,196.502));
#13908=CARTESIAN_POINT('',(3289.15451546519,2045.56777949985,196.502));
#13909=CARTESIAN_POINT('',(3289.15451546519,2081.28328615878,196.502));
#13910=CARTESIAN_POINT('',(2752.81151546519,2081.28328615878,196.502));
#13911=CARTESIAN_POINT('',(2216.46851546519,2081.28328615878,196.502));
#13912=CARTESIAN_POINT('',(2216.46851546519,825.210510896075,196.502));
#13913=CARTESIAN_POINT('',(2216.46851546519,-430.862264366624,196.502));
#13914=CARTESIAN_POINT('',(2752.81151546519,-430.862264366624,196.502));
#13915=CARTESIAN_POINT('',(3289.15451546519,-430.862264366624,196.502));
#13916=CARTESIAN_POINT('',(3289.15451546519,735.154295260227,196.502));
#13917=CARTESIAN_POINT('',(3289.15451546519,1901.17085488708,196.502));
#13918=CARTESIAN_POINT('',(3314.15451546519,1901.17085488708,196.502));
#13919=CARTESIAN_POINT('',(3339.15451546519,1901.17085488708,196.502));
#13920=CARTESIAN_POINT('',(3339.15451546519,1520.77755936475,196.502));
#13921=CARTESIAN_POINT('',(3339.15451546519,1140.38426384241,196.502));
#13922=CARTESIAN_POINT('',(3975.28451546519,1140.38426384241,196.502));
#13923=CARTESIAN_POINT('',(4611.41451546519,1140.38426384241,196.502));
#13924=CARTESIAN_POINT('',(4611.41451546519,1472.88728165906,196.502));
#13925=CARTESIAN_POINT('',(4611.41451546519,1805.3902994757,196.502));
#13926=CARTESIAN_POINT('',(5096.85951546519,1805.3902994757,196.502));
#13927=CARTESIAN_POINT('',(5582.30451546519,1805.3902994757,196.502));
#13928=CARTESIAN_POINT('',(5582.30451546519,1857.28670284132,196.502));
#13929=CARTESIAN_POINT('',(5582.30451546519,1909.18310620695,196.502));
#13930=CARTESIAN_POINT('',(5607.30451546519,1909.18310620695,196.502));
#13931=CARTESIAN_POINT('',(5632.30451546519,1909.18310620695,196.502));
#13932=CARTESIAN_POINT('',(5632.30451546519,1321.01871762118,196.502));
#13933=CARTESIAN_POINT('',(5632.30451546519,732.854329035402,196.502));
#13934=CARTESIAN_POINT('',(0.,0.,0.));
#13935=CARTESIAN_POINT('',(0.,0.,0.));
ENDSEC;
END-ISO-10303-21;
